4555,METHOD_REF,3,,ngx_conf_include,7,,23,ngx_conf_include,3,,char*
30609,METHOD_REF,3,,ngx_open_file_cache_rbtree_insert_value,21,,68,ngx_open_file_cache_rbtree_insert_value,3,,void
32210,METHOD_REF,2,,ngx_open_file_cache_remove,28,,986,ngx_open_file_cache_remove,2,,void
35529,METHOD_REF,2,,ngx_pool_cleanup_file,27,,349,ngx_pool_cleanup_file,2,,void
40333,METHOD_REF,2,,ngx_regex_malloc,19,,75,ngx_regex_malloc,2,,ANY
40336,METHOD_REF,2,,ngx_regex_free,17,,76,ngx_regex_free,2,,ANY
41406,METHOD_REF,3,,ngx_resolver_rbtree_insert_value,21,,161,ngx_resolver_rbtree_insert_value,3,,void
41416,METHOD_REF,3,,ngx_resolver_rbtree_insert_value,21,,164,ngx_resolver_rbtree_insert_value,3,,void
48409,METHOD_REF,2,,ngx_resolver_srv_names_handler,25,,2982,ngx_resolver_srv_names_handler,2,,void
76982,METHOD_REF,8,,ngx_select_process_events,9,,51,ngx_select_process_events,8,,ngx_int_t
78889,METHOD_REF,8,,ngx_select_process_events,9,,53,ngx_select_process_events,8,,ngx_int_t
80877,METHOD_REF,2,,ngx_timer_signal_handler,25,,681,ngx_timer_signal_handler,2,,void
83749,METHOD_REF,2,,ngx_event_acceptex,24,,171,ngx_event_acceptex,2,,void
84684,METHOD_REF,3,,ngx_iocp_wait_events,31,,76,ngx_iocp_wait_events,3,,void
86379,METHOD_REF,2,,ngx_ssl_rsa512_key_callback,44,,864,ngx_ssl_rsa512_key_callback,2,,RSA
87822,METHOD_REF,2,,ngx_ssl_recv,19,,1738,ngx_ssl_recv,2,,ssize_t
87827,METHOD_REF,2,,ngx_ssl_write,19,,1739,ngx_ssl_write,2,,ssize_t
87832,METHOD_REF,2,,ngx_ssl_recv_chain,25,,1740,ngx_ssl_recv_chain,2,,ssize_t
87837,METHOD_REF,2,,ngx_ssl_send_chain,25,,1741,ngx_ssl_send_chain,2,,ngx_chain_t
90886,METHOD_REF,3,,ngx_ssl_session_rbtree_insert_value,21,,3496,ngx_ssl_session_rbtree_insert_value,3,,void
99019,METHOD_REF,2,,ngx_delete_udp_connection,20,,558,ngx_delete_udp_connection,2,,void
99779,METHOD_REF,2,,ngx_http_access_handler,10,,460,ngx_http_access_handler,2,,ngx_int_t
100202,METHOD_REF,2,,ngx_http_addition_header_filter,34,,204,ngx_http_addition_header_filter,2,,ngx_int_t
100208,METHOD_REF,2,,ngx_http_addition_body_filter,32,,207,ngx_http_addition_body_filter,2,,ngx_int_t
101264,METHOD_REF,2,,ngx_http_auth_basic_handler,10,,393,ngx_http_auth_basic_handler,2,,ngx_int_t
102066,METHOD_REF,2,,ngx_http_auth_request_handler,10,,350,ngx_http_auth_request_handler,2,,ngx_int_t
102279,METHOD_REF,2,,ngx_http_auth_request_variable,26,,427,ngx_http_auth_request_variable,2,,ngx_int_t
103217,METHOD_REF,4,,ngx_http_autoindex_cmp_entries,19,,391,ngx_http_autoindex_cmp_entries,4,,ANY
105585,METHOD_REF,2,,ngx_http_autoindex_handler,10,,1069,ngx_http_autoindex_handler,2,,ngx_int_t
106580,METHOD_REF,4,,ngx_http_modern_browser_sort,19,,490,ngx_http_modern_browser_sort,4,,ANY
111916,METHOD_REF,2,,ngx_http_charset_header_filter,34,,1679,ngx_http_charset_header_filter,2,,ngx_int_t
111922,METHOD_REF,2,,ngx_http_charset_body_filter,32,,1682,ngx_http_charset_body_filter,2,,ngx_int_t
112875,METHOD_REF,2,,ngx_http_chunked_header_filter,34,,335,ngx_http_chunked_header_filter,2,,ngx_int_t
112881,METHOD_REF,2,,ngx_http_chunked_body_filter,32,,338,ngx_http_chunked_body_filter,2,,ngx_int_t
116052,METHOD_REF,2,,ngx_http_dav_handler,10,,1169,ngx_http_dav_handler,2,,ngx_int_t
116483,METHOD_REF,2,,ngx_http_degradation_handler,10,,240,ngx_http_degradation_handler,2,,ngx_int_t
116670,METHOD_REF,2,,ngx_http_empty_gif_handler,21,,137,ngx_http_empty_gif_handler,2,,ngx_int_t
120065,METHOD_REF,2,,ngx_http_fastcgi_body_output_filter,31,,1408,ngx_http_fastcgi_body_output_filter,2,,ngx_int_t
120382,METHOD_REF,2,,ngx_http_fastcgi_body_output_filter,39,,1509,ngx_http_fastcgi_body_output_filter,2,,ngx_int_t
120525,METHOD_REF,2,,ngx_http_fastcgi_body_output_filter,39,,1541,ngx_http_fastcgi_body_output_filter,2,,ngx_int_t
120735,METHOD_REF,2,,ngx_http_fastcgi_body_output_filter,43,,1616,ngx_http_fastcgi_body_output_filter,2,,ngx_int_t
125296,METHOD_REF,2,,ngx_http_fastcgi_handler,25,,3210,ngx_http_fastcgi_handler,2,,ngx_int_t
126368,METHOD_REF,2,,ngx_http_fastcgi_handler,21,,3623,ngx_http_fastcgi_handler,2,,ngx_int_t
127356,METHOD_REF,2,,ngx_http_flv_handler,21,,257,ngx_http_flv_handler,2,,ngx_int_t
128471,METHOD_REF,2,,ngx_http_geo_range_variable,28,,526,ngx_http_geo_range_variable,2,,ngx_int_t
128521,METHOD_REF,2,,ngx_http_geo_cidr_variable,28,,550,ngx_http_geo_cidr_variable,2,,ngx_int_t
137051,METHOD_REF,2,,ngx_http_grpc_body_output_filter,39,,1412,ngx_http_grpc_body_output_filter,2,,ngx_int_t
137413,METHOD_REF,2,,ngx_http_grpc_body_output_filter,46,,1528,ngx_http_grpc_body_output_filter,2,,ngx_int_t
144186,METHOD_REF,2,,ngx_http_grpc_body_output_filter,31,,4159,ngx_http_grpc_body_output_filter,2,,ngx_int_t
145089,METHOD_REF,2,,ngx_http_grpc_handler,25,,4530,ngx_http_grpc_handler,2,,ngx_int_t
145808,METHOD_REF,2,,ngx_http_grpc_handler,21,,4753,ngx_http_grpc_handler,2,,ngx_int_t
147761,METHOD_REF,2,,ngx_http_gunzip_header_filter,34,,681,ngx_http_gunzip_header_filter,2,,ngx_int_t
147767,METHOD_REF,2,,ngx_http_gunzip_body_filter,32,,684,ngx_http_gunzip_body_filter,2,,ngx_int_t
150545,METHOD_REF,2,,ngx_http_gzip_header_filter,34,,1118,ngx_http_gzip_header_filter,2,,ngx_int_t
150551,METHOD_REF,2,,ngx_http_gzip_body_filter,32,,1121,ngx_http_gzip_body_filter,2,,ngx_int_t
151424,METHOD_REF,2,,ngx_http_gzip_static_handler,10,,328,ngx_http_gzip_static_handler,2,,ngx_int_t
153204,METHOD_REF,2,,ngx_http_headers_filter,34,,712,ngx_http_headers_filter,2,,ngx_int_t
153210,METHOD_REF,2,,ngx_http_trailers_filter,32,,715,ngx_http_trailers_filter,2,,ngx_int_t
153484,METHOD_REF,2,,ngx_http_add_header,23,,824,ngx_http_add_header,2,,ngx_int_t
156561,METHOD_REF,2,,ngx_http_image_cleanup,20,,1076,ngx_http_image_cleanup,2,,void
158054,METHOD_REF,2,,ngx_http_image_header_filter,34,,1669,ngx_http_image_header_filter,2,,ngx_int_t
158060,METHOD_REF,2,,ngx_http_image_body_filter,32,,1672,ngx_http_image_body_filter,2,,ngx_int_t
159244,METHOD_REF,2,,ngx_http_index_handler,10,,455,ngx_http_index_handler,2,,ngx_int_t
160678,METHOD_REF,3,,ngx_http_limit_conn_rbtree_insert_value,21,,482,ngx_http_limit_conn_rbtree_insert_value,3,,void
161191,METHOD_REF,2,,ngx_http_limit_conn_init_zone,22,,655,ngx_http_limit_conn_init_zone,2,,ngx_int_t
161450,METHOD_REF,2,,ngx_http_limit_conn_handler,10,,755,ngx_http_limit_conn_handler,2,,ngx_int_t
162143,METHOD_REF,2,,ngx_http_limit_req_delay,30,,323,ngx_http_limit_req_delay,2,,void
163293,METHOD_REF,3,,ngx_http_limit_req_rbtree_insert_value,21,,744,ngx_http_limit_req_rbtree_insert_value,3,,void
163944,METHOD_REF,2,,ngx_http_limit_req_init_zone,22,,956,ngx_http_limit_req_init_zone,2,,ngx_int_t
164366,METHOD_REF,2,,ngx_http_limit_req_handler,10,,1099,ngx_http_limit_req_handler,2,,ngx_int_t
167777,METHOD_REF,2,,ngx_http_log_flush_handler,38,,1519,ngx_http_log_flush_handler,2,,void
167813,METHOD_REF,2,,ngx_http_log_flush,28,,1528,ngx_http_log_flush,2,,void
168455,METHOD_REF,2,,ngx_http_log_copy_short,31,,1726,ngx_http_log_copy_short,2,,u_char
168483,METHOD_REF,2,,ngx_http_log_copy_long,31,,1735,ngx_http_log_copy_long,2,,u_char
168930,METHOD_REF,2,,ngx_http_log_handler,10,,1906,ngx_http_log_handler,2,,ngx_int_t
169409,METHOD_REF,2,,ngx_http_map_variable,24,,235,ngx_http_map_variable,2,,ngx_int_t
169690,METHOD_REF,4,,ngx_http_map_cmp_dns_wildcards,43,,317,ngx_http_map_cmp_dns_wildcards,4,,ANY
169767,METHOD_REF,4,,ngx_http_map_cmp_dns_wildcards,43,,337,ngx_http_map_cmp_dns_wildcards,4,,ANY
172507,METHOD_REF,2,,ngx_http_memcached_handler,21,,722,ngx_http_memcached_handler,2,,ngx_int_t
172761,METHOD_REF,2,,ngx_http_mirror_body_handler,51,,120,ngx_http_mirror_body_handler,2,,void
173086,METHOD_REF,2,,ngx_http_mirror_handler,10,,261,ngx_http_mirror_handler,2,,ngx_int_t
190082,METHOD_REF,2,,ngx_http_mp4_handler,21,,3575,ngx_http_mp4_handler,2,,ngx_int_t
190817,METHOD_REF,2,,ngx_http_not_modified_header_filter,34,,263,ngx_http_not_modified_header_filter,2,,ngx_int_t
194645,METHOD_REF,2,,ngx_http_proxy_body_output_filter,35,,1735,ngx_http_proxy_body_output_filter,2,,ngx_int_t
194707,METHOD_REF,2,,ngx_http_proxy_body_output_filter,35,,1753,ngx_http_proxy_body_output_filter,2,,ngx_int_t
194799,METHOD_REF,2,,ngx_http_proxy_body_output_filter,35,,1776,ngx_http_proxy_body_output_filter,2,,ngx_int_t
194863,METHOD_REF,2,,ngx_http_proxy_body_output_filter,46,,1793,ngx_http_proxy_body_output_filter,2,,ngx_int_t
200340,METHOD_REF,2,,ngx_http_proxy_rewrite_complex_handler,27,,3788,ngx_http_proxy_rewrite_complex_handler,2,,ngx_int_t
200634,METHOD_REF,2,,ngx_http_proxy_handler,25,,3862,ngx_http_proxy_handler,2,,ngx_int_t
201424,METHOD_REF,2,,ngx_http_proxy_handler,21,,4120,ngx_http_proxy_handler,2,,ngx_int_t
201910,METHOD_REF,2,,ngx_http_proxy_rewrite_complex_handler,23,,4289,ngx_http_proxy_rewrite_complex_handler,2,,ngx_int_t
202158,METHOD_REF,2,,ngx_http_proxy_rewrite_complex_handler,23,,4349,ngx_http_proxy_rewrite_complex_handler,2,,ngx_int_t
202416,METHOD_REF,2,,ngx_http_proxy_rewrite_domain_handler,23,,4437,ngx_http_proxy_rewrite_domain_handler,2,,ngx_int_t
202713,METHOD_REF,2,,ngx_http_proxy_rewrite_complex_handler,23,,4534,ngx_http_proxy_rewrite_complex_handler,2,,ngx_int_t
204102,METHOD_REF,2,,ngx_http_random_index_handler,10,,314,ngx_http_random_index_handler,2,,ngx_int_t
206602,METHOD_REF,2,,ngx_http_range_header_filter,34,,955,ngx_http_range_header_filter,2,,ngx_int_t
206615,METHOD_REF,2,,ngx_http_range_body_filter,32,,965,ngx_http_range_body_filter,2,,ngx_int_t
207848,METHOD_REF,2,,ngx_http_realip_handler,10,,532,ngx_http_realip_handler,2,,ngx_int_t
207870,METHOD_REF,2,,ngx_http_realip_handler,10,,539,ngx_http_realip_handler,2,,ngx_int_t
207919,METHOD_REF,2,,ngx_http_realip_cleanup,33,,561,ngx_http_realip_cleanup,2,,void
208522,METHOD_REF,2,,ngx_http_referer_variable,24,,281,ngx_http_referer_variable,2,,ngx_int_t
208870,METHOD_REF,4,,ngx_http_cmp_referer_wildcards,19,,416,ngx_http_cmp_referer_wildcards,4,,ANY
208945,METHOD_REF,4,,ngx_http_cmp_referer_wildcards,19,,436,ngx_http_cmp_referer_wildcards,4,,ANY
210025,METHOD_REF,2,,ngx_http_rewrite_handler,10,,284,ngx_http_rewrite_handler,2,,ngx_int_t
210047,METHOD_REF,2,,ngx_http_rewrite_handler,10,,291,ngx_http_rewrite_handler,2,,ngx_int_t
212133,METHOD_REF,2,,ngx_http_rewrite_var,26,,929,ngx_http_rewrite_var,2,,ngx_int_t
216451,METHOD_REF,2,,ngx_http_scgi_handler,25,,1605,ngx_http_scgi_handler,2,,ngx_int_t
217275,METHOD_REF,2,,ngx_http_scgi_handler,21,,1872,ngx_http_scgi_handler,2,,ngx_int_t
218381,METHOD_REF,2,,ngx_http_secure_link_variable,24,,356,ngx_http_secure_link_variable,2,,ngx_int_t
218400,METHOD_REF,2,,ngx_http_secure_link_expires_variable,24,,363,ngx_http_secure_link_expires_variable,2,,ngx_int_t
219938,METHOD_REF,2,,ngx_http_slice_range_variable,24,,534,ngx_http_slice_range_variable,2,,ngx_int_t
219951,METHOD_REF,2,,ngx_http_slice_header_filter,34,,544,ngx_http_slice_header_filter,2,,ngx_int_t
219957,METHOD_REF,2,,ngx_http_slice_body_filter,32,,547,ngx_http_slice_body_filter,2,,ngx_int_t
220273,METHOD_REF,2,,ngx_http_split_clients_variable,24,,156,ngx_http_split_clients_variable,2,,ngx_int_t
228638,METHOD_REF,2,,ngx_http_ssi_header_filter,34,,2927,ngx_http_ssi_header_filter,2,,ngx_int_t
228644,METHOD_REF,2,,ngx_http_ssi_body_filter,32,,2930,ngx_http_ssi_body_filter,2,,ngx_int_t
232862,METHOD_REF,2,,ngx_http_static_handler,10,,296,ngx_http_static_handler,2,,ngx_int_t
233395,METHOD_REF,2,,ngx_http_stub_status_handler,21,,223,ngx_http_stub_status_handler,2,,ngx_int_t
236451,METHOD_REF,2,,ngx_http_sub_header_filter,34,,1012,ngx_http_sub_header_filter,2,,ngx_int_t
236457,METHOD_REF,2,,ngx_http_sub_body_filter,32,,1015,ngx_http_sub_body_filter,2,,ngx_int_t
237639,METHOD_REF,2,,ngx_http_try_files_handler,10,,401,ngx_http_try_files_handler,2,,ngx_int_t
239529,METHOD_REF,2,,ngx_http_upstream_init_hash,36,,674,ngx_http_upstream_init_hash,2,,ngx_int_t
239549,METHOD_REF,2,,ngx_http_upstream_init_chash,36,,677,ngx_http_upstream_init_chash,2,,ngx_int_t
240199,METHOD_REF,2,,ngx_http_upstream_init_ip_hash,32,,268,ngx_http_upstream_init_ip_hash,2,,ngx_int_t
241399,METHOD_REF,2,,ngx_http_upstream_init_keepalive,32,,573,ngx_http_upstream_init_keepalive,2,,ngx_int_t
242129,METHOD_REF,2,,ngx_http_upstream_init_least_conn,32,,303,ngx_http_upstream_init_least_conn,2,,ngx_int_t
243181,METHOD_REF,2,,ngx_http_upstream_init_random,32,,467,ngx_http_upstream_init_random,2,,ngx_int_t
245988,METHOD_REF,2,,ngx_http_userid_got_variable,24,,690,ngx_http_userid_got_variable,2,,ngx_int_t
246007,METHOD_REF,2,,ngx_http_userid_set_variable,24,,697,ngx_http_userid_set_variable,2,,ngx_int_t
246026,METHOD_REF,2,,ngx_http_userid_reset_variable,24,,705,ngx_http_userid_reset_variable,2,,ngx_int_t
246219,METHOD_REF,2,,ngx_http_userid_filter,34,,783,ngx_http_userid_filter,2,,ngx_int_t
251020,METHOD_REF,2,,ngx_http_uwsgi_handler,25,,1888,ngx_http_uwsgi_handler,2,,ngx_int_t
251851,METHOD_REF,2,,ngx_http_uwsgi_handler,21,,2159,ngx_http_uwsgi_handler,2,,ngx_int_t
252908,METHOD_REF,2,,ngx_http_xslt_cleanup,20,,359,ngx_http_xslt_cleanup,2,,void
252998,METHOD_REF,2,,ngx_http_xslt_sax_error,28,,389,ngx_http_xslt_sax_error,2,,ANY
253005,METHOD_REF,2,,ngx_http_xslt_sax_error,33,,390,ngx_http_xslt_sax_error,2,,ANY
254262,METHOD_REF,2,,ngx_http_xslt_cleanup_dtd,20,,859,ngx_http_xslt_cleanup_dtd,2,,void
254487,METHOD_REF,2,,ngx_http_xslt_cleanup_stylesheet,20,,934,ngx_http_xslt_cleanup_stylesheet,2,,void
254965,METHOD_REF,2,,ngx_http_xslt_header_filter,34,,1143,ngx_http_xslt_header_filter,2,,ngx_int_t
254971,METHOD_REF,2,,ngx_http_xslt_body_filter,32,,1146,ngx_http_xslt_body_filter,2,,ngx_int_t
255957,METHOD_REF,2,,ngx_http_perl_xs_init,26,,632,ngx_http_perl_xs_init,2,,void
256287,METHOD_REF,2,,ngx_http_perl_handler,21,,1011,ngx_http_perl_handler,2,,ngx_int_t
256487,METHOD_REF,2,,ngx_http_perl_variable,22,,1082,ngx_http_perl_variable,2,,ngx_int_t
260418,METHOD_REF,4,,ngx_http_cmp_dns_wildcards,43,,1545,ngx_http_cmp_dns_wildcards,4,,ANY
260480,METHOD_REF,4,,ngx_http_cmp_dns_wildcards,43,,1563,ngx_http_cmp_dns_wildcards,4,,ANY
262617,METHOD_REF,2,,ngx_http_copy_filter,32,,376,ngx_http_copy_filter,2,,ngx_int_t
264314,METHOD_REF,2,,ngx_http_core_run_phases,30,,857,ngx_http_core_run_phases,2,,void
267857,METHOD_REF,2,,ngx_http_handler,31,,2423,ngx_http_handler,2,,void
268094,METHOD_REF,2,,ngx_http_core_run_phases,35,,2481,ngx_http_core_run_phases,2,,void
268427,METHOD_REF,2,,ngx_http_core_run_phases,38,,2613,ngx_http_core_run_phases,2,,void
275320,METHOD_REF,3,,ngx_http_file_cache_rbtree_insert_value,21,,145,ngx_http_file_cache_rbtree_insert_value,3,,void
282629,METHOD_REF,2,,ngx_http_file_cache_manager,28,,2614,ngx_http_file_cache_manager,2,,ngx_msec_t
282636,METHOD_REF,2,,ngx_http_file_cache_loader,27,,2615,ngx_http_file_cache_loader,2,,void
282755,METHOD_REF,2,,ngx_http_file_cache_init,29,,2642,ngx_http_file_cache_init,2,,ngx_int_t
284916,METHOD_REF,2,,ngx_http_header_filter,34,,627,ngx_http_header_filter,2,,ngx_int_t
291219,METHOD_REF,2,,ngx_http_postpone_filter,32,,256,ngx_http_postpone_filter,2,,ngx_int_t
291802,METHOD_REF,2,,ngx_http_wait_request_handler,20,,325,ngx_http_wait_request_handler,2,,void
291809,METHOD_REF,2,,ngx_http_empty_handler,25,,326,ngx_http_empty_handler,2,,void
292201,METHOD_REF,2,,ngx_http_process_request_line,20,,502,ngx_http_process_request_line,2,,void
292361,METHOD_REF,2,,ngx_http_block_reading,29,,574,ngx_http_block_reading,2,,void
295482,METHOD_REF,2,,ngx_http_block_reading,29,,2122,ngx_http_block_reading,2,,void
296223,METHOD_REF,2,,ngx_http_request_handler,28,,2548,ngx_http_request_handler,2,,void
296230,METHOD_REF,2,,ngx_http_request_handler,29,,2549,ngx_http_request_handler,2,,void
296485,METHOD_REF,2,,ngx_http_block_reading,29,,2645,ngx_http_block_reading,2,,void
296490,METHOD_REF,2,,ngx_http_request_empty_handler,30,,2646,ngx_http_request_empty_handler,2,,void
296894,METHOD_REF,3,,ngx_http_test_reading,33,,2806,ngx_http_test_reading,3,,void
297144,METHOD_REF,2,,ngx_http_request_empty_handler,30,,2896,ngx_http_request_empty_handler,2,,void
297535,METHOD_REF,2,,ngx_http_empty_handler,20,,3136,ngx_http_empty_handler,2,,void
297602,METHOD_REF,2,,ngx_http_process_request_line,24,,3161,ngx_http_process_request_line,2,,void
297759,METHOD_REF,2,,ngx_http_keepalive_handler,20,,3224,ngx_http_keepalive_handler,2,,void
298104,METHOD_REF,2,,ngx_http_process_request_line,20,,3396,ngx_http_process_request_line,2,,void
298175,METHOD_REF,2,,ngx_http_empty_handler,20,,3445,ngx_http_empty_handler,2,,void
298551,METHOD_REF,2,,ngx_http_block_reading,29,,3608,ngx_http_block_reading,2,,void
301206,METHOD_REF,2,,ngx_http_discarded_request_body_handler,29,,630,ngx_http_discarded_request_body_handler,2,,void
302014,METHOD_REF,2,,ngx_http_read_client_request_body,35,,968,ngx_http_read_client_request_body,2,,ngx_int_t
302159,METHOD_REF,2,,ngx_http_read_client_request_body,46,,995,ngx_http_read_client_request_body,2,,ngx_int_t
302544,METHOD_REF,2,,ngx_http_read_client_request_body,43,,1104,ngx_http_read_client_request_body,2,,ngx_int_t
302802,METHOD_REF,2,,ngx_http_read_client_request_body,46,,1179,ngx_http_read_client_request_body,2,,ngx_int_t
305276,METHOD_REF,2,,ngx_http_script_copy_len_code,50,,826,ngx_http_script_copy_len_code,2,,size_t
305322,METHOD_REF,2,,ngx_http_script_copy_code,18,,837,ngx_http_script_copy_code,2,,void
305529,METHOD_REF,2,,ngx_http_script_copy_var_len_code,46,,916,ngx_http_script_copy_var_len_code,2,,size_t
305561,METHOD_REF,2,,ngx_http_script_copy_var_code,18,,926,ngx_http_script_copy_var_code,2,,void
305752,METHOD_REF,2,,ngx_http_script_mark_args_code,25,,1000,ngx_http_script_mark_args_code,2,,size_t
305778,METHOD_REF,2,,ngx_http_script_start_args_code,25,,1007,ngx_http_script_start_args_code,2,,void
310817,METHOD_REF,2,,ngx_http_upstream_resolve_handler,24,,770,ngx_http_upstream_resolve_handler,2,,void
311632,METHOD_REF,2,,ngx_http_upstream_handler,25,,1570,ngx_http_upstream_handler,2,,void
311639,METHOD_REF,2,,ngx_http_upstream_handler,24,,1571,ngx_http_upstream_handler,2,,void
312821,METHOD_REF,2,,ngx_http_upstream_rd_check_broken_connection,35,,2276,ngx_http_upstream_rd_check_broken_connection,2,,void
314420,METHOD_REF,2,,ngx_http_upstream_non_buffered_filter_init,36,,3031,ngx_http_upstream_non_buffered_filter_init,2,,ngx_int_t
314425,METHOD_REF,2,,ngx_http_upstream_non_buffered_filter,31,,3032,ngx_http_upstream_non_buffered_filter,2,,ngx_int_t
323156,METHOD_REF,2,,ngx_http_upstream_init_round_robin_peer,21,,40,ngx_http_upstream_init_round_robin_peer,2,,ngx_int_t
324320,METHOD_REF,2,,ngx_http_upstream_get_round_robin_peer,29,,297,ngx_http_upstream_get_round_robin_peer,2,,ngx_int_t
324329,METHOD_REF,2,,ngx_http_upstream_free_round_robin_peer,30,,298,ngx_http_upstream_free_round_robin_peer,2,,void
324832,METHOD_REF,2,,ngx_http_upstream_get_round_robin_peer,29,,418,ngx_http_upstream_get_round_robin_peer,2,,ngx_int_t
324841,METHOD_REF,2,,ngx_http_upstream_free_round_robin_peer,30,,419,ngx_http_upstream_free_round_robin_peer,2,,void
333902,METHOD_REF,2,,ngx_http_write_filter,32,,364,ngx_http_write_filter,2,,ngx_int_t
334714,METHOD_REF,2,,ngx_http_v2_write_handler,25,,327,ngx_http_v2_write_handler,2,,void
335645,METHOD_REF,2,,ngx_http_v2_idle_handler,24,,705,ngx_http_v2_idle_handler,2,,void
336007,METHOD_REF,4,,ngx_http_v2_state_preface,54,,877,ngx_http_v2_state_preface,4,,u_char
336071,METHOD_REF,4,,ngx_http_v2_state_preface_end,39,,899,ngx_http_v2_state_preface_end,4,,u_char
336138,METHOD_REF,4,,ngx_http_v2_state_head,54,,923,ngx_http_v2_state_head,4,,u_char
336299,METHOD_REF,4,,ngx_http_v2_state_data,43,,972,ngx_http_v2_state_data,4,,u_char
336909,METHOD_REF,4,,ngx_http_v2_state_read_data,39,,1182,ngx_http_v2_state_read_data,4,,u_char
337067,METHOD_REF,4,,ngx_http_v2_state_headers,39,,1243,ngx_http_v2_state_headers,4,,u_char
337636,METHOD_REF,4,,ngx_http_v2_state_header_block,47,,1406,ngx_http_v2_state_header_block,4,,u_char
337660,METHOD_REF,4,,ngx_http_v2_state_header_block,48,,1413,ngx_http_v2_state_header_block,4,,u_char
337763,METHOD_REF,4,,ngx_http_v2_state_header_block,48,,1450,ngx_http_v2_state_header_block,4,,u_char
337920,METHOD_REF,4,,ngx_http_v2_state_field_len,48,,1509,ngx_http_v2_state_field_len,4,,u_char
337957,METHOD_REF,4,,ngx_http_v2_state_field_len,47,,1521,ngx_http_v2_state_field_len,4,,u_char
337988,METHOD_REF,4,,ngx_http_v2_state_field_len,51,,1530,ngx_http_v2_state_field_len,4,,u_char
338307,METHOD_REF,4,,ngx_http_v2_state_field_huff,47,,1623,ngx_http_v2_state_field_huff,4,,u_char
338337,METHOD_REF,4,,ngx_http_v2_state_field_huff,44,,1634,ngx_http_v2_state_field_huff,4,,u_char
338448,METHOD_REF,4,,ngx_http_v2_state_field_raw,47,,1668,ngx_http_v2_state_field_raw,4,,u_char
338478,METHOD_REF,4,,ngx_http_v2_state_field_raw,44,,1679,ngx_http_v2_state_field_raw,4,,u_char
338567,METHOD_REF,4,,ngx_http_v2_state_field_skip,39,,1710,ngx_http_v2_state_field_skip,4,,u_char
338597,METHOD_REF,4,,ngx_http_v2_state_field_skip,44,,1721,ngx_http_v2_state_field_skip,4,,u_char
339189,METHOD_REF,2,,ngx_http_v2_state_header_block,34,,1900,ngx_http_v2_state_header_block,2,,u_char
339197,METHOD_REF,4,,ngx_http_v2_state_header_block,47,,1905,ngx_http_v2_state_header_block,4,,u_char
339213,METHOD_REF,4,,ngx_http_v2_state_header_complete,46,,1910,ngx_http_v2_state_header_complete,4,,u_char
339547,METHOD_REF,4,,ngx_http_v2_state_priority,39,,2020,ngx_http_v2_state_priority,4,,u_char
339771,METHOD_REF,4,,ngx_http_v2_state_rst_stream,39,,2096,ngx_http_v2_state_rst_stream,4,,u_char
340119,METHOD_REF,4,,ngx_http_v2_state_settings_params,43,,2218,ngx_http_v2_state_settings_params,4,,u_char
340420,METHOD_REF,4,,ngx_http_v2_state_ping,54,,2342,ngx_http_v2_state_ping,4,,u_char
340570,METHOD_REF,4,,ngx_http_v2_state_goaway,54,,2393,ngx_http_v2_state_goaway,4,,u_char
340655,METHOD_REF,4,,ngx_http_v2_state_window_update,39,,2440,ngx_http_v2_state_window_update,4,,u_char
341023,METHOD_REF,2,,ngx_http_v2_state_head,26,,2575,ngx_http_v2_state_head,2,,u_char
341105,METHOD_REF,4,,ngx_http_v2_state_skip,54,,2604,ngx_http_v2_state_skip,4,,u_char
345857,METHOD_REF,2,,ngx_http_v2_filter_request_body,31,,4307,ngx_http_v2_filter_request_body,2,,ngx_int_t
345887,METHOD_REF,2,,ngx_http_v2_filter_request_body,46,,4315,ngx_http_v2_filter_request_body,2,,ngx_int_t
346589,METHOD_REF,2,,ngx_http_v2_handle_connection_handler,19,,4590,ngx_http_v2_handle_connection_handler,2,,void
346712,METHOD_REF,2,,ngx_http_v2_read_handler,20,,4653,ngx_http_v2_read_handler,2,,void
346865,METHOD_REF,2,,ngx_http_v2_write_handler,25,,4729,ngx_http_v2_write_handler,2,,void
346870,METHOD_REF,2,,ngx_http_v2_read_handler,20,,4731,ngx_http_v2_read_handler,2,,void
353024,METHOD_REF,2,,ngx_http_v2_filter_get_shadow,35,,1651,ngx_http_v2_filter_get_shadow,2,,ngx_chain_t
353982,METHOD_REF,2,,ngx_http_v2_filter_get_shadow,46,,1980,ngx_http_v2_filter_get_shadow,2,,ngx_chain_t
354072,METHOD_REF,2,,ngx_http_v2_filter_get_shadow,46,,2008,ngx_http_v2_filter_get_shadow,2,,ngx_chain_t
354331,METHOD_REF,2,,ngx_http_v2_header_filter,34,,2173,ngx_http_v2_header_filter,2,,ngx_int_t
381723,METHOD_REF,2,,ngx_mail_auth_http_write_handler,44,,221,ngx_mail_auth_http_write_handler,2,,void
381728,METHOD_REF,2,,ngx_mail_auth_http_ignore_status_line,20,,223,ngx_mail_auth_http_ignore_status_line,2,,void
382269,METHOD_REF,2,,ngx_mail_auth_http_process_headers,20,,457,ngx_mail_auth_http_process_headers,2,,void
387630,METHOD_REF,2,,ngx_mail_log_error,23,,163,ngx_mail_log_error,2,,u_char
387676,METHOD_REF,2,,ngx_mail_proxy_protocol_handler,24,,175,ngx_mail_proxy_protocol_handler,2,,void
387955,METHOD_REF,2,,ngx_mail_send,25,,474,ngx_mail_send,2,,void
389410,METHOD_REF,2,,ngx_mail_imap_init_protocol,24,,45,ngx_mail_imap_init_protocol,2,,void
389540,METHOD_REF,2,,ngx_mail_imap_auth_state,24,,95,ngx_mail_imap_auth_state,2,,void
394140,METHOD_REF,2,,ngx_mail_pop3_init_protocol,24,,66,ngx_mail_pop3_init_protocol,2,,void
394262,METHOD_REF,2,,ngx_mail_pop3_auth_state,24,,113,ngx_mail_pop3_auth_state,2,,void
400962,METHOD_REF,2,,ngx_mail_smtp_resolve_addr_handler,20,,88,ngx_mail_smtp_resolve_addr_handler,2,,void
401184,METHOD_REF,2,,ngx_mail_smtp_resolve_name_handler,20,,172,ngx_mail_smtp_resolve_name_handler,2,,void
401377,METHOD_REF,2,,ngx_mail_smtp_resolve_addr_handler,33,,265,ngx_mail_smtp_resolve_addr_handler,2,,void
401388,METHOD_REF,2,,ngx_mail_smtp_resolve_name_handler,40,,268,ngx_mail_smtp_resolve_name_handler,2,,void
401489,METHOD_REF,2,,ngx_mail_smtp_init_protocol,24,,309,ngx_mail_smtp_init_protocol,2,,void
401555,METHOD_REF,2,,ngx_mail_smtp_init_protocol,28,,338,ngx_mail_smtp_init_protocol,2,,void
401705,METHOD_REF,2,,ngx_mail_smtp_auth_state,24,,402,ngx_mail_smtp_auth_state,2,,void
414675,METHOD_REF,2,,ngx_worker_process_cycle,34,,344,ngx_worker_process_cycle,2,,void
414751,METHOD_REF,2,,ngx_cache_manager_process_cycle,30,,377,ngx_cache_manager_process_cycle,2,,void
414769,METHOD_REF,2,,ngx_cache_manager_process_cycle,30,,387,ngx_cache_manager_process_cycle,2,,void
426452,METHOD_REF,2,,service_main,16,,14,service_main,2,,void
426486,METHOD_REF,2,,service_handler,53,,44,service_handler,2,,u_int
432730,METHOD_REF,2,,ngx_stream_access_handler,10,,450,ngx_stream_access_handler,2,,ngx_int_t
435816,METHOD_REF,2,,ngx_stream_geo_range_variable,28,,493,ngx_stream_geo_range_variable,2,,ngx_int_t
435866,METHOD_REF,2,,ngx_stream_geo_cidr_variable,28,,517,ngx_stream_geo_cidr_variable,2,,ngx_int_t
440795,METHOD_REF,2,,ngx_stream_session_handler,20,,177,ngx_stream_session_handler,2,,void
440812,METHOD_REF,2,,ngx_stream_proxy_protocol_handler,24,,182,ngx_stream_proxy_protocol_handler,2,,void
442350,METHOD_REF,3,,ngx_stream_limit_conn_rbtree_insert_value,21,,464,ngx_stream_limit_conn_rbtree_insert_value,3,,void
442844,METHOD_REF,2,,ngx_stream_limit_conn_init_zone,22,,634,ngx_stream_limit_conn_init_zone,2,,ngx_int_t
443103,METHOD_REF,2,,ngx_stream_limit_conn_handler,10,,734,ngx_stream_limit_conn_handler,2,,ngx_int_t
445806,METHOD_REF,2,,ngx_stream_log_flush_handler,38,,1248,ngx_stream_log_flush_handler,2,,void
445842,METHOD_REF,2,,ngx_stream_log_flush,28,,1257,ngx_stream_log_flush,2,,void
446418,METHOD_REF,2,,ngx_stream_log_copy_short,31,,1439,ngx_stream_log_copy_short,2,,u_char
446446,METHOD_REF,2,,ngx_stream_log_copy_long,31,,1448,ngx_stream_log_copy_long,2,,u_char
446826,METHOD_REF,2,,ngx_stream_log_handler,10,,1593,ngx_stream_log_handler,2,,ngx_int_t
447303,METHOD_REF,2,,ngx_stream_map_variable,24,,233,ngx_stream_map_variable,2,,ngx_int_t
447584,METHOD_REF,4,,ngx_stream_map_cmp_dns_wildcards,43,,316,ngx_stream_map_cmp_dns_wildcards,4,,ANY
447661,METHOD_REF,4,,ngx_stream_map_cmp_dns_wildcards,43,,336,ngx_stream_map_cmp_dns_wildcards,4,,ANY
449215,METHOD_REF,2,,ngx_stream_proxy_resolve_handler,24,,539,ngx_stream_proxy_resolve_handler,2,,void
452555,METHOD_REF,2,,ngx_stream_proxy_handler,21,,2278,ngx_stream_proxy_handler,2,,void
453649,METHOD_REF,2,,ngx_stream_realip_handler,10,,345,ngx_stream_realip_handler,2,,ngx_int_t
454247,METHOD_REF,2,,ngx_stream_return_handler,21,,215,ngx_stream_return_handler,2,,void
456212,METHOD_REF,2,,ngx_stream_script_copy_len_code,48,,690,ngx_stream_script_copy_len_code,2,,size_t
456258,METHOD_REF,2,,ngx_stream_script_copy_code,18,,701,ngx_stream_script_copy_code,2,,void
456465,METHOD_REF,2,,ngx_stream_script_copy_var_len_code,44,,781,ngx_stream_script_copy_var_len_code,2,,size_t
456497,METHOD_REF,2,,ngx_stream_script_copy_var_code,18,,791,ngx_stream_script_copy_var_code,2,,void
457363,METHOD_REF,2,,ngx_stream_set_handler,10,,134,ngx_stream_set_handler,2,,ngx_int_t
457490,METHOD_REF,2,,ngx_stream_set_var,26,,194,ngx_stream_set_var,2,,ngx_int_t
457898,METHOD_REF,2,,ngx_stream_split_clients_variable,24,,154,ngx_stream_split_clients_variable,2,,ngx_int_t
460690,METHOD_REF,2,,ngx_stream_ssl_handler,10,,1083,ngx_stream_ssl_handler,2,,ngx_int_t
462345,METHOD_REF,2,,ngx_stream_ssl_preread_handler,10,,661,ngx_stream_ssl_preread_handler,2,,ngx_int_t
466291,METHOD_REF,2,,ngx_stream_upstream_init_hash,36,,673,ngx_stream_upstream_init_hash,2,,ngx_int_t
466311,METHOD_REF,2,,ngx_stream_upstream_init_chash,36,,676,ngx_stream_upstream_init_chash,2,,ngx_int_t
467047,METHOD_REF,2,,ngx_stream_upstream_init_least_conn,32,,299,ngx_stream_upstream_init_least_conn,2,,ngx_int_t
468099,METHOD_REF,2,,ngx_stream_upstream_init_random,32,,467,ngx_stream_upstream_init_random,2,,ngx_int_t
468243,METHOD_REF,2,,ngx_stream_upstream_init_round_robin_peer,21,,46,ngx_stream_upstream_init_round_robin_peer,2,,ngx_int_t
469411,METHOD_REF,2,,ngx_stream_upstream_get_round_robin_peer,29,,304,ngx_stream_upstream_get_round_robin_peer,2,,ngx_int_t
469420,METHOD_REF,2,,ngx_stream_upstream_free_round_robin_peer,30,,305,ngx_stream_upstream_free_round_robin_peer,2,,void
469935,METHOD_REF,2,,ngx_stream_upstream_get_round_robin_peer,29,,428,ngx_stream_upstream_get_round_robin_peer,2,,ngx_int_t
469944,METHOD_REF,2,,ngx_stream_upstream_free_round_robin_peer,30,,429,ngx_stream_upstream_free_round_robin_peer,2,,void
475815,METHOD_REF,2,,ngx_stream_write_filter,29,,303,ngx_stream_write_filter,2,,ngx_int_t
