116,METHOD_RETURN,RET,1,,BY_VALUE,55,3,,void
225,METHOD_RETURN,RET,1,,BY_VALUE,70,5,,item
326,METHOD_RETURN,RET,1,,BY_VALUE,99,5,,item
401,METHOD_RETURN,RET,1,,BY_VALUE,118,3,,void
441,METHOD_RETURN,RET,1,,BY_VALUE,139,3,,void
519,METHOD_RETURN,RET,1,,BY_VALUE,149,4,,int
560,METHOD_RETURN,RET,1,,BY_VALUE,168,5,,void
780,METHOD_RETURN,RET,1,,BY_VALUE,193,3,,void*
832,METHOD_RETURN,RET,1,,BY_VALUE,264,2,,int
859,METHOD_RETURN,RET,1,,BY_VALUE,282,2,,void
892,METHOD_RETURN,RET,1,,BY_VALUE,299,3,,void*
1038,METHOD_RETURN,RET,1,,BY_VALUE,309,4,,bool
1067,METHOD_RETURN,RET,1,,BY_VALUE,353,3,,void
1069,METHOD_RETURN,RET,1,,BY_VALUE,1,2,,ANY
1077,METHOD_RETURN,RET,6,,BY_VALUE,2,3,,void
1084,METHOD_RETURN,RET,6,,BY_VALUE,3,5,,item*
1090,METHOD_RETURN,RET,5,,BY_VALUE,4,4,,int
1097,METHOD_RETURN,RET,6,,BY_VALUE,5,5,,void
1102,METHOD_RETURN,RET,6,,BY_VALUE,6,3,,void
1107,METHOD_RETURN,RET,5,,BY_VALUE,7,3,,int
1112,METHOD_RETURN,RET,6,,BY_VALUE,8,3,,void
1117,METHOD_RETURN,RET,6,,BY_VALUE,9,3,,void
1122,METHOD_RETURN,RET,6,,BY_VALUE,11,3,,void*
1128,METHOD_RETURN,RET,6,,BY_VALUE,12,4,,bool
1133,METHOD_RETURN,RET,6,,BY_VALUE,13,3,,void
1137,METHOD_RETURN,RET,1,,BY_VALUE,1,2,,ANY
1419,METHOD_RETURN,RET,1,,BY_VALUE,31,3,,enum authfile_ret
1489,METHOD_RETURN,RET,1,,BY_VALUE,112,4,,int
1491,METHOD_RETURN,RET,1,,BY_VALUE,1,2,,ANY
1508,METHOD_RETURN,RET,,,BY_VALUE,,3,,ANY
1515,METHOD_RETURN,RET,5,,BY_VALUE,14,4,,int
1517,METHOD_RETURN,RET,1,,BY_VALUE,1,2,,ANY
2006,METHOD_RETURN,RET,1,,BY_VALUE,93,6,,size_t
2207,METHOD_RETURN,RET,1,,BY_VALUE,150,6,,size_t
2209,METHOD_RETURN,RET,1,,BY_VALUE,1,2,,ANY
2220,METHOD_RETURN,RET,8,,BY_VALUE,12,6,,size_t
2228,METHOD_RETURN,RET,8,,BY_VALUE,14,6,,size_t
2230,METHOD_RETURN,RET,1,,BY_VALUE,1,2,,ANY
2251,METHOD_RETURN,RET,1,,BY_VALUE,18,3,,size_t
2281,METHOD_RETURN,RET,1,,BY_VALUE,23,3,,int
2290,METHOD_RETURN,RET,1,,BY_VALUE,32,3,,int
2307,METHOD_RETURN,RET,1,,BY_VALUE,37,3,,int
2336,METHOD_RETURN,RET,1,,BY_VALUE,42,4,,void
2358,METHOD_RETURN,RET,1,,BY_VALUE,49,3,,bipbuf_t
2365,METHOD_RETURN,RET,1,,BY_VALUE,58,3,,void
2378,METHOD_RETURN,RET,1,,BY_VALUE,63,3,,int
2405,METHOD_RETURN,RET,1,,BY_VALUE,70,3,,void
2448,METHOD_RETURN,RET,1,,BY_VALUE,77,4,,unsigned char*
2485,METHOD_RETURN,RET,1,,BY_VALUE,91,4,,int
2543,METHOD_RETURN,RET,1,,BY_VALUE,109,5,,int
2578,METHOD_RETURN,RET,1,,BY_VALUE,130,4,,unsigned char*
2610,METHOD_RETURN,RET,1,,BY_VALUE,142,4,,unsigned char*
2702,METHOD_RETURN,RET,1,,BY_VALUE,151,4,,unsigned char*
2704,METHOD_RETURN,RET,1,,BY_VALUE,1,2,,ANY
2720,METHOD_RETURN,RET,,,BY_VALUE,,3,,ANY
2725,METHOD_RETURN,RET,10,,BY_VALUE,26,3,,bipbuf_t*
2731,METHOD_RETURN,RET,6,,BY_VALUE,34,4,,void
2736,METHOD_RETURN,RET,6,,BY_VALUE,38,3,,void
2742,METHOD_RETURN,RET,15,,BY_VALUE,41,4,,unsigned char*
2748,METHOD_RETURN,RET,5,,BY_VALUE,42,4,,int
2755,METHOD_RETURN,RET,5,,BY_VALUE,48,5,,int
2761,METHOD_RETURN,RET,15,,BY_VALUE,55,4,,unsigned char*
2767,METHOD_RETURN,RET,15,,BY_VALUE,62,4,,unsigned char*
2773,METHOD_RETURN,RET,15,,BY_VALUE,69,4,,unsigned char*
2778,METHOD_RETURN,RET,5,,BY_VALUE,73,3,,int
2783,METHOD_RETURN,RET,5,,BY_VALUE,77,3,,int
2788,METHOD_RETURN,RET,5,,BY_VALUE,81,3,,int
2793,METHOD_RETURN,RET,5,,BY_VALUE,85,3,,int
2795,METHOD_RETURN,RET,1,,BY_VALUE,1,2,,ANY
2917,METHOD_RETURN,RET,1,,BY_VALUE,18,5,,cache_t
2938,METHOD_RETURN,RET,1,,BY_VALUE,41,4,,void
2951,METHOD_RETURN,RET,1,,BY_VALUE,47,3,,void*
3045,METHOD_RETURN,RET,1,,BY_VALUE,56,3,,void
3067,METHOD_RETURN,RET,1,,BY_VALUE,67,3,,void*
3227,METHOD_RETURN,RET,1,,BY_VALUE,75,3,,void*
3246,METHOD_RETURN,RET,1,,BY_VALUE,108,4,,void
3380,METHOD_RETURN,RET,1,,BY_VALUE,114,4,,void
3382,METHOD_RETURN,RET,1,,BY_VALUE,1,2,,ANY
3417,METHOD_RETURN,RET,8,,BY_VALUE,59,5,,cache_t*
3422,METHOD_RETURN,RET,6,,BY_VALUE,70,3,,void
3427,METHOD_RETURN,RET,5,,BY_VALUE,78,3,,void*
3432,METHOD_RETURN,RET,5,,BY_VALUE,79,3,,void*
3438,METHOD_RETURN,RET,6,,BY_VALUE,89,4,,void
3444,METHOD_RETURN,RET,6,,BY_VALUE,90,4,,void
3450,METHOD_RETURN,RET,6,,BY_VALUE,97,4,,void
3452,METHOD_RETURN,RET,1,,BY_VALUE,1,2,,ANY
3503,METHOD_RETURN,RET,14,,BY_VALUE,36,6,,void
3509,METHOD_RETURN,RET,13,,BY_VALUE,37,4,,int
3514,METHOD_RETURN,RET,14,,BY_VALUE,38,3,,void
3520,METHOD_RETURN,RET,14,,BY_VALUE,39,4,,void
3525,METHOD_RETURN,RET,14,,BY_VALUE,40,3,,void
3543,METHOD_RETURN,RET,12,,BY_VALUE,57,4,,int
3549,METHOD_RETURN,RET,13,,BY_VALUE,58,4,,void
3554,METHOD_RETURN,RET,13,,BY_VALUE,59,3,,void
3562,METHOD_RETURN,RET,13,,BY_VALUE,60,6,,void
3598,METHOD_RETURN,RET,13,,BY_VALUE,71,6,,void
3603,METHOD_RETURN,RET,13,,BY_VALUE,72,3,,void
3646,METHOD_RETURN,RET,12,,BY_VALUE,89,3,,int
3702,METHOD_RETURN,RET,1,,BY_VALUE,112,3,,void
3730,METHOD_RETURN,RET,1,,BY_VALUE,121,3,,void
3848,METHOD_RETURN,RET,1,,BY_VALUE,130,4,,int
3890,METHOD_RETURN,RET,1,,BY_VALUE,159,4,,void
3931,METHOD_RETURN,RET,1,,BY_VALUE,167,3,,void
4148,METHOD_RETURN,RET,1,,BY_VALUE,182,6,,void
4355,METHOD_RETURN,RET,1,,BY_VALUE,238,6,,void
4389,METHOD_RETURN,RET,1,,BY_VALUE,268,3,,void
4583,METHOD_RETURN,RET,1,,BY_VALUE,277,3,,int
4634,METHOD_RETURN,RET,1,,BY_VALUE,327,3,,int
4695,METHOD_RETURN,RET,1,,BY_VALUE,341,3,,void
4831,METHOD_RETURN,RET,1,,BY_VALUE,352,3,,void
5261,METHOD_RETURN,RET,1,,BY_VALUE,408,3,,void*
5311,METHOD_RETURN,RET,1,,BY_VALUE,530,3,,int
5364,METHOD_RETURN,RET,1,,BY_VALUE,558,3,,int
5515,METHOD_RETURN,RET,1,,BY_VALUE,582,4,,int
5569,METHOD_RETURN,RET,1,,BY_VALUE,620,5,,int
5799,METHOD_RETURN,RET,1,,BY_VALUE,635,8,,int
5994,METHOD_RETURN,RET,1,,BY_VALUE,716,7,,enum crawler_result_type
6002,METHOD_RETURN,RET,1,,BY_VALUE,761,3,,void
6010,METHOD_RETURN,RET,1,,BY_VALUE,765,3,,void
6042,METHOD_RETURN,RET,1,,BY_VALUE,769,3,,int
6044,METHOD_RETURN,RET,1,,BY_VALUE,1,2,,ANY
6063,METHOD_RETURN,RET,,,BY_VALUE,,3,,ANY
6077,METHOD_RETURN,RET,,,BY_VALUE,,3,,ANY
6090,METHOD_RETURN,RET,,,BY_VALUE,,3,,ANY
6094,METHOD_RETURN,RET,5,,BY_VALUE,30,3,,int
6099,METHOD_RETURN,RET,5,,BY_VALUE,33,3,,int
6104,METHOD_RETURN,RET,5,,BY_VALUE,34,3,,int
6116,METHOD_RETURN,RET,5,,BY_VALUE,37,8,,int
6121,METHOD_RETURN,RET,6,,BY_VALUE,40,3,,void
6126,METHOD_RETURN,RET,6,,BY_VALUE,41,3,,void
6128,METHOD_RETURN,RET,1,,BY_VALUE,1,2,,ANY
6147,METHOD_RETURN,RET,10,,BY_VALUE,51,5,,uint32_t
6154,METHOD_RETURN,RET,10,,BY_VALUE,52,5,,uint32_t
6162,METHOD_RETURN,RET,1,,BY_VALUE,359,3,,void
6378,METHOD_RETURN,RET,1,,BY_VALUE,368,3,,void
6558,METHOD_RETURN,RET,1,,BY_VALUE,392,5,,uint32_t
6597,METHOD_RETURN,RET,1,,BY_VALUE,430,3,,uint64_t
6819,METHOD_RETURN,RET,1,,BY_VALUE,441,3,,void
6997,METHOD_RETURN,RET,1,,BY_VALUE,466,5,,uint32_t
7027,METHOD_RETURN,RET,1,,BY_VALUE,506,5,,uint32_t
7029,METHOD_RETURN,RET,1,,BY_VALUE,1,2,,ANY
7041,METHOD_RETURN,RET,18,,BY_VALUE,15,5,,uint32_t
7047,METHOD_RETURN,RET,6,,BY_VALUE,18,3,,void
7054,METHOD_RETURN,RET,10,,BY_VALUE,21,5,,uint32_t
7056,METHOD_RETURN,RET,1,,BY_VALUE,1,2,,ANY
7180,METHOD_RETURN,RET,1,,BY_VALUE,44,4,,int
7182,METHOD_RETURN,RET,1,,BY_VALUE,1,2,,ANY
7199,METHOD_RETURN,RET,1,,BY_VALUE,1,2,,ANY
7357,METHOD_RETURN,RET,1,,BY_VALUE,115,3,,_store_wbuf
7442,METHOD_RETURN,RET,1,,BY_VALUE,130,3,,store_io_thread
7452,METHOD_RETURN,RET,1,,BY_VALUE,151,3,,uint64_t
7457,METHOD_RETURN,RET,13,,BY_VALUE,155,3,,void*
7462,METHOD_RETURN,RET,13,,BY_VALUE,156,3,,void*
7589,METHOD_RETURN,RET,1,,BY_VALUE,159,4,,void
7632,METHOD_RETURN,RET,1,,BY_VALUE,182,4,,void
7691,METHOD_RETURN,RET,1,,BY_VALUE,190,3,,const char*
8420,METHOD_RETURN,RET,1,,BY_VALUE,221,5,,void*
8438,METHOD_RETURN,RET,1,,BY_VALUE,396,3,,void
8613,METHOD_RETURN,RET,1,,BY_VALUE,402,5,,store_page
8706,METHOD_RETURN,RET,1,,BY_VALUE,439,4,,void
8833,METHOD_RETURN,RET,1,,BY_VALUE,467,5,,void
8935,METHOD_RETURN,RET,1,,BY_VALUE,498,4,,void
9144,METHOD_RETURN,RET,1,,BY_VALUE,530,6,,int
9275,METHOD_RETURN,RET,1,,BY_VALUE,586,4,,void
9386,METHOD_RETURN,RET,1,,BY_VALUE,611,4,,int
9521,METHOD_RETURN,RET,1,,BY_VALUE,649,7,,int
9570,METHOD_RETURN,RET,1,,BY_VALUE,684,5,,int
9621,METHOD_RETURN,RET,1,,BY_VALUE,697,5,,void
9730,METHOD_RETURN,RET,1,,BY_VALUE,715,4,,int
10100,METHOD_RETURN,RET,1,,BY_VALUE,739,3,,void*
10308,METHOD_RETURN,RET,1,,BY_VALUE,852,4,,void
10664,METHOD_RETURN,RET,1,,BY_VALUE,913,3,,void*
10666,METHOD_RETURN,RET,1,,BY_VALUE,1,2,,ANY
10723,METHOD_RETURN,RET,,,BY_VALUE,,3,,ANY
10731,METHOD_RETURN,RET,14,,BY_VALUE,71,5,,void
10763,METHOD_RETURN,RET,,,BY_VALUE,,3,,ANY
10767,METHOD_RETURN,RET,12,,BY_VALUE,103,3,,char*
10774,METHOD_RETURN,RET,6,,BY_VALUE,104,5,,void*
10782,METHOD_RETURN,RET,5,,BY_VALUE,105,6,,int
10788,METHOD_RETURN,RET,6,,BY_VALUE,106,4,,void
10794,METHOD_RETURN,RET,5,,BY_VALUE,107,4,,int
10801,METHOD_RETURN,RET,5,,BY_VALUE,112,5,,int
10810,METHOD_RETURN,RET,5,,BY_VALUE,113,7,,int
10816,METHOD_RETURN,RET,6,,BY_VALUE,114,4,,void
10822,METHOD_RETURN,RET,6,,BY_VALUE,118,4,,void
10827,METHOD_RETURN,RET,6,,BY_VALUE,119,3,,void
10834,METHOD_RETURN,RET,6,,BY_VALUE,120,5,,void
10836,METHOD_RETURN,RET,1,,BY_VALUE,1,2,,ANY
10857,METHOD_RETURN,RET,1,,BY_VALUE,1,2,,ANY
10874,METHOD_RETURN,RET,1,,BY_VALUE,1,2,,ANY
10900,METHOD_RETURN,RET,1,,BY_VALUE,11,4,,uint32_t
10947,METHOD_RETURN,RET,1,,BY_VALUE,15,3,,int
10949,METHOD_RETURN,RET,1,,BY_VALUE,1,2,,ANY
10958,METHOD_RETURN,RET,18,,BY_VALUE,4,4,,uint32_t
10971,METHOD_RETURN,RET,,,BY_VALUE,,3,,ANY
10975,METHOD_RETURN,RET,5,,BY_VALUE,11,3,,int
10977,METHOD_RETURN,RET,1,,BY_VALUE,1,2,,ANY
11023,METHOD_RETURN,RET,13,,BY_VALUE,25,3,,void
11028,METHOD_RETURN,RET,13,,BY_VALUE,26,3,,void
11165,METHOD_RETURN,RET,1,,BY_VALUE,71,3,,void
11194,METHOD_RETURN,RET,1,,BY_VALUE,81,6,,void
11226,METHOD_RETURN,RET,13,,BY_VALUE,107,5,,bool
11231,METHOD_RETURN,RET,17,,BY_VALUE,108,3,,uint64_t
11249,METHOD_RETURN,RET,1,,BY_VALUE,112,3,,uint64_t
11263,METHOD_RETURN,RET,1,,BY_VALUE,119,3,,void
11334,METHOD_RETURN,RET,1,,BY_VALUE,125,3,,int
11343,METHOD_RETURN,RET,1,,BY_VALUE,139,3,,unsigned int
11378,METHOD_RETURN,RET,1,,BY_VALUE,165,7,,size_t
11485,METHOD_RETURN,RET,1,,BY_VALUE,175,4,,item
11613,METHOD_RETURN,RET,1,,BY_VALUE,221,4,,item_chunk
12004,METHOD_RETURN,RET,1,,BY_VALUE,262,7,,item
12101,METHOD_RETURN,RET,1,,BY_VALUE,363,3,,void
12143,METHOD_RETURN,RET,1,,BY_VALUE,381,5,,bool
12298,METHOD_RETURN,RET,1,,BY_VALUE,397,3,,void
12437,METHOD_RETURN,RET,1,,BY_VALUE,421,3,,void
12458,METHOD_RETURN,RET,1,,BY_VALUE,448,3,,void
12487,METHOD_RETURN,RET,1,,BY_VALUE,454,3,,void
12634,METHOD_RETURN,RET,1,,BY_VALUE,461,3,,void
12655,METHOD_RETURN,RET,1,,BY_VALUE,493,3,,void
12776,METHOD_RETURN,RET,1,,BY_VALUE,499,4,,int
12877,METHOD_RETURN,RET,1,,BY_VALUE,521,4,,void
12978,METHOD_RETURN,RET,1,,BY_VALUE,537,4,,void
13012,METHOD_RETURN,RET,1,,BY_VALUE,552,3,,void
13156,METHOD_RETURN,RET,1,,BY_VALUE,563,3,,void
13180,METHOD_RETURN,RET,1,,BY_VALUE,592,5,,int
13397,METHOD_RETURN,RET,1,,BY_VALUE,608,5,,char*
13556,METHOD_RETURN,RET,1,,BY_VALUE,663,3,,void
13913,METHOD_RETURN,RET,1,,BY_VALUE,694,4,,void
15192,METHOD_RETURN,RET,1,,BY_VALUE,751,4,,void
15225,METHOD_RETURN,RET,1,,BY_VALUE,884,3,,bool
15259,METHOD_RETURN,RET,1,,BY_VALUE,893,3,,void
15368,METHOD_RETURN,RET,1,,BY_VALUE,901,4,,void
15409,METHOD_RETURN,RET,1,,BY_VALUE,920,4,,void
15502,METHOD_RETURN,RET,1,,BY_VALUE,930,3,,void
15595,METHOD_RETURN,RET,1,,BY_VALUE,942,3,,void
15682,METHOD_RETURN,RET,1,,BY_VALUE,957,4,,void
15969,METHOD_RETURN,RET,1,,BY_VALUE,978,7,,item
16072,METHOD_RETURN,RET,1,,BY_VALUE,1063,5,,void
16104,METHOD_RETURN,RET,1,,BY_VALUE,1090,7,,item
16751,METHOD_RETURN,RET,1,,BY_VALUE,1103,8,,int
16800,METHOD_RETURN,RET,1,,BY_VALUE,1281,3,,void
16851,METHOD_RETURN,RET,1,,BY_VALUE,1294,3,,void*
16944,METHOD_RETURN,RET,1,,BY_VALUE,1312,5,,bool
17055,METHOD_RETURN,RET,1,,BY_VALUE,1341,3,,bool
17102,METHOD_RETURN,RET,1,,BY_VALUE,1376,3,,uint64_t
17363,METHOD_RETURN,RET,1,,BY_VALUE,1397,3,,int
17744,METHOD_RETURN,RET,1,,BY_VALUE,1474,4,,void
18222,METHOD_RETURN,RET,1,,BY_VALUE,1585,3,,void*
18261,METHOD_RETURN,RET,1,,BY_VALUE,1706,3,,int
18306,METHOD_RETURN,RET,1,,BY_VALUE,1720,3,,int
18314,METHOD_RETURN,RET,1,,BY_VALUE,1739,3,,void
18322,METHOD_RETURN,RET,1,,BY_VALUE,1743,3,,void
18332,METHOD_RETURN,RET,1,,BY_VALUE,1747,3,,int
18434,METHOD_RETURN,RET,1,,BY_VALUE,1753,3,,void
18534,METHOD_RETURN,RET,1,,BY_VALUE,1774,3,,void
18741,METHOD_RETURN,RET,1,,BY_VALUE,1797,3,,item
18743,METHOD_RETURN,RET,1,,BY_VALUE,1,2,,ANY
18751,METHOD_RETURN,RET,10,,BY_VALUE,10,3,,uint64_t
18756,METHOD_RETURN,RET,6,,BY_VALUE,11,3,,void
18765,METHOD_RETURN,RET,6,,BY_VALUE,14,7,,item*
18771,METHOD_RETURN,RET,12,,BY_VALUE,15,4,,item_chunk*
18777,METHOD_RETURN,RET,6,,BY_VALUE,16,4,,item*
18782,METHOD_RETURN,RET,6,,BY_VALUE,17,3,,void
18789,METHOD_RETURN,RET,6,,BY_VALUE,18,5,,bool
18795,METHOD_RETURN,RET,6,,BY_VALUE,20,4,,int
18801,METHOD_RETURN,RET,6,,BY_VALUE,21,4,,void
18807,METHOD_RETURN,RET,6,,BY_VALUE,22,4,,void
18812,METHOD_RETURN,RET,6,,BY_VALUE,23,3,,void
18817,METHOD_RETURN,RET,6,,BY_VALUE,24,3,,void
18822,METHOD_RETURN,RET,6,,BY_VALUE,25,3,,void
18829,METHOD_RETURN,RET,6,,BY_VALUE,26,5,,int
18834,METHOD_RETURN,RET,6,,BY_VALUE,27,3,,void
18839,METHOD_RETURN,RET,5,,BY_VALUE,29,3,,int
18844,METHOD_RETURN,RET,14,,BY_VALUE,30,3,,unsigned int
18849,METHOD_RETURN,RET,6,,BY_VALUE,32,3,,void
18854,METHOD_RETURN,RET,6,,BY_VALUE,33,3,,void
18859,METHOD_RETURN,RET,6,,BY_VALUE,34,3,,item*
18864,METHOD_RETURN,RET,6,,BY_VALUE,36,3,,void*
18877,METHOD_RETURN,RET,5,,BY_VALUE,47,8,,int
18884,METHOD_RETURN,RET,6,,BY_VALUE,52,5,,char*
18890,METHOD_RETURN,RET,6,,BY_VALUE,53,4,,void
18898,METHOD_RETURN,RET,6,,BY_VALUE,54,6,,void
18904,METHOD_RETURN,RET,6,,BY_VALUE,56,4,,void
18910,METHOD_RETURN,RET,6,,BY_VALUE,58,4,,void
18915,METHOD_RETURN,RET,6,,BY_VALUE,59,3,,void
18921,METHOD_RETURN,RET,6,,BY_VALUE,60,4,,void
18927,METHOD_RETURN,RET,6,,BY_VALUE,61,4,,void
18932,METHOD_RETURN,RET,6,,BY_VALUE,62,3,,void
18937,METHOD_RETURN,RET,6,,BY_VALUE,63,3,,void
18942,METHOD_RETURN,RET,6,,BY_VALUE,64,3,,bool
18952,METHOD_RETURN,RET,6,,BY_VALUE,72,3,,void
18961,METHOD_RETURN,RET,6,,BY_VALUE,74,7,,item*
18970,METHOD_RETURN,RET,6,,BY_VALUE,75,7,,item*
18977,METHOD_RETURN,RET,6,,BY_VALUE,76,5,,void
18982,METHOD_RETURN,RET,6,,BY_VALUE,77,3,,void
18990,METHOD_RETURN,RET,5,,BY_VALUE,80,3,,int
18995,METHOD_RETURN,RET,5,,BY_VALUE,81,3,,int
19000,METHOD_RETURN,RET,5,,BY_VALUE,82,3,,int
19005,METHOD_RETURN,RET,6,,BY_VALUE,83,3,,void
19010,METHOD_RETURN,RET,6,,BY_VALUE,84,3,,void
19015,METHOD_RETURN,RET,6,,BY_VALUE,86,3,,void*
19017,METHOD_RETURN,RET,1,,BY_VALUE,1,2,,ANY
19047,METHOD_RETURN,RET,1,,BY_VALUE,73,4,,char*
19062,METHOD_RETURN,RET,1,,BY_VALUE,78,4,,char*
19098,METHOD_RETURN,RET,1,,BY_VALUE,83,7,,int
19205,METHOD_RETURN,RET,1,,BY_VALUE,92,6,,char*
19300,METHOD_RETURN,RET,1,,BY_VALUE,109,4,,char*
19328,METHOD_RETURN,RET,1,,BY_VALUE,119,4,,char*
19386,METHOD_RETURN,RET,1,,BY_VALUE,128,4,,char*
19414,METHOD_RETURN,RET,1,,BY_VALUE,142,4,,char*
19416,METHOD_RETURN,RET,1,,BY_VALUE,1,2,,ANY
19427,METHOD_RETURN,RET,5,,BY_VALUE,23,4,,char*
19433,METHOD_RETURN,RET,5,,BY_VALUE,24,4,,char*
19439,METHOD_RETURN,RET,5,,BY_VALUE,25,4,,char*
19445,METHOD_RETURN,RET,5,,BY_VALUE,26,4,,char*
19447,METHOD_RETURN,RET,1,,BY_VALUE,1,2,,ANY
19456,METHOD_RETURN,RET,1,,BY_VALUE,1,2,,ANY
19465,METHOD_RETURN,RET,10,,BY_VALUE,8,4,,uint32_t
19467,METHOD_RETURN,RET,1,,BY_VALUE,1,2,,ANY
19547,METHOD_RETURN,RET,1,,BY_VALUE,17,5,,void
19565,METHOD_RETURN,RET,1,,BY_VALUE,1,2,,ANY
19637,METHOD_RETURN,RET,12,,BY_VALUE,50,4,,int
19681,METHOD_RETURN,RET,1,,BY_VALUE,54,6,,void
19805,METHOD_RETURN,RET,1,,BY_VALUE,63,6,,void
19868,METHOD_RETURN,RET,1,,BY_VALUE,96,6,,void
19963,METHOD_RETURN,RET,1,,BY_VALUE,114,6,,void
20020,METHOD_RETURN,RET,1,,BY_VALUE,140,6,,void
20103,METHOD_RETURN,RET,1,,BY_VALUE,160,6,,int
20140,METHOD_RETURN,RET,1,,BY_VALUE,195,4,,int
20267,METHOD_RETURN,RET,1,,BY_VALUE,201,4,,int
20359,METHOD_RETURN,RET,1,,BY_VALUE,223,4,,int
20453,METHOD_RETURN,RET,1,,BY_VALUE,239,4,,int
20526,METHOD_RETURN,RET,1,,BY_VALUE,270,4,,int
20612,METHOD_RETURN,RET,1,,BY_VALUE,287,4,,int
20750,METHOD_RETURN,RET,1,,BY_VALUE,431,3,,uint64_t
20772,METHOD_RETURN,RET,1,,BY_VALUE,444,3,,void
20823,METHOD_RETURN,RET,1,,BY_VALUE,460,3,,void
20900,METHOD_RETURN,RET,1,,BY_VALUE,498,3,,void
20956,METHOD_RETURN,RET,1,,BY_VALUE,519,6,,enum logger_parse_entry_ret
21117,METHOD_RETURN,RET,1,,BY_VALUE,537,6,,void
21142,METHOD_RETURN,RET,1,,BY_VALUE,587,3,,void
21294,METHOD_RETURN,RET,1,,BY_VALUE,600,4,,int
21637,METHOD_RETURN,RET,1,,BY_VALUE,656,4,,int
21679,METHOD_RETURN,RET,1,,BY_VALUE,752,3,,void
21811,METHOD_RETURN,RET,1,,BY_VALUE,766,3,,void*
21842,METHOD_RETURN,RET,1,,BY_VALUE,817,3,,int
21864,METHOD_RETURN,RET,1,,BY_VALUE,828,3,,int
21886,METHOD_RETURN,RET,1,,BY_VALUE,844,3,,void
21892,METHOD_RETURN,RET,1,,BY_VALUE,863,3,,void
21948,METHOD_RETURN,RET,1,,BY_VALUE,870,3,,logger
22098,METHOD_RETURN,RET,1,,BY_VALUE,897,5,,enum logger_ret_type
22256,METHOD_RETURN,RET,1,,BY_VALUE,960,5,,enum logger_add_watcher_ret
22258,METHOD_RETURN,RET,1,,BY_VALUE,1,2,,ANY
22281,METHOD_RETURN,RET,,,BY_VALUE,,3,,ANY
22292,METHOD_RETURN,RET,,,BY_VALUE,,3,,ANY
22303,METHOD_RETURN,RET,,,BY_VALUE,,3,,ANY
22314,METHOD_RETURN,RET,14,,BY_VALUE,59,6,,void
22320,METHOD_RETURN,RET,13,,BY_VALUE,60,4,,int
22340,METHOD_RETURN,RET,,,BY_VALUE,,3,,ANY
22352,METHOD_RETURN,RET,,,BY_VALUE,,3,,ANY
22366,METHOD_RETURN,RET,,,BY_VALUE,,3,,ANY
22389,METHOD_RETURN,RET,,,BY_VALUE,,3,,ANY
22417,METHOD_RETURN,RET,,,BY_VALUE,,3,,ANY
22440,METHOD_RETURN,RET,6,,BY_VALUE,203,3,,void
22445,METHOD_RETURN,RET,6,,BY_VALUE,204,3,,void
22450,METHOD_RETURN,RET,8,,BY_VALUE,205,3,,logger*
22464,METHOD_RETURN,RET,,,BY_VALUE,,3,,ANY
22470,METHOD_RETURN,RET,10,,BY_VALUE,227,3,,uint64_t
22475,METHOD_RETURN,RET,6,,BY_VALUE,228,3,,void
22477,METHOD_RETURN,RET,1,,BY_VALUE,1,2,,ANY
25211,METHOD_RETURN,RET,1,,BY_VALUE,131,4,,void
25271,METHOD_RETURN,RET,1,,BY_VALUE,312,3,,void
25410,METHOD_RETURN,RET,1,,BY_VALUE,322,5,,void
25564,METHOD_RETURN,RET,1,,BY_VALUE,360,4,,void
25566,METHOD_RETURN,RET,1,,BY_VALUE,1,2,,ANY
25586,METHOD_RETURN,RET,,,BY_VALUE,,3,,ANY
25591,METHOD_RETURN,RET,6,,BY_VALUE,83,3,,void
25598,METHOD_RETURN,RET,6,,BY_VALUE,89,5,,void
25604,METHOD_RETURN,RET,6,,BY_VALUE,95,4,,void
25606,METHOD_RETURN,RET,1,,BY_VALUE,1,2,,ANY
25678,METHOD_RETURN,RET,13,,BY_VALUE,68,3,,void
25683,METHOD_RETURN,RET,12,,BY_VALUE,69,3,,int
25690,METHOD_RETURN,RET,16,,BY_VALUE,70,5,,ssize_t
25697,METHOD_RETURN,RET,16,,BY_VALUE,71,5,,ssize_t
25704,METHOD_RETURN,RET,16,,BY_VALUE,72,5,,ssize_t
25714,METHOD_RETURN,RET,12,,BY_VALUE,81,3,,int
25719,METHOD_RETURN,RET,12,,BY_VALUE,82,3,,int
25727,METHOD_RETURN,RET,12,,BY_VALUE,87,2,,int
25732,METHOD_RETURN,RET,13,,BY_VALUE,90,3,,void
25739,METHOD_RETURN,RET,13,,BY_VALUE,91,5,,void
25744,METHOD_RETURN,RET,13,,BY_VALUE,94,3,,void
25751,METHOD_RETURN,RET,13,,BY_VALUE,97,5,,void
25756,METHOD_RETURN,RET,13,,BY_VALUE,98,3,,void
25761,METHOD_RETURN,RET,13,,BY_VALUE,99,3,,void
25767,METHOD_RETURN,RET,13,,BY_VALUE,100,4,,bool
25772,METHOD_RETURN,RET,13,,BY_VALUE,101,3,,void
25777,METHOD_RETURN,RET,13,,BY_VALUE,103,3,,void
25818,METHOD_RETURN,RET,1,,BY_VALUE,133,5,,ssize_t
25836,METHOD_RETURN,RET,1,,BY_VALUE,138,5,,ssize_t
25854,METHOD_RETURN,RET,1,,BY_VALUE,143,5,,ssize_t
25916,METHOD_RETURN,RET,1,,BY_VALUE,158,5,,void
25964,METHOD_RETURN,RET,1,,BY_VALUE,177,3,,rel_time_t
26000,METHOD_RETURN,RET,1,,BY_VALUE,197,3,,void
26016,METHOD_RETURN,RET,1,,BY_VALUE,210,3,,void
26323,METHOD_RETURN,RET,1,,BY_VALUE,219,3,,void
26558,METHOD_RETURN,RET,1,,BY_VALUE,309,3,,void*
26598,METHOD_RETURN,RET,1,,BY_VALUE,377,2,,int
26635,METHOD_RETURN,RET,1,,BY_VALUE,394,3,,int
26705,METHOD_RETURN,RET,1,,BY_VALUE,408,3,,void
26783,METHOD_RETURN,RET,1,,BY_VALUE,422,3,,bool
26845,METHOD_RETURN,RET,1,,BY_VALUE,440,3,,bool
26913,METHOD_RETURN,RET,1,,BY_VALUE,466,3,,void
26945,METHOD_RETURN,RET,1,,BY_VALUE,495,3,,const char*
27043,METHOD_RETURN,RET,1,,BY_VALUE,516,3,,void
27138,METHOD_RETURN,RET,1,,BY_VALUE,541,3,,void
27197,METHOD_RETURN,RET,1,,BY_VALUE,571,9,,void
27253,METHOD_RETURN,RET,1,,BY_VALUE,585,3,,void
27287,METHOD_RETURN,RET,1,,BY_VALUE,599,3,,void
27321,METHOD_RETURN,RET,1,,BY_VALUE,606,4,,io_queue_cb_t
27355,METHOD_RETURN,RET,1,,BY_VALUE,617,4,,io_queue_t
27397,METHOD_RETURN,RET,1,,BY_VALUE,631,3,,void
27418,METHOD_RETURN,RET,1,,BY_VALUE,644,3,,void
27996,METHOD_RETURN,RET,1,,BY_VALUE,650,11,,conn
28086,METHOD_RETURN,RET,1,,BY_VALUE,842,3,,void
28128,METHOD_RETURN,RET,1,,BY_VALUE,878,3,,void
28170,METHOD_RETURN,RET,1,,BY_VALUE,901,3,,void
28308,METHOD_RETURN,RET,1,,BY_VALUE,919,3,,void
28342,METHOD_RETURN,RET,1,,BY_VALUE,966,3,,void
28368,METHOD_RETURN,RET,1,,BY_VALUE,978,3,,const char*
28426,METHOD_RETURN,RET,1,,BY_VALUE,1000,4,,void
28489,METHOD_RETURN,RET,1,,BY_VALUE,1021,3,,void
28539,METHOD_RETURN,RET,1,,BY_VALUE,1038,5,,void
28562,METHOD_RETURN,RET,1,,BY_VALUE,1050,5,,void
28847,METHOD_RETURN,RET,1,,BY_VALUE,1061,3,,mc_resp
29073,METHOD_RETURN,RET,1,,BY_VALUE,1119,4,,void
29244,METHOD_RETURN,RET,1,,BY_VALUE,1165,3,,bool
29378,METHOD_RETURN,RET,1,,BY_VALUE,1206,4,,mc_resp
29394,METHOD_RETURN,RET,1,,BY_VALUE,1238,3,,bool
29501,METHOD_RETURN,RET,1,,BY_VALUE,1242,4,,void
29515,METHOD_RETURN,RET,1,,BY_VALUE,1286,4,,void
29559,METHOD_RETURN,RET,1,,BY_VALUE,1295,4,,void
29702,METHOD_RETURN,RET,1,,BY_VALUE,1310,7,,void
29795,METHOD_RETURN,RET,1,,BY_VALUE,1339,7,,void
29922,METHOD_RETURN,RET,1,,BY_VALUE,1358,4,,bool
30011,METHOD_RETURN,RET,1,,BY_VALUE,1391,7,,void
30084,METHOD_RETURN,RET,1,,BY_VALUE,1419,3,,void
30125,METHOD_RETURN,RET,1,,BY_VALUE,1442,3,,void
30521,METHOD_RETURN,RET,1,,BY_VALUE,1465,5,,int
30922,METHOD_RETURN,RET,1,,BY_VALUE,1535,6,,int
31652,METHOD_RETURN,RET,1,,BY_VALUE,1567,6,,enum store_item_type
31685,METHOD_RETURN,RET,1,,BY_VALUE,1729,5,,void
31726,METHOD_RETURN,RET,1,,BY_VALUE,1740,6,,void
32870,METHOD_RETURN,RET,1,,BY_VALUE,1759,4,,void
33687,METHOD_RETURN,RET,1,,BY_VALUE,1905,4,,void
33714,METHOD_RETURN,RET,1,,BY_VALUE,2000,5,,int
33872,METHOD_RETURN,RET,1,,BY_VALUE,2005,6,,bool
34070,METHOD_RETURN,RET,1,,BY_VALUE,2038,6,,void
34217,METHOD_RETURN,RET,1,,BY_VALUE,2114,5,,void
34473,METHOD_RETURN,RET,1,,BY_VALUE,2147,4,,void
34532,METHOD_RETURN,RET,1,,BY_VALUE,2188,9,,item
34582,METHOD_RETURN,RET,1,,BY_VALUE,2209,8,,item
35214,METHOD_RETURN,RET,1,,BY_VALUE,2234,11,,enum delta_result_type
35305,METHOD_RETURN,RET,1,,BY_VALUE,2347,3,,int
35363,METHOD_RETURN,RET,1,,BY_VALUE,2370,3,,int
35501,METHOD_RETURN,RET,1,,BY_VALUE,2387,3,,enum try_read_result
35748,METHOD_RETURN,RET,1,,BY_VALUE,2433,3,,enum try_read_result
35826,METHOD_RETURN,RET,1,,BY_VALUE,2498,4,,bool
35952,METHOD_RETURN,RET,1,,BY_VALUE,2515,3,,void
36292,METHOD_RETURN,RET,1,,BY_VALUE,2557,6,,int
36437,METHOD_RETURN,RET,1,,BY_VALUE,2626,4,,void
36597,METHOD_RETURN,RET,1,,BY_VALUE,2685,3,,enum transmit_result
36711,METHOD_RETURN,RET,1,,BY_VALUE,2740,4,,void
36987,METHOD_RETURN,RET,1,,BY_VALUE,2782,3,,enum transmit_result
37308,METHOD_RETURN,RET,1,,BY_VALUE,2884,3,,int
38421,METHOD_RETURN,RET,1,,BY_VALUE,2963,3,,void
38466,METHOD_RETURN,RET,1,,BY_VALUE,3392,5,,void
38521,METHOD_RETURN,RET,1,,BY_VALUE,3414,3,,int
38628,METHOD_RETURN,RET,1,,BY_VALUE,3435,3,,void
39118,METHOD_RETURN,RET,1,,BY_VALUE,3479,9,,int
39548,METHOD_RETURN,RET,1,,BY_VALUE,3658,5,,int
39599,METHOD_RETURN,RET,1,,BY_VALUE,3819,3,,int
39783,METHOD_RETURN,RET,1,,BY_VALUE,3837,4,,int
39867,METHOD_RETURN,RET,1,,BY_VALUE,3923,5,,void
39877,METHOD_RETURN,RET,1,,BY_VALUE,3982,3,,const char*
39892,METHOD_RETURN,RET,1,,BY_VALUE,3986,4,,void
40107,METHOD_RETURN,RET,1,,BY_VALUE,3994,3,,void
40116,METHOD_RETURN,RET,1,,BY_VALUE,4189,3,,void
40216,METHOD_RETURN,RET,1,,BY_VALUE,4260,3,,void
40236,METHOD_RETURN,RET,1,,BY_VALUE,4299,3,,void
40248,METHOD_RETURN,RET,1,,BY_VALUE,4309,3,,void
40258,METHOD_RETURN,RET,1,,BY_VALUE,4314,3,,void
40270,METHOD_RETURN,RET,1,,BY_VALUE,4318,3,,void
40278,METHOD_RETURN,RET,1,,BY_VALUE,4327,3,,int
40308,METHOD_RETURN,RET,1,,BY_VALUE,4420,3,,bool
40445,METHOD_RETURN,RET,1,,BY_VALUE,4434,4,,bool
40598,METHOD_RETURN,RET,1,,BY_VALUE,4487,5,,int
41193,METHOD_RETURN,RET,1,,BY_VALUE,4551,5,,int
44095,METHOD_RETURN,RET,1,,BY_VALUE,4762,4,,int
44097,METHOD_RETURN,RET,1,,BY_VALUE,1,2,,ANY
44167,METHOD_RETURN,RET,14,,BY_VALUE,189,7,,void
44207,METHOD_RETURN,RET,,,BY_VALUE,,3,,ANY
44223,METHOD_RETURN,RET,,,BY_VALUE,,3,,ANY
44246,METHOD_RETURN,RET,,,BY_VALUE,,3,,ANY
44309,METHOD_RETURN,RET,,,BY_VALUE,,3,,ANY
44475,METHOD_RETURN,RET,,,BY_VALUE,,3,,ANY
44487,METHOD_RETURN,RET,,,BY_VALUE,,3,,ANY
44526,METHOD_RETURN,RET,,,BY_VALUE,,3,,ANY
44535,METHOD_RETURN,RET,14,,BY_VALUE,670,3,,void
44540,METHOD_RETURN,RET,14,,BY_VALUE,671,3,,void
44593,METHOD_RETURN,RET,,,BY_VALUE,,3,,ANY
44629,METHOD_RETURN,RET,,,BY_VALUE,,3,,ANY
44643,METHOD_RETURN,RET,,,BY_VALUE,,3,,ANY
44657,METHOD_RETURN,RET,,,BY_VALUE,,3,,ANY
44721,METHOD_RETURN,RET,9,,BY_VALUE,872,3,,int
44728,METHOD_RETURN,RET,13,,BY_VALUE,873,5,,ssize_t
44735,METHOD_RETURN,RET,13,,BY_VALUE,874,5,,ssize_t
44742,METHOD_RETURN,RET,13,,BY_VALUE,875,5,,ssize_t
44751,METHOD_RETURN,RET,,,BY_VALUE,,3,,ANY
44775,METHOD_RETURN,RET,6,,BY_VALUE,916,3,,void
44790,METHOD_RETURN,RET,6,,BY_VALUE,923,9,,void
44795,METHOD_RETURN,RET,6,,BY_VALUE,924,3,,void
44801,METHOD_RETURN,RET,12,,BY_VALUE,925,4,,io_queue_t*
44807,METHOD_RETURN,RET,15,,BY_VALUE,926,4,,io_queue_cb_t*
44812,METHOD_RETURN,RET,6,,BY_VALUE,927,3,,void
44825,METHOD_RETURN,RET,6,,BY_VALUE,928,11,,conn*
44830,METHOD_RETURN,RET,6,,BY_VALUE,931,3,,void
44836,METHOD_RETURN,RET,12,,BY_VALUE,932,4,,int
44842,METHOD_RETURN,RET,6,,BY_VALUE,952,4,,void
44847,METHOD_RETURN,RET,6,,BY_VALUE,953,3,,void
44852,METHOD_RETURN,RET,6,,BY_VALUE,954,3,,void
44857,METHOD_RETURN,RET,6,,BY_VALUE,958,3,,void
44869,METHOD_RETURN,RET,6,,BY_VALUE,959,10,,void
44874,METHOD_RETURN,RET,6,,BY_VALUE,961,3,,void
44881,METHOD_RETURN,RET,6,,BY_VALUE,968,3,,void
44886,METHOD_RETURN,RET,7,,BY_VALUE,969,3,,void
44891,METHOD_RETURN,RET,7,,BY_VALUE,970,3,,void
44900,METHOD_RETURN,RET,6,,BY_VALUE,971,7,,item*
44908,METHOD_RETURN,RET,6,,BY_VALUE,974,6,,item*
44917,METHOD_RETURN,RET,6,,BY_VALUE,975,7,,item*
44925,METHOD_RETURN,RET,6,,BY_VALUE,976,6,,item*
44930,METHOD_RETURN,RET,7,,BY_VALUE,977,3,,int
44935,METHOD_RETURN,RET,7,,BY_VALUE,978,3,,void
44942,METHOD_RETURN,RET,7,,BY_VALUE,979,5,,int
44947,METHOD_RETURN,RET,7,,BY_VALUE,980,3,,void
44952,METHOD_RETURN,RET,6,,BY_VALUE,982,3,,void
44957,METHOD_RETURN,RET,6,,BY_VALUE,983,3,,void*
44962,METHOD_RETURN,RET,6,,BY_VALUE,984,3,,void
44967,METHOD_RETURN,RET,6,,BY_VALUE,985,3,,void
44972,METHOD_RETURN,RET,6,,BY_VALUE,986,3,,void
44977,METHOD_RETURN,RET,6,,BY_VALUE,987,3,,void
44982,METHOD_RETURN,RET,5,,BY_VALUE,988,3,,int
44987,METHOD_RETURN,RET,6,,BY_VALUE,991,3,,void
44992,METHOD_RETURN,RET,6,,BY_VALUE,992,3,,void
44997,METHOD_RETURN,RET,6,,BY_VALUE,995,3,,void
45002,METHOD_RETURN,RET,6,,BY_VALUE,996,3,,void
45008,METHOD_RETURN,RET,6,,BY_VALUE,997,4,,void
45013,METHOD_RETURN,RET,17,,BY_VALUE,998,3,,LIBEVENT_THREAD*
45021,METHOD_RETURN,RET,6,,BY_VALUE,1001,6,,void
45029,METHOD_RETURN,RET,6,,BY_VALUE,1007,4,,void
45034,METHOD_RETURN,RET,12,,BY_VALUE,1014,3,,rel_time_t
45045,METHOD_RETURN,RET,5,,BY_VALUE,1015,9,,item*
45055,METHOD_RETURN,RET,5,,BY_VALUE,1016,8,,item*
45060,METHOD_RETURN,RET,6,,BY_VALUE,1018,3,,void
45067,METHOD_RETURN,RET,6,,BY_VALUE,1019,5,,void
45074,METHOD_RETURN,RET,6,,BY_VALUE,1020,5,,void
45079,METHOD_RETURN,RET,6,,BY_VALUE,1021,3,,bool
45085,METHOD_RETURN,RET,8,,BY_VALUE,1022,4,,mc_resp*
45090,METHOD_RETURN,RET,6,,BY_VALUE,1023,3,,bool
45095,METHOD_RETURN,RET,6,,BY_VALUE,1024,3,,bool
45100,METHOD_RETURN,RET,6,,BY_VALUE,1025,3,,void
45106,METHOD_RETURN,RET,6,,BY_VALUE,1026,4,,void
45112,METHOD_RETURN,RET,6,,BY_VALUE,1027,4,,void
45118,METHOD_RETURN,RET,6,,BY_VALUE,1028,4,,void
45125,METHOD_RETURN,RET,6,,BY_VALUE,1029,5,,void
45131,METHOD_RETURN,RET,6,,BY_VALUE,1030,4,,void
45140,METHOD_RETURN,RET,6,,BY_VALUE,1031,7,,void
45148,METHOD_RETURN,RET,6,,BY_VALUE,1035,6,,bool
45153,METHOD_RETURN,RET,6,,BY_VALUE,1036,3,,void
45159,METHOD_RETURN,RET,6,,BY_VALUE,1037,4,,void
45165,METHOD_RETURN,RET,6,,BY_VALUE,1038,4,,void
45167,METHOD_RETURN,RET,1,,BY_VALUE,1,2,,ANY
45190,METHOD_RETURN,RET,1,,BY_VALUE,33,4,,uint32_t
45200,METHOD_RETURN,RET,1,,BY_VALUE,48,4,,uint32_t
45228,METHOD_RETURN,RET,1,,BY_VALUE,56,3,,uint32_t
45390,METHOD_RETURN,RET,1,,BY_VALUE,71,4,,uint32_t
45392,METHOD_RETURN,RET,1,,BY_VALUE,1,2,,ANY
45405,METHOD_RETURN,RET,10,,BY_VALUE,15,4,,uint32_t
45407,METHOD_RETURN,RET,1,,BY_VALUE,1,2,,ANY
45426,METHOD_RETURN,RET,1,,BY_VALUE,1,2,,ANY
45447,METHOD_RETURN,RET,13,,BY_VALUE,17,4,,void
45452,METHOD_RETURN,RET,13,,BY_VALUE,18,3,,void
45458,METHOD_RETURN,RET,13,,BY_VALUE,19,4,,void
45464,METHOD_RETURN,RET,13,,BY_VALUE,20,4,,void
45469,METHOD_RETURN,RET,13,,BY_VALUE,21,3,,void
45475,METHOD_RETURN,RET,13,,BY_VALUE,22,4,,void
45480,METHOD_RETURN,RET,13,,BY_VALUE,23,3,,void
45485,METHOD_RETURN,RET,13,,BY_VALUE,24,3,,void
45491,METHOD_RETURN,RET,13,,BY_VALUE,25,4,,void
45496,METHOD_RETURN,RET,13,,BY_VALUE,26,3,,void
45501,METHOD_RETURN,RET,13,,BY_VALUE,27,3,,void
45508,METHOD_RETURN,RET,13,,BY_VALUE,29,5,,void
45561,METHOD_RETURN,RET,1,,BY_VALUE,31,3,,void
45876,METHOD_RETURN,RET,1,,BY_VALUE,52,3,,int
45893,METHOD_RETURN,RET,1,,BY_VALUE,131,3,,char*
46075,METHOD_RETURN,RET,1,,BY_VALUE,135,7,,void
46211,METHOD_RETURN,RET,1,,BY_VALUE,179,6,,void
46244,METHOD_RETURN,RET,1,,BY_VALUE,237,3,,void
46295,METHOD_RETURN,RET,1,,BY_VALUE,247,7,,void
46812,METHOD_RETURN,RET,1,,BY_VALUE,260,4,,void
47124,METHOD_RETURN,RET,1,,BY_VALUE,359,3,,void
47171,METHOD_RETURN,RET,1,,BY_VALUE,441,5,,void
47789,METHOD_RETURN,RET,1,,BY_VALUE,455,4,,void
48075,METHOD_RETURN,RET,1,,BY_VALUE,605,3,,void
48126,METHOD_RETURN,RET,1,,BY_VALUE,673,3,,void
48202,METHOD_RETURN,RET,1,,BY_VALUE,696,3,,void
48383,METHOD_RETURN,RET,1,,BY_VALUE,725,3,,void
48777,METHOD_RETURN,RET,1,,BY_VALUE,767,3,,void
48832,METHOD_RETURN,RET,1,,BY_VALUE,862,3,,bool
49413,METHOD_RETURN,RET,1,,BY_VALUE,885,4,,void
49888,METHOD_RETURN,RET,1,,BY_VALUE,1078,4,,void
50102,METHOD_RETURN,RET,1,,BY_VALUE,1187,3,,void
50237,METHOD_RETURN,RET,1,,BY_VALUE,1250,4,,void
50444,METHOD_RETURN,RET,1,,BY_VALUE,1285,3,,void
50446,METHOD_RETURN,RET,1,,BY_VALUE,1,2,,ANY
50454,METHOD_RETURN,RET,5,,BY_VALUE,5,3,,int
50459,METHOD_RETURN,RET,6,,BY_VALUE,6,3,,void
50467,METHOD_RETURN,RET,6,,BY_VALUE,7,6,,void
50469,METHOD_RETURN,RET,1,,BY_VALUE,1,2,,ANY
50482,METHOD_RETURN,RET,13,,BY_VALUE,15,6,,void
50490,METHOD_RETURN,RET,13,,BY_VALUE,16,6,,void
50496,METHOD_RETURN,RET,13,,BY_VALUE,17,4,,void
50611,METHOD_RETURN,RET,1,,BY_VALUE,24,4,,void
51134,METHOD_RETURN,RET,1,,BY_VALUE,39,4,,void
51411,METHOD_RETURN,RET,1,,BY_VALUE,103,3,,void
51497,METHOD_RETURN,RET,1,,BY_VALUE,185,3,,void
51695,METHOD_RETURN,RET,1,,BY_VALUE,215,3,,void
51700,METHOD_RETURN,RET,1,,BY_VALUE,276,3,,void
51769,METHOD_RETURN,RET,1,,BY_VALUE,282,3,,void
51794,METHOD_RETURN,RET,1,,BY_VALUE,313,3,,void
51948,METHOD_RETURN,RET,1,,BY_VALUE,326,3,,int
52013,METHOD_RETURN,RET,1,,BY_VALUE,382,3,,void
52136,METHOD_RETURN,RET,1,,BY_VALUE,392,3,,void
52147,METHOD_RETURN,RET,1,,BY_VALUE,438,4,,void
52165,METHOD_RETURN,RET,1,,BY_VALUE,443,4,,void
52246,METHOD_RETURN,RET,1,,BY_VALUE,452,4,,void
52325,METHOD_RETURN,RET,1,,BY_VALUE,486,4,,void
52762,METHOD_RETURN,RET,1,,BY_VALUE,523,6,,int
53387,METHOD_RETURN,RET,1,,BY_VALUE,619,6,,void
53712,METHOD_RETURN,RET,1,,BY_VALUE,809,6,,void
53809,METHOD_RETURN,RET,1,,BY_VALUE,897,3,,void
53811,METHOD_RETURN,RET,1,,BY_VALUE,1,2,,ANY
53820,METHOD_RETURN,RET,6,,BY_VALUE,4,4,,void
53826,METHOD_RETURN,RET,6,,BY_VALUE,5,4,,void
53831,METHOD_RETURN,RET,5,,BY_VALUE,8,3,,int
53836,METHOD_RETURN,RET,6,,BY_VALUE,9,3,,void
53841,METHOD_RETURN,RET,6,,BY_VALUE,10,3,,void
53846,METHOD_RETURN,RET,6,,BY_VALUE,11,3,,void
53851,METHOD_RETURN,RET,6,,BY_VALUE,12,3,,void
53856,METHOD_RETURN,RET,6,,BY_VALUE,15,3,,void
53861,METHOD_RETURN,RET,5,,BY_VALUE,16,3,,int
53867,METHOD_RETURN,RET,6,,BY_VALUE,17,4,,void
53872,METHOD_RETURN,RET,6,,BY_VALUE,19,3,,void
53877,METHOD_RETURN,RET,6,,BY_VALUE,20,3,,void
53882,METHOD_RETURN,RET,6,,BY_VALUE,21,3,,void
53887,METHOD_RETURN,RET,6,,BY_VALUE,22,3,,void
53893,METHOD_RETURN,RET,5,,BY_VALUE,25,4,,int
53895,METHOD_RETURN,RET,1,,BY_VALUE,1,2,,ANY
54222,METHOD_RETURN,RET,1,,BY_VALUE,54,4,,void
54544,METHOD_RETURN,RET,1,,BY_VALUE,128,3,,void
54694,METHOD_RETURN,RET,1,,BY_VALUE,283,5,,size_t
55039,METHOD_RETURN,RET,1,,BY_VALUE,326,3,,int
55207,METHOD_RETURN,RET,1,,BY_VALUE,438,3,,int
55246,METHOD_RETURN,RET,1,,BY_VALUE,496,5,,bool
55385,METHOD_RETURN,RET,1,,BY_VALUE,515,6,,int
55935,METHOD_RETURN,RET,1,,BY_VALUE,540,7,,void
56002,METHOD_RETURN,RET,1,,BY_VALUE,715,4,,void
56290,METHOD_RETURN,RET,1,,BY_VALUE,736,5,,void
56685,METHOD_RETURN,RET,1,,BY_VALUE,828,5,,void
57245,METHOD_RETURN,RET,1,,BY_VALUE,918,6,,int
58434,METHOD_RETURN,RET,1,,BY_VALUE,1051,5,,void
59123,METHOD_RETURN,RET,1,,BY_VALUE,1354,5,,void
59706,METHOD_RETURN,RET,1,,BY_VALUE,1553,5,,void
60677,METHOD_RETURN,RET,1,,BY_VALUE,1685,5,,void
61100,METHOD_RETURN,RET,1,,BY_VALUE,1918,7,,void
61298,METHOD_RETURN,RET,1,,BY_VALUE,2020,5,,void
61444,METHOD_RETURN,RET,1,,BY_VALUE,2064,6,,void
61645,METHOD_RETURN,RET,1,,BY_VALUE,2114,5,,void
61696,METHOD_RETURN,RET,1,,BY_VALUE,2169,5,,void
61803,METHOD_RETURN,RET,1,,BY_VALUE,2231,5,,void
62087,METHOD_RETURN,RET,1,,BY_VALUE,2264,5,,void
62170,METHOD_RETURN,RET,1,,BY_VALUE,2323,5,,void
62429,METHOD_RETURN,RET,1,,BY_VALUE,2350,5,,void
62557,METHOD_RETURN,RET,1,,BY_VALUE,2467,5,,void
62563,METHOD_RETURN,RET,1,,BY_VALUE,2512,3,,void
62581,METHOD_RETURN,RET,1,,BY_VALUE,2516,3,,void
62647,METHOD_RETURN,RET,1,,BY_VALUE,2522,5,,void
62784,METHOD_RETURN,RET,1,,BY_VALUE,2541,5,,void
63157,METHOD_RETURN,RET,1,,BY_VALUE,2583,5,,void
64233,METHOD_RETURN,RET,1,,BY_VALUE,2716,4,,void
64235,METHOD_RETURN,RET,1,,BY_VALUE,1,2,,ANY
64243,METHOD_RETURN,RET,6,,BY_VALUE,5,3,,void
64248,METHOD_RETURN,RET,5,,BY_VALUE,6,3,,int
64253,METHOD_RETURN,RET,5,,BY_VALUE,7,3,,int
64259,METHOD_RETURN,RET,6,,BY_VALUE,8,4,,void
64261,METHOD_RETURN,RET,1,,BY_VALUE,1,2,,ANY
64278,METHOD_RETURN,RET,,,BY_VALUE,,3,,ANY
64328,METHOD_RETURN,RET,,,BY_VALUE,,3,,ANY
64526,METHOD_RETURN,RET,,,BY_VALUE,,3,,ANY
64536,METHOD_RETURN,RET,,,BY_VALUE,,3,,ANY
64556,METHOD_RETURN,RET,,,BY_VALUE,,3,,ANY
64576,METHOD_RETURN,RET,,,BY_VALUE,,3,,ANY
64589,METHOD_RETURN,RET,,,BY_VALUE,,3,,ANY
64602,METHOD_RETURN,RET,,,BY_VALUE,,3,,ANY
64624,METHOD_RETURN,RET,,,BY_VALUE,,3,,ANY
64647,METHOD_RETURN,RET,,,BY_VALUE,,3,,ANY
64667,METHOD_RETURN,RET,,,BY_VALUE,,3,,ANY
64694,METHOD_RETURN,RET,,,BY_VALUE,,3,,ANY
64713,METHOD_RETURN,RET,,,BY_VALUE,,3,,ANY
64742,METHOD_RETURN,RET,,,BY_VALUE,,3,,ANY
64761,METHOD_RETURN,RET,,,BY_VALUE,,3,,ANY
64789,METHOD_RETURN,RET,,,BY_VALUE,,3,,ANY
64804,METHOD_RETURN,RET,1,,BY_VALUE,1,2,,ANY
64889,METHOD_RETURN,RET,,,BY_VALUE,,3,,ANY
64900,METHOD_RETURN,RET,,,BY_VALUE,,3,,ANY
64914,METHOD_RETURN,RET,,,BY_VALUE,,3,,ANY
64926,METHOD_RETURN,RET,,,BY_VALUE,,3,,ANY
64999,METHOD_RETURN,RET,18,,BY_VALUE,234,5,,uint64_t
65009,METHOD_RETURN,RET,20,,BY_VALUE,238,6,,char*
65015,METHOD_RETURN,RET,18,,BY_VALUE,239,4,,uint32_t
65032,METHOD_RETURN,RET,,,BY_VALUE,,3,,ANY
65066,METHOD_RETURN,RET,,,BY_VALUE,,3,,ANY
65080,METHOD_RETURN,RET,,,BY_VALUE,,3,,ANY
65135,METHOD_RETURN,RET,,,BY_VALUE,,3,,ANY
65176,METHOD_RETURN,RET,,,BY_VALUE,,3,,ANY
65203,METHOD_RETURN,RET,,,BY_VALUE,,3,,ANY
65235,METHOD_RETURN,RET,,,BY_VALUE,,3,,ANY
65270,METHOD_RETURN,RET,,,BY_VALUE,,3,,ANY
65277,METHOD_RETURN,RET,6,,BY_VALUE,437,3,,void
65282,METHOD_RETURN,RET,6,,BY_VALUE,438,3,,void*
65295,METHOD_RETURN,RET,,,BY_VALUE,,3,,ANY
65299,METHOD_RETURN,RET,5,,BY_VALUE,447,3,,int
65307,METHOD_RETURN,RET,5,,BY_VALUE,448,6,,int
65312,METHOD_RETURN,RET,5,,BY_VALUE,449,3,,int
65317,METHOD_RETURN,RET,5,,BY_VALUE,452,3,,int
65322,METHOD_RETURN,RET,5,,BY_VALUE,453,3,,int
65327,METHOD_RETURN,RET,8,,BY_VALUE,454,3,,size_t
65334,METHOD_RETURN,RET,5,,BY_VALUE,455,5,,int
65342,METHOD_RETURN,RET,15,,BY_VALUE,456,6,,mcp_request_t*
65347,METHOD_RETURN,RET,5,,BY_VALUE,459,3,,int
65352,METHOD_RETURN,RET,5,,BY_VALUE,460,3,,int
65357,METHOD_RETURN,RET,5,,BY_VALUE,461,3,,int
65362,METHOD_RETURN,RET,5,,BY_VALUE,462,3,,int
65367,METHOD_RETURN,RET,5,,BY_VALUE,463,3,,int
65372,METHOD_RETURN,RET,5,,BY_VALUE,464,3,,int
65377,METHOD_RETURN,RET,5,,BY_VALUE,465,3,,int
65382,METHOD_RETURN,RET,5,,BY_VALUE,466,3,,int
65387,METHOD_RETURN,RET,5,,BY_VALUE,467,3,,int
65392,METHOD_RETURN,RET,5,,BY_VALUE,468,3,,int
65397,METHOD_RETURN,RET,5,,BY_VALUE,470,3,,int
65402,METHOD_RETURN,RET,5,,BY_VALUE,471,3,,int
65410,METHOD_RETURN,RET,5,,BY_VALUE,473,6,,int
65418,METHOD_RETURN,RET,15,,BY_VALUE,474,6,,mcp_backend_t*
65425,METHOD_RETURN,RET,6,,BY_VALUE,475,5,,void
65431,METHOD_RETURN,RET,6,,BY_VALUE,476,4,,void
65437,METHOD_RETURN,RET,6,,BY_VALUE,477,4,,void
65442,METHOD_RETURN,RET,5,,BY_VALUE,478,3,,int
65447,METHOD_RETURN,RET,5,,BY_VALUE,479,3,,int
65452,METHOD_RETURN,RET,5,,BY_VALUE,482,3,,int
65457,METHOD_RETURN,RET,30,,BY_VALUE,484,3,,void
65459,METHOD_RETURN,RET,1,,BY_VALUE,1,2,,ANY
65649,METHOD_RETURN,RET,1,,BY_VALUE,26,3,,int
65972,METHOD_RETURN,RET,1,,BY_VALUE,93,7,,void
66129,METHOD_RETURN,RET,1,,BY_VALUE,182,6,,int
66461,METHOD_RETURN,RET,1,,BY_VALUE,238,3,,int
66463,METHOD_RETURN,RET,1,,BY_VALUE,1,2,,ANY
66545,METHOD_RETURN,RET,1,,BY_VALUE,13,6,,int
66587,METHOD_RETURN,RET,1,,BY_VALUE,29,5,,const char*
66615,METHOD_RETURN,RET,1,,BY_VALUE,41,3,,void
66814,METHOD_RETURN,RET,1,,BY_VALUE,50,3,,void*
67132,METHOD_RETURN,RET,1,,BY_VALUE,100,3,,void*
67214,METHOD_RETURN,RET,1,,BY_VALUE,159,3,,int
67343,METHOD_RETURN,RET,1,,BY_VALUE,185,3,,int
67393,METHOD_RETURN,RET,1,,BY_VALUE,229,4,,int
67399,METHOD_RETURN,RET,13,,BY_VALUE,243,4,,void
67620,METHOD_RETURN,RET,1,,BY_VALUE,246,4,,void
67661,METHOD_RETURN,RET,1,,BY_VALUE,333,4,,void
67868,METHOD_RETURN,RET,1,,BY_VALUE,346,3,,int
67870,METHOD_RETURN,RET,1,,BY_VALUE,1,2,,ANY
67937,METHOD_RETURN,RET,1,,BY_VALUE,10,4,,uint32_t
67987,METHOD_RETURN,RET,1,,BY_VALUE,23,3,,int
68007,METHOD_RETURN,RET,1,,BY_VALUE,42,3,,int
68009,METHOD_RETURN,RET,1,,BY_VALUE,1,2,,ANY
68046,METHOD_RETURN,RET,1,,BY_VALUE,11,3,,int
68088,METHOD_RETURN,RET,1,,BY_VALUE,23,3,,int
68126,METHOD_RETURN,RET,1,,BY_VALUE,38,3,,int
68148,METHOD_RETURN,RET,1,,BY_VALUE,53,3,,int
68188,METHOD_RETURN,RET,1,,BY_VALUE,62,3,,int
68214,METHOD_RETURN,RET,1,,BY_VALUE,74,3,,int
68279,METHOD_RETURN,RET,1,,BY_VALUE,93,3,,int
68687,METHOD_RETURN,RET,1,,BY_VALUE,108,3,,int
68746,METHOD_RETURN,RET,1,,BY_VALUE,216,3,,int
68796,METHOD_RETURN,RET,1,,BY_VALUE,233,6,,const char*
68859,METHOD_RETURN,RET,1,,BY_VALUE,262,6,,const char*
69007,METHOD_RETURN,RET,1,,BY_VALUE,282,4,,void
69406,METHOD_RETURN,RET,1,,BY_VALUE,339,3,,int
69508,METHOD_RETURN,RET,1,,BY_VALUE,457,3,,int
69587,METHOD_RETURN,RET,1,,BY_VALUE,474,6,,mcp_backend_t
69674,METHOD_RETURN,RET,1,,BY_VALUE,495,3,,int
69722,METHOD_RETURN,RET,1,,BY_VALUE,515,3,,int
69775,METHOD_RETURN,RET,1,,BY_VALUE,527,3,,int
69848,METHOD_RETURN,RET,1,,BY_VALUE,547,3,,int
69921,METHOD_RETURN,RET,1,,BY_VALUE,565,3,,int
69994,METHOD_RETURN,RET,1,,BY_VALUE,583,3,,int
70339,METHOD_RETURN,RET,1,,BY_VALUE,603,3,,int
70405,METHOD_RETURN,RET,1,,BY_VALUE,714,3,,int
70579,METHOD_RETURN,RET,1,,BY_VALUE,722,3,,int
70595,METHOD_RETURN,RET,1,,BY_VALUE,758,4,,uint32_t
70668,METHOD_RETURN,RET,1,,BY_VALUE,763,3,,uint32_t
70925,METHOD_RETURN,RET,1,,BY_VALUE,782,3,,int
71381,METHOD_RETURN,RET,1,,BY_VALUE,842,3,,void
71694,METHOD_RETURN,RET,1,,BY_VALUE,869,4,,int
71696,METHOD_RETURN,RET,1,,BY_VALUE,1,2,,ANY
71708,METHOD_RETURN,RET,13,,BY_VALUE,6,5,,void
71715,METHOD_RETURN,RET,13,,BY_VALUE,7,5,,void
71722,METHOD_RETURN,RET,13,,BY_VALUE,8,5,,void
71727,METHOD_RETURN,RET,12,,BY_VALUE,9,3,,int
71733,METHOD_RETURN,RET,12,,BY_VALUE,10,4,,int
71742,METHOD_RETURN,RET,13,,BY_VALUE,11,7,,void
71747,METHOD_RETURN,RET,12,,BY_VALUE,12,3,,int
72102,METHOD_RETURN,RET,1,,BY_VALUE,14,3,,int
72187,METHOD_RETURN,RET,1,,BY_VALUE,386,5,,void
72307,METHOD_RETURN,RET,1,,BY_VALUE,406,5,,void
72328,METHOD_RETURN,RET,1,,BY_VALUE,460,3,,void*
72397,METHOD_RETURN,RET,1,,BY_VALUE,473,7,,void
73213,METHOD_RETURN,RET,1,,BY_VALUE,505,3,,int
73250,METHOD_RETURN,RET,1,,BY_VALUE,759,5,,void
73382,METHOD_RETURN,RET,1,,BY_VALUE,779,3,,void
73665,METHOD_RETURN,RET,1,,BY_VALUE,810,4,,int
73753,METHOD_RETURN,RET,1,,BY_VALUE,854,4,,int
73968,METHOD_RETURN,RET,1,,BY_VALUE,877,3,,int
74191,METHOD_RETURN,RET,1,,BY_VALUE,938,5,,void
74293,METHOD_RETURN,RET,1,,BY_VALUE,1020,3,,void
74295,METHOD_RETURN,RET,1,,BY_VALUE,1,2,,ANY
74442,METHOD_RETURN,RET,1,,BY_VALUE,10,4,,int
74488,METHOD_RETURN,RET,1,,BY_VALUE,67,4,,int
74546,METHOD_RETURN,RET,1,,BY_VALUE,77,3,,int
74637,METHOD_RETURN,RET,1,,BY_VALUE,94,3,,size_t
74781,METHOD_RETURN,RET,1,,BY_VALUE,123,4,,int
74812,METHOD_RETURN,RET,1,,BY_VALUE,169,3,,int
74904,METHOD_RETURN,RET,1,,BY_VALUE,183,3,,int
74931,METHOD_RETURN,RET,1,,BY_VALUE,213,3,,int
74995,METHOD_RETURN,RET,1,,BY_VALUE,229,3,,int
75085,METHOD_RETURN,RET,1,,BY_VALUE,240,4,,int
75104,METHOD_RETURN,RET,1,,BY_VALUE,269,4,,int
75691,METHOD_RETURN,RET,1,,BY_VALUE,282,5,,int
75770,METHOD_RETURN,RET,1,,BY_VALUE,441,6,,mcp_request_t
76038,METHOD_RETURN,RET,1,,BY_VALUE,467,5,,void
76247,METHOD_RETURN,RET,1,,BY_VALUE,537,3,,int
76292,METHOD_RETURN,RET,1,,BY_VALUE,593,3,,int
76382,METHOD_RETURN,RET,1,,BY_VALUE,604,3,,int
76467,METHOD_RETURN,RET,1,,BY_VALUE,620,3,,int
76638,METHOD_RETURN,RET,1,,BY_VALUE,637,3,,int
76659,METHOD_RETURN,RET,1,,BY_VALUE,697,3,,int
76681,METHOD_RETURN,RET,1,,BY_VALUE,703,3,,int
76768,METHOD_RETURN,RET,1,,BY_VALUE,709,3,,int
76993,METHOD_RETURN,RET,1,,BY_VALUE,733,3,,int
77036,METHOD_RETURN,RET,1,,BY_VALUE,794,3,,int
77038,METHOD_RETURN,RET,1,,BY_VALUE,1,2,,ANY
77060,METHOD_RETURN,RET,,,BY_VALUE,,3,,ANY
77067,METHOD_RETURN,RET,17,,BY_VALUE,48,5,,uint64_t
77095,METHOD_RETURN,RET,1,,BY_VALUE,54,4,,void
77130,METHOD_RETURN,RET,1,,BY_VALUE,63,4,,int
77181,METHOD_RETURN,RET,1,,BY_VALUE,70,5,,uint64_t
77315,METHOD_RETURN,RET,1,,BY_VALUE,89,4,,uint32_t
77384,METHOD_RETURN,RET,1,,BY_VALUE,130,8,,void
77499,METHOD_RETURN,RET,1,,BY_VALUE,143,8,,void
77633,METHOD_RETURN,RET,1,,BY_VALUE,174,8,,void
77751,METHOD_RETURN,RET,1,,BY_VALUE,211,8,,void
78126,METHOD_RETURN,RET,1,,BY_VALUE,243,3,,int
78155,METHOD_RETURN,RET,1,,BY_VALUE,358,3,,int
78157,METHOD_RETURN,RET,1,,BY_VALUE,1,2,,ANY
78374,METHOD_RETURN,RET,1,,BY_VALUE,7,3,,int
78475,METHOD_RETURN,RET,1,,BY_VALUE,72,3,,int
78477,METHOD_RETURN,RET,1,,BY_VALUE,1,2,,ANY
78501,METHOD_RETURN,RET,1,,BY_VALUE,9,3,,int
78503,METHOD_RETURN,RET,1,,BY_VALUE,1,2,,ANY
78508,METHOD_RETURN,RET,1,,BY_VALUE,1,2,,ANY
78547,METHOD_RETURN,RET,,,BY_VALUE,,3,,ANY
78646,METHOD_RETURN,RET,1,,BY_VALUE,33,6,,void
78825,METHOD_RETURN,RET,1,,BY_VALUE,72,3,,int
79024,METHOD_RETURN,RET,1,,BY_VALUE,141,5,,enum restart_get_kv_ret
79157,METHOD_RETURN,RET,1,,BY_VALUE,217,3,,int
79209,METHOD_RETURN,RET,1,,BY_VALUE,268,5,,void
79216,METHOD_RETURN,RET,1,,BY_VALUE,289,3,,long
79308,METHOD_RETURN,RET,1,,BY_VALUE,298,5,,bool
79347,METHOD_RETURN,RET,1,,BY_VALUE,335,3,,void
79754,METHOD_RETURN,RET,1,,BY_VALUE,354,3,,unsigned int
79756,METHOD_RETURN,RET,1,,BY_VALUE,1,2,,ANY
79773,METHOD_RETURN,RET,,,BY_VALUE,,3,,ANY
79779,METHOD_RETURN,RET,13,,BY_VALUE,17,5,,int
79786,METHOD_RETURN,RET,13,,BY_VALUE,18,5,,int
79794,METHOD_RETURN,RET,6,,BY_VALUE,19,6,,void
79801,METHOD_RETURN,RET,6,,BY_VALUE,21,5,,void
79810,METHOD_RETURN,RET,6,,BY_VALUE,24,5,,bool
79815,METHOD_RETURN,RET,6,,BY_VALUE,25,3,,void
79820,METHOD_RETURN,RET,14,,BY_VALUE,26,3,,unsigned int
79822,METHOD_RETURN,RET,1,,BY_VALUE,1,2,,ANY
79843,METHOD_RETURN,RET,13,,BY_VALUE,39,3,,int
79910,METHOD_RETURN,RET,1,,BY_VALUE,141,5,,int
79928,METHOD_RETURN,RET,1,,BY_VALUE,1,2,,ANY
79936,METHOD_RETURN,RET,1,,BY_VALUE,1,2,,ANY
79955,METHOD_RETURN,RET,1,,BY_VALUE,5,4,,void
80035,METHOD_RETURN,RET,1,,BY_VALUE,9,4,,int
80037,METHOD_RETURN,RET,1,,BY_VALUE,1,2,,ANY
80092,METHOD_RETURN,RET,,,BY_VALUE,,3,,ANY
80170,METHOD_RETURN,RET,1,,BY_VALUE,34,3,,void*
80187,METHOD_RETURN,RET,1,,BY_VALUE,55,3,,void
80241,METHOD_RETURN,RET,1,,BY_VALUE,61,5,,void
80691,METHOD_RETURN,RET,1,,BY_VALUE,74,5,,void
80693,METHOD_RETURN,RET,1,,BY_VALUE,1,2,,ANY
80701,METHOD_RETURN,RET,6,,BY_VALUE,5,3,,void*
80706,METHOD_RETURN,RET,6,,BY_VALUE,6,3,,void
80713,METHOD_RETURN,RET,6,,BY_VALUE,7,5,,void
80718,METHOD_RETURN,RET,14,,BY_VALUE,9,3,,void*
80723,METHOD_RETURN,RET,14,,BY_VALUE,10,3,,void
80730,METHOD_RETURN,RET,14,,BY_VALUE,11,5,,void
80737,METHOD_RETURN,RET,1,,BY_VALUE,1,2,,ANY
80799,METHOD_RETURN,RET,,,BY_VALUE,,3,,ANY
80910,METHOD_RETURN,RET,1,,BY_VALUE,41,3,,void*
80927,METHOD_RETURN,RET,1,,BY_VALUE,68,3,,void
80988,METHOD_RETURN,RET,1,,BY_VALUE,74,5,,void
81033,METHOD_RETURN,RET,1,,BY_VALUE,86,3,,int
81109,METHOD_RETURN,RET,1,,BY_VALUE,110,3,,void
81138,METHOD_RETURN,RET,1,,BY_VALUE,128,4,,struct window_data
81543,METHOD_RETURN,RET,1,,BY_VALUE,133,5,,void
81545,METHOD_RETURN,RET,1,,BY_VALUE,1,2,,ANY
81553,METHOD_RETURN,RET,6,,BY_VALUE,4,3,,void*
81558,METHOD_RETURN,RET,6,,BY_VALUE,5,3,,void
81565,METHOD_RETURN,RET,6,,BY_VALUE,6,5,,void
81567,METHOD_RETURN,RET,1,,BY_VALUE,1,2,,ANY
81654,METHOD_RETURN,RET,12,,BY_VALUE,65,3,,int
81659,METHOD_RETURN,RET,12,,BY_VALUE,66,3,,int
81664,METHOD_RETURN,RET,13,,BY_VALUE,67,3,,void*
81671,METHOD_RETURN,RET,13,,BY_VALUE,68,5,,void
81676,METHOD_RETURN,RET,13,,BY_VALUE,76,3,,void
81718,METHOD_RETURN,RET,1,,BY_VALUE,90,3,,unsigned int
81729,METHOD_RETURN,RET,1,,BY_VALUE,101,3,,unsigned int
81744,METHOD_RETURN,RET,1,,BY_VALUE,108,3,,void*
81868,METHOD_RETURN,RET,1,,BY_VALUE,166,4,,unsigned int
82164,METHOD_RETURN,RET,1,,BY_VALUE,208,8,,void
82215,METHOD_RETURN,RET,1,,BY_VALUE,298,3,,void
82261,METHOD_RETURN,RET,1,,BY_VALUE,315,3,,void
82327,METHOD_RETURN,RET,1,,BY_VALUE,337,3,,int
82363,METHOD_RETURN,RET,1,,BY_VALUE,349,4,,void
82404,METHOD_RETURN,RET,1,,BY_VALUE,359,3,,void*
82521,METHOD_RETURN,RET,1,,BY_VALUE,369,3,,int
82662,METHOD_RETURN,RET,1,,BY_VALUE,406,5,,void*
82858,METHOD_RETURN,RET,1,,BY_VALUE,450,4,,void
82962,METHOD_RETURN,RET,1,,BY_VALUE,498,5,,void
83031,METHOD_RETURN,RET,1,,BY_VALUE,528,3,,void
83071,METHOD_RETURN,RET,1,,BY_VALUE,545,3,,unsigned int
83617,METHOD_RETURN,RET,1,,BY_VALUE,556,4,,void
83687,METHOD_RETURN,RET,1,,BY_VALUE,610,3,,void*
83726,METHOD_RETURN,RET,1,,BY_VALUE,641,2,,void
83748,METHOD_RETURN,RET,1,,BY_VALUE,656,5,,void*
83765,METHOD_RETURN,RET,1,,BY_VALUE,666,5,,void
83780,METHOD_RETURN,RET,1,,BY_VALUE,672,4,,void
83806,METHOD_RETURN,RET,1,,BY_VALUE,678,3,,bool
83824,METHOD_RETURN,RET,1,,BY_VALUE,689,3,,bool
83877,METHOD_RETURN,RET,1,,BY_VALUE,697,5,,unsigned int
83885,METHOD_RETURN,RET,1,,BY_VALUE,719,3,,void
83893,METHOD_RETURN,RET,1,,BY_VALUE,723,3,,void
84084,METHOD_RETURN,RET,1,,BY_VALUE,730,3,,int
84176,METHOD_RETURN,RET,1,,BY_VALUE,789,4,,void*
84236,METHOD_RETURN,RET,1,,BY_VALUE,822,4,,void
84250,METHOD_RETURN,RET,,,BY_VALUE,,3,,ANY
85115,METHOD_RETURN,RET,1,,BY_VALUE,856,3,,int
85378,METHOD_RETURN,RET,1,,BY_VALUE,1109,3,,void
85482,METHOD_RETURN,RET,1,,BY_VALUE,1202,3,,void*
85545,METHOD_RETURN,RET,1,,BY_VALUE,1248,3,,int
85643,METHOD_RETURN,RET,1,,BY_VALUE,1264,4,,enum reassign_result_type
85669,METHOD_RETURN,RET,1,,BY_VALUE,1298,4,,enum reassign_result_type
85677,METHOD_RETURN,RET,1,,BY_VALUE,1309,3,,void
85685,METHOD_RETURN,RET,1,,BY_VALUE,1313,3,,void
85722,METHOD_RETURN,RET,1,,BY_VALUE,1319,3,,int
85746,METHOD_RETURN,RET,1,,BY_VALUE,1334,3,,void
85748,METHOD_RETURN,RET,1,,BY_VALUE,1,2,,ANY
85761,METHOD_RETURN,RET,6,,BY_VALUE,11,8,,void
85766,METHOD_RETURN,RET,6,,BY_VALUE,14,3,,void
85771,METHOD_RETURN,RET,14,,BY_VALUE,21,3,,unsigned int
85776,METHOD_RETURN,RET,14,,BY_VALUE,22,3,,unsigned int
85783,METHOD_RETURN,RET,6,,BY_VALUE,26,5,,void*
85790,METHOD_RETURN,RET,6,,BY_VALUE,29,5,,void
85795,METHOD_RETURN,RET,6,,BY_VALUE,32,3,,bool
85806,METHOD_RETURN,RET,6,,BY_VALUE,40,3,,void
85811,METHOD_RETURN,RET,14,,BY_VALUE,41,3,,unsigned int
85817,METHOD_RETURN,RET,6,,BY_VALUE,44,4,,void
85824,METHOD_RETURN,RET,14,,BY_VALUE,47,5,,unsigned int
85829,METHOD_RETURN,RET,6,,BY_VALUE,49,3,,void
85834,METHOD_RETURN,RET,6,,BY_VALUE,50,3,,void
85839,METHOD_RETURN,RET,5,,BY_VALUE,52,3,,int
85844,METHOD_RETURN,RET,6,,BY_VALUE,53,3,,void
85858,METHOD_RETURN,RET,,,BY_VALUE,,3,,ANY
85864,METHOD_RETURN,RET,6,,BY_VALUE,62,3,,void
85869,METHOD_RETURN,RET,6,,BY_VALUE,63,3,,void
85875,METHOD_RETURN,RET,14,,BY_VALUE,70,4,,unsigned int
85877,METHOD_RETURN,RET,1,,BY_VALUE,1,2,,ANY
85892,METHOD_RETURN,RET,1,,BY_VALUE,1,2,,ANY
85932,METHOD_RETURN,RET,1,,BY_VALUE,16,3,,void
85989,METHOD_RETURN,RET,1,,BY_VALUE,21,3,,void
86149,METHOD_RETURN,RET,1,,BY_VALUE,37,4,,PREFIX_STATS
86180,METHOD_RETURN,RET,1,,BY_VALUE,89,5,,void
86203,METHOD_RETURN,RET,1,,BY_VALUE,103,4,,void
86226,METHOD_RETURN,RET,1,,BY_VALUE,114,4,,void
86370,METHOD_RETURN,RET,1,,BY_VALUE,125,3,,char*
86372,METHOD_RETURN,RET,1,,BY_VALUE,1,2,,ANY
86380,METHOD_RETURN,RET,6,,BY_VALUE,17,3,,void
86385,METHOD_RETURN,RET,6,,BY_VALUE,22,3,,void
86392,METHOD_RETURN,RET,6,,BY_VALUE,25,5,,void
86398,METHOD_RETURN,RET,6,,BY_VALUE,28,4,,void
86404,METHOD_RETURN,RET,6,,BY_VALUE,31,4,,void
86409,METHOD_RETURN,RET,6,,BY_VALUE,37,3,,char*
86425,METHOD_RETURN,RET,14,,BY_VALUE,57,4,,PREFIX_STATS*
86427,METHOD_RETURN,RET,1,,BY_VALUE,1,2,,ANY
86450,METHOD_RETURN,RET,1,,BY_VALUE,1,2,,ANY
86459,METHOD_RETURN,RET,6,,BY_VALUE,4,4,,void
86465,METHOD_RETURN,RET,6,,BY_VALUE,15,4,,void
86471,METHOD_RETURN,RET,6,,BY_VALUE,16,4,,void
86477,METHOD_RETURN,RET,6,,BY_VALUE,17,4,,bool
86484,METHOD_RETURN,RET,5,,BY_VALUE,18,5,,int
86489,METHOD_RETURN,RET,6,,BY_VALUE,21,3,,void
86494,METHOD_RETURN,RET,6,,BY_VALUE,22,3,,void
86499,METHOD_RETURN,RET,6,,BY_VALUE,23,3,,void
86504,METHOD_RETURN,RET,5,,BY_VALUE,26,3,,int
86509,METHOD_RETURN,RET,6,,BY_VALUE,27,3,,void
86514,METHOD_RETURN,RET,6,,BY_VALUE,28,3,,void
86519,METHOD_RETURN,RET,5,,BY_VALUE,29,3,,int
86524,METHOD_RETURN,RET,6,,BY_VALUE,30,3,,void
86529,METHOD_RETURN,RET,6,,BY_VALUE,31,3,,void
86536,METHOD_RETURN,RET,6,,BY_VALUE,35,3,,void*
86542,METHOD_RETURN,RET,5,,BY_VALUE,36,4,,int
86547,METHOD_RETURN,RET,5,,BY_VALUE,37,3,,int
86552,METHOD_RETURN,RET,6,,BY_VALUE,38,3,,void*
86554,METHOD_RETURN,RET,1,,BY_VALUE,1,2,,ANY
86624,METHOD_RETURN,RET,13,,BY_VALUE,43,5,,ssize_t
86631,METHOD_RETURN,RET,13,,BY_VALUE,44,5,,ssize_t
86639,METHOD_RETURN,RET,16,,BY_VALUE,49,5,,ssize_t
86646,METHOD_RETURN,RET,16,,BY_VALUE,50,5,,ssize_t
86664,METHOD_RETURN,RET,1,,BY_VALUE,56,5,,ssize_t
86682,METHOD_RETURN,RET,1,,BY_VALUE,61,5,,ssize_t
86723,METHOD_RETURN,RET,1,,BY_VALUE,83,2,,void
86745,METHOD_RETURN,RET,1,,BY_VALUE,98,3,,enum test_return
86802,METHOD_RETURN,RET,1,,BY_VALUE,106,3,,enum test_return
86878,METHOD_RETURN,RET,1,,BY_VALUE,125,3,,enum test_return
86899,METHOD_RETURN,RET,1,,BY_VALUE,149,3,,enum test_return
86998,METHOD_RETURN,RET,1,,BY_VALUE,159,3,,enum test_return
87085,METHOD_RETURN,RET,1,,BY_VALUE,196,3,,enum test_return
87176,METHOD_RETURN,RET,1,,BY_VALUE,225,3,,enum test_return
87261,METHOD_RETURN,RET,1,,BY_VALUE,248,3,,enum test_return
87318,METHOD_RETURN,RET,1,,BY_VALUE,271,3,,enum test_return
87375,METHOD_RETURN,RET,1,,BY_VALUE,289,3,,enum test_return
87623,METHOD_RETURN,RET,1,,BY_VALUE,307,3,,enum test_return
87682,METHOD_RETURN,RET,1,,BY_VALUE,376,3,,enum test_return
87753,METHOD_RETURN,RET,1,,BY_VALUE,400,3,,enum test_return
87843,METHOD_RETURN,RET,1,,BY_VALUE,419,3,,enum test_return
87921,METHOD_RETURN,RET,1,,BY_VALUE,448,3,,enum test_return
88265,METHOD_RETURN,RET,1,,BY_VALUE,486,5,,pid_t
88295,METHOD_RETURN,RET,1,,BY_VALUE,624,3,,enum test_return
88359,METHOD_RETURN,RET,1,,BY_VALUE,634,4,,struct addrinfo
88507,METHOD_RETURN,RET,1,,BY_VALUE,655,6,,struct conn
88626,METHOD_RETURN,RET,1,,BY_VALUE,729,3,,enum test_return
88687,METHOD_RETURN,RET,1,,BY_VALUE,774,3,,void
88765,METHOD_RETURN,RET,1,,BY_VALUE,798,4,,void
88821,METHOD_RETURN,RET,1,,BY_VALUE,820,3,,enum test_return
88915,METHOD_RETURN,RET,1,,BY_VALUE,842,3,,enum test_return
89094,METHOD_RETURN,RET,1,,BY_VALUE,870,3,,enum test_return
89118,METHOD_RETURN,RET,1,,BY_VALUE,923,3,,enum test_return
89138,METHOD_RETURN,RET,1,,BY_VALUE,931,3,,enum test_return
89181,METHOD_RETURN,RET,1,,BY_VALUE,940,3,,enum test_return
89261,METHOD_RETURN,RET,1,,BY_VALUE,961,5,,void
89336,METHOD_RETURN,RET,1,,BY_VALUE,1002,4,,bool
89453,METHOD_RETURN,RET,1,,BY_VALUE,1026,4,,bool
89610,METHOD_RETURN,RET,1,,BY_VALUE,1063,11,,off_t
89779,METHOD_RETURN,RET,1,,BY_VALUE,1096,11,,off_t
89801,METHOD_RETURN,RET,1,,BY_VALUE,1133,9,,off_t
89907,METHOD_RETURN,RET,1,,BY_VALUE,1144,7,,off_t
90035,METHOD_RETURN,RET,1,,BY_VALUE,1166,8,,off_t
90184,METHOD_RETURN,RET,1,,BY_VALUE,1192,10,,off_t
90674,METHOD_RETURN,RET,1,,BY_VALUE,1220,5,,void
90719,METHOD_RETURN,RET,1,,BY_VALUE,1320,3,,enum test_return
90794,METHOD_RETURN,RET,1,,BY_VALUE,1339,3,,enum test_return
90802,METHOD_RETURN,RET,1,,BY_VALUE,1364,3,,enum test_return
90810,METHOD_RETURN,RET,1,,BY_VALUE,1368,3,,enum test_return
90967,METHOD_RETURN,RET,1,,BY_VALUE,1372,4,,enum test_return
90976,METHOD_RETURN,RET,1,,BY_VALUE,1412,3,,enum test_return
90985,METHOD_RETURN,RET,1,,BY_VALUE,1416,3,,enum test_return
91080,METHOD_RETURN,RET,1,,BY_VALUE,1421,4,,enum test_return
91089,METHOD_RETURN,RET,1,,BY_VALUE,1452,3,,enum test_return
91098,METHOD_RETURN,RET,1,,BY_VALUE,1456,3,,enum test_return
91259,METHOD_RETURN,RET,1,,BY_VALUE,1460,4,,enum test_return
91268,METHOD_RETURN,RET,1,,BY_VALUE,1502,3,,enum test_return
91277,METHOD_RETURN,RET,1,,BY_VALUE,1507,3,,enum test_return
91427,METHOD_RETURN,RET,1,,BY_VALUE,1512,4,,enum test_return
91436,METHOD_RETURN,RET,1,,BY_VALUE,1551,3,,enum test_return
91445,METHOD_RETURN,RET,1,,BY_VALUE,1556,3,,enum test_return
91644,METHOD_RETURN,RET,1,,BY_VALUE,1561,4,,enum test_return
91653,METHOD_RETURN,RET,1,,BY_VALUE,1616,3,,enum test_return
91662,METHOD_RETURN,RET,1,,BY_VALUE,1620,3,,enum test_return
91671,METHOD_RETURN,RET,1,,BY_VALUE,1624,3,,enum test_return
91680,METHOD_RETURN,RET,1,,BY_VALUE,1628,3,,enum test_return
91856,METHOD_RETURN,RET,1,,BY_VALUE,1632,4,,enum test_return
91865,METHOD_RETURN,RET,1,,BY_VALUE,1676,3,,enum test_return
91874,METHOD_RETURN,RET,1,,BY_VALUE,1680,3,,enum test_return
91883,METHOD_RETURN,RET,1,,BY_VALUE,1684,3,,enum test_return
91892,METHOD_RETURN,RET,1,,BY_VALUE,1688,3,,enum test_return
91977,METHOD_RETURN,RET,1,,BY_VALUE,1692,4,,enum test_return
91986,METHOD_RETURN,RET,1,,BY_VALUE,1719,3,,enum test_return
91995,METHOD_RETURN,RET,1,,BY_VALUE,1724,3,,enum test_return
92116,METHOD_RETURN,RET,1,,BY_VALUE,1729,4,,enum test_return
92125,METHOD_RETURN,RET,1,,BY_VALUE,1764,3,,enum test_return
92134,METHOD_RETURN,RET,1,,BY_VALUE,1769,3,,enum test_return
92179,METHOD_RETURN,RET,1,,BY_VALUE,1774,3,,enum test_return
92457,METHOD_RETURN,RET,1,,BY_VALUE,1793,4,,enum test_return
92466,METHOD_RETURN,RET,1,,BY_VALUE,1859,3,,enum test_return
92475,METHOD_RETURN,RET,1,,BY_VALUE,1864,3,,enum test_return
92774,METHOD_RETURN,RET,1,,BY_VALUE,1869,4,,enum test_return
92783,METHOD_RETURN,RET,1,,BY_VALUE,1935,3,,enum test_return
92792,METHOD_RETURN,RET,1,,BY_VALUE,1940,3,,enum test_return
92801,METHOD_RETURN,RET,1,,BY_VALUE,1945,3,,enum test_return
92810,METHOD_RETURN,RET,1,,BY_VALUE,1950,3,,enum test_return
92870,METHOD_RETURN,RET,1,,BY_VALUE,1955,3,,enum test_return
92926,METHOD_RETURN,RET,1,,BY_VALUE,1976,3,,enum test_return
92981,METHOD_RETURN,RET,1,,BY_VALUE,1998,3,,void*
93314,METHOD_RETURN,RET,1,,BY_VALUE,2014,4,,enum test_return
93403,METHOD_RETURN,RET,1,,BY_VALUE,2122,3,,enum test_return
93652,METHOD_RETURN,RET,1,,BY_VALUE,2158,3,,enum test_return
93838,METHOD_RETURN,RET,6,,BY_VALUE,2310,3,,void
93843,METHOD_RETURN,RET,6,,BY_VALUE,2311,3,,void
93848,METHOD_RETURN,RET,1,,BY_VALUE,2312,3,,void
93853,METHOD_RETURN,RET,1,,BY_VALUE,2314,3,,void
93975,METHOD_RETURN,RET,1,,BY_VALUE,2317,4,,int
93977,METHOD_RETURN,RET,1,,BY_VALUE,1,2,,ANY
94080,METHOD_RETURN,RET,13,,BY_VALUE,106,4,,void
94087,METHOD_RETURN,RET,13,,BY_VALUE,107,5,,void
94092,METHOD_RETURN,RET,16,,BY_VALUE,108,3,,CQ_ITEM*
94098,METHOD_RETURN,RET,13,,BY_VALUE,109,4,,void
94105,METHOD_RETURN,RET,13,,BY_VALUE,111,5,,void
94125,METHOD_RETURN,RET,1,,BY_VALUE,121,3,,void
94158,METHOD_RETURN,RET,1,,BY_VALUE,125,3,,void*
94169,METHOD_RETURN,RET,1,,BY_VALUE,133,3,,void
94189,METHOD_RETURN,RET,1,,BY_VALUE,137,3,,void
94204,METHOD_RETURN,RET,1,,BY_VALUE,141,3,,void
94226,METHOD_RETURN,RET,1,,BY_VALUE,147,3,,void
94312,METHOD_RETURN,RET,1,,BY_VALUE,158,3,,void
94507,METHOD_RETURN,RET,1,,BY_VALUE,210,3,,void
94571,METHOD_RETURN,RET,1,,BY_VALUE,277,3,,void
94652,METHOD_RETURN,RET,1,,BY_VALUE,292,3,,CQ_ITEM
94707,METHOD_RETURN,RET,1,,BY_VALUE,308,4,,void
94732,METHOD_RETURN,RET,1,,BY_VALUE,317,3,,CQ_ITEM
94743,METHOD_RETURN,RET,1,,BY_VALUE,330,4,,void
94770,METHOD_RETURN,RET,1,,BY_VALUE,340,4,,void
94801,METHOD_RETURN,RET,1,,BY_VALUE,358,5,,void
94836,METHOD_RETURN,RET,1,,BY_VALUE,379,4,,void
94849,METHOD_RETURN,RET,1,,BY_VALUE,395,3,,void
95039,METHOD_RETURN,RET,1,,BY_VALUE,405,3,,void
95090,METHOD_RETURN,RET,1,,BY_VALUE,502,3,,void*
95286,METHOD_RETURN,RET,1,,BY_VALUE,537,5,,void
95296,METHOD_RETURN,RET,1,,BY_VALUE,634,3,,LIBEVENT_THREAD
95328,METHOD_RETURN,RET,1,,BY_VALUE,644,3,,LIBEVENT_THREAD
95362,METHOD_RETURN,RET,1,,BY_VALUE,653,3,,void
95476,METHOD_RETURN,RET,1,,BY_VALUE,670,3,,LIBEVENT_THREAD
95573,METHOD_RETURN,RET,1,,BY_VALUE,717,10,,void
95586,METHOD_RETURN,RET,1,,BY_VALUE,754,3,,void
95599,METHOD_RETURN,RET,1,,BY_VALUE,758,3,,void
95634,METHOD_RETURN,RET,1,,BY_VALUE,767,3,,void
95660,METHOD_RETURN,RET,1,,BY_VALUE,784,3,,void
95680,METHOD_RETURN,RET,1,,BY_VALUE,799,7,,item
95709,METHOD_RETURN,RET,1,,BY_VALUE,810,6,,item
95739,METHOD_RETURN,RET,1,,BY_VALUE,823,7,,item
95768,METHOD_RETURN,RET,1,,BY_VALUE,831,6,,item
95811,METHOD_RETURN,RET,1,,BY_VALUE,844,3,,int
95848,METHOD_RETURN,RET,1,,BY_VALUE,859,3,,void
95860,METHOD_RETURN,RET,1,,BY_VALUE,873,5,,int
95898,METHOD_RETURN,RET,1,,BY_VALUE,880,3,,void
95934,METHOD_RETURN,RET,1,,BY_VALUE,891,9,,enum delta_result_type
95981,METHOD_RETURN,RET,1,,BY_VALUE,908,5,,enum store_item_type
95988,METHOD_RETURN,RET,1,,BY_VALUE,921,2,,void
95995,METHOD_RETURN,RET,1,,BY_VALUE,925,2,,void
96284,METHOD_RETURN,RET,1,,BY_VALUE,929,3,,void
96857,METHOD_RETURN,RET,1,,BY_VALUE,952,3,,void
96975,METHOD_RETURN,RET,1,,BY_VALUE,992,4,,void
97216,METHOD_RETURN,RET,1,,BY_VALUE,1009,4,,void
97218,METHOD_RETURN,RET,1,,BY_VALUE,1,2,,ANY
97249,METHOD_RETURN,RET,1,,BY_VALUE,13,3,,void
97398,METHOD_RETURN,RET,1,,BY_VALUE,18,3,,int
97443,METHOD_RETURN,RET,1,,BY_VALUE,73,3,,int
97454,METHOD_RETURN,RET,1,,BY_VALUE,94,3,,void
97491,METHOD_RETURN,RET,1,,BY_VALUE,99,4,,int
97493,METHOD_RETURN,RET,1,,BY_VALUE,1,2,,ANY
97510,METHOD_RETURN,RET,1,,BY_VALUE,1,2,,ANY
97518,METHOD_RETURN,RET,6,,BY_VALUE,8,3,,void
97523,METHOD_RETURN,RET,6,,BY_VALUE,9,3,,void
97530,METHOD_RETURN,RET,9,,BY_VALUE,10,5,,ssize_t
97537,METHOD_RETURN,RET,9,,BY_VALUE,11,5,,ssize_t
97544,METHOD_RETURN,RET,9,,BY_VALUE,12,5,,ssize_t
97549,METHOD_RETURN,RET,5,,BY_VALUE,14,3,,int
97554,METHOD_RETURN,RET,6,,BY_VALUE,15,3,,bool
97561,METHOD_RETURN,RET,6,,BY_VALUE,16,5,,void
97567,METHOD_RETURN,RET,5,,BY_VALUE,17,4,,int
97572,METHOD_RETURN,RET,12,,BY_VALUE,18,3,,char*
97574,METHOD_RETURN,RET,1,,BY_VALUE,1,2,,ANY
97581,METHOD_RETURN,RET,1,,BY_VALUE,1,2,,ANY
97669,METHOD_RETURN,RET,1,,BY_VALUE,14,3,,void
97747,METHOD_RETURN,RET,1,,BY_VALUE,28,6,,bool
97828,METHOD_RETURN,RET,1,,BY_VALUE,49,4,,bool
97909,METHOD_RETURN,RET,1,,BY_VALUE,79,4,,bool
97974,METHOD_RETURN,RET,1,,BY_VALUE,104,4,,bool
98061,METHOD_RETURN,RET,1,,BY_VALUE,121,4,,bool
98126,METHOD_RETURN,RET,1,,BY_VALUE,150,4,,bool
98190,METHOD_RETURN,RET,1,,BY_VALUE,167,4,,bool
98242,METHOD_RETURN,RET,1,,BY_VALUE,190,5,,bool
98297,METHOD_RETURN,RET,1,,BY_VALUE,206,5,,bool
98337,METHOD_RETURN,RET,1,,BY_VALUE,223,3,,void
98344,METHOD_RETURN,RET,1,,BY_VALUE,240,3,,uint64_t
98352,METHOD_RETURN,RET,1,,BY_VALUE,257,3,,uint64_t
98360,METHOD_RETURN,RET,1,,BY_VALUE,261,3,,uint64_t
98362,METHOD_RETURN,RET,1,,BY_VALUE,1,2,,ANY
98372,METHOD_RETURN,RET,6,,BY_VALUE,4,3,,void
98380,METHOD_RETURN,RET,6,,BY_VALUE,5,6,,bool
98386,METHOD_RETURN,RET,6,,BY_VALUE,16,4,,bool
98392,METHOD_RETURN,RET,6,,BY_VALUE,17,4,,bool
98398,METHOD_RETURN,RET,6,,BY_VALUE,18,4,,bool
98404,METHOD_RETURN,RET,6,,BY_VALUE,19,4,,bool
98410,METHOD_RETURN,RET,6,,BY_VALUE,20,4,,bool
98416,METHOD_RETURN,RET,6,,BY_VALUE,21,4,,bool
98423,METHOD_RETURN,RET,6,,BY_VALUE,22,5,,bool
98430,METHOD_RETURN,RET,6,,BY_VALUE,23,5,,bool
98435,METHOD_RETURN,RET,17,,BY_VALUE,26,3,,uint64_t
98440,METHOD_RETURN,RET,17,,BY_VALUE,27,3,,uint64_t
98445,METHOD_RETURN,RET,6,,BY_VALUE,42,3,,void
98447,METHOD_RETURN,RET,1,,BY_VALUE,1,2,,ANY
98586,METHOD_RETURN,RET,1,,BY_VALUE,16,5,,void
98674,METHOD_RETURN,RET,1,,BY_VALUE,145,3,,void
98699,METHOD_RETURN,RET,1,,BY_VALUE,172,4,,int
98701,METHOD_RETURN,RET,1,,BY_VALUE,1,2,,ANY
98968,METHOD_RETURN,RET,1,,BY_VALUE,54,4,,int
99596,METHOD_RETURN,RET,1,,BY_VALUE,125,4,,int
99611,METHOD_RETURN,RET,1,,BY_VALUE,325,3,,int
99619,METHOD_RETURN,RET,1,,BY_VALUE,330,3,,size_t
99628,METHOD_RETURN,RET,1,,BY_VALUE,337,3,,size_t
99692,METHOD_RETURN,RET,1,,BY_VALUE,347,6,,int
99744,METHOD_RETURN,RET,1,,BY_VALUE,376,4,,int
100016,METHOD_RETURN,RET,1,,BY_VALUE,397,6,,int
100107,METHOD_RETURN,RET,1,,BY_VALUE,488,6,,int
100195,METHOD_RETURN,RET,1,,BY_VALUE,518,7,,int
100214,METHOD_RETURN,RET,1,,BY_VALUE,609,7,,void
100246,METHOD_RETURN,RET,1,,BY_VALUE,659,3,,int
100248,METHOD_RETURN,RET,1,,BY_VALUE,1,2,,ANY
100276,METHOD_RETURN,RET,5,,BY_VALUE,76,3,,int
100281,METHOD_RETURN,RET,8,,BY_VALUE,77,3,,size_t
100286,METHOD_RETURN,RET,8,,BY_VALUE,78,3,,size_t
100294,METHOD_RETURN,RET,5,,BY_VALUE,79,6,,int
100302,METHOD_RETURN,RET,5,,BY_VALUE,80,6,,int
100308,METHOD_RETURN,RET,5,,BY_VALUE,81,4,,int
100316,METHOD_RETURN,RET,5,,BY_VALUE,82,6,,int
100325,METHOD_RETURN,RET,5,,BY_VALUE,83,7,,int
100330,METHOD_RETURN,RET,5,,BY_VALUE,86,3,,int
100339,METHOD_RETURN,RET,6,,BY_VALUE,87,7,,void
100341,METHOD_RETURN,RET,1,,BY_VALUE,1,2,,ANY
100389,METHOD_RETURN,RET,25,,BY_VALUE,280,3,,unsigned
100400,METHOD_RETURN,RET,,,BY_VALUE,,3,,ANY
100408,METHOD_RETURN,RET,29,,BY_VALUE,358,5,,XXH32_hash_t
100415,METHOD_RETURN,RET,29,,BY_VALUE,424,3,,XXH32_state_t*
100420,METHOD_RETURN,RET,31,,BY_VALUE,432,3,,XXH_errorcode
100426,METHOD_RETURN,RET,21,,BY_VALUE,441,4,,void
100432,METHOD_RETURN,RET,30,,BY_VALUE,456,4,,XXH_errorcode
100439,METHOD_RETURN,RET,30,,BY_VALUE,476,5,,XXH_errorcode
100444,METHOD_RETURN,RET,30,,BY_VALUE,492,3,,XXH32_hash_t
100453,METHOD_RETURN,RET,,,BY_VALUE,,3,,ANY
100459,METHOD_RETURN,RET,21,,BY_VALUE,531,4,,void
100464,METHOD_RETURN,RET,29,,BY_VALUE,543,3,,XXH32_hash_t
100472,METHOD_RETURN,RET,29,,BY_VALUE,617,5,,XXH64_hash_t
100479,METHOD_RETURN,RET,29,,BY_VALUE,626,3,,XXH64_state_t*
100484,METHOD_RETURN,RET,31,,BY_VALUE,627,3,,XXH_errorcode
100490,METHOD_RETURN,RET,21,,BY_VALUE,628,4,,void
100496,METHOD_RETURN,RET,30,,BY_VALUE,630,4,,XXH_errorcode
100503,METHOD_RETURN,RET,30,,BY_VALUE,631,5,,XXH_errorcode
100508,METHOD_RETURN,RET,30,,BY_VALUE,632,3,,XXH64_hash_t
100518,METHOD_RETURN,RET,,,BY_VALUE,,3,,ANY
100524,METHOD_RETURN,RET,21,,BY_VALUE,636,4,,void
100529,METHOD_RETURN,RET,29,,BY_VALUE,637,3,,XXH64_hash_t
100535,METHOD_RETURN,RET,29,,BY_VALUE,691,4,,XXH64_hash_t
100542,METHOD_RETURN,RET,29,,BY_VALUE,700,5,,XXH64_hash_t
100550,METHOD_RETURN,RET,29,,BY_VALUE,724,6,,XXH64_hash_t
100557,METHOD_RETURN,RET,28,,BY_VALUE,741,3,,XXH3_state_t*
100562,METHOD_RETURN,RET,30,,BY_VALUE,742,3,,XXH_errorcode
100568,METHOD_RETURN,RET,21,,BY_VALUE,743,4,,void
100573,METHOD_RETURN,RET,30,,BY_VALUE,750,3,,XXH_errorcode
100579,METHOD_RETURN,RET,30,,BY_VALUE,756,4,,XXH_errorcode
100586,METHOD_RETURN,RET,30,,BY_VALUE,766,5,,XXH_errorcode
100593,METHOD_RETURN,RET,30,,BY_VALUE,768,5,,XXH_errorcode
100598,METHOD_RETURN,RET,30,,BY_VALUE,769,3,,XXH64_hash_t
100608,METHOD_RETURN,RET,30,,BY_VALUE,790,4,,XXH128_hash_t
100615,METHOD_RETURN,RET,30,,BY_VALUE,791,5,,XXH128_hash_t
100623,METHOD_RETURN,RET,30,,BY_VALUE,792,6,,XXH128_hash_t
100628,METHOD_RETURN,RET,30,,BY_VALUE,807,3,,XXH_errorcode
100634,METHOD_RETURN,RET,30,,BY_VALUE,808,4,,XXH_errorcode
100641,METHOD_RETURN,RET,30,,BY_VALUE,809,5,,XXH_errorcode
100648,METHOD_RETURN,RET,30,,BY_VALUE,811,5,,XXH_errorcode
100653,METHOD_RETURN,RET,30,,BY_VALUE,812,3,,XXH128_hash_t
100659,METHOD_RETURN,RET,20,,BY_VALUE,822,4,,int
100665,METHOD_RETURN,RET,20,,BY_VALUE,833,4,,int
100675,METHOD_RETURN,RET,,,BY_VALUE,,3,,ANY
100681,METHOD_RETURN,RET,21,,BY_VALUE,838,4,,void
100686,METHOD_RETURN,RET,30,,BY_VALUE,839,3,,XXH128_hash_t
100688,METHOD_RETURN,RET,1,,BY_VALUE,1,2,,ANY
102042,METHOD_RETURN,RET,,,BY_VALUE,,2,,ANY
102134,METHOD_RETURN,RET,,,BY_VALUE,,2,,ANY
102137,METHOD_RETURN,RET,,,BY_VALUE,,2,,ANY
102142,METHOD_RETURN,RET,,,BY_VALUE,,2,,ANY
102146,METHOD_RETURN,RET,,,BY_VALUE,,2,,ANY
102151,METHOD_RETURN,RET,,,BY_VALUE,,2,,ANY
102156,METHOD_RETURN,RET,,,BY_VALUE,,2,,ANY
102160,METHOD_RETURN,RET,,,BY_VALUE,,2,,ANY
102164,METHOD_RETURN,RET,,,BY_VALUE,,2,,ANY
102169,METHOD_RETURN,RET,,,BY_VALUE,,2,,ANY
102173,METHOD_RETURN,RET,,,BY_VALUE,,2,,ANY
102178,METHOD_RETURN,RET,,,BY_VALUE,,2,,ANY
102183,METHOD_RETURN,RET,,,BY_VALUE,,2,,ANY
102188,METHOD_RETURN,RET,,,BY_VALUE,,2,,ANY
102193,METHOD_RETURN,RET,,,BY_VALUE,,2,,ANY
102198,METHOD_RETURN,RET,,,BY_VALUE,,2,,ANY
102202,METHOD_RETURN,RET,,,BY_VALUE,,2,,ANY
102207,METHOD_RETURN,RET,,,BY_VALUE,,2,,ANY
102212,METHOD_RETURN,RET,,,BY_VALUE,,2,,ANY
102217,METHOD_RETURN,RET,,,BY_VALUE,,2,,ANY
102222,METHOD_RETURN,RET,,,BY_VALUE,,2,,ANY
102228,METHOD_RETURN,RET,,,BY_VALUE,,2,,ANY
102232,METHOD_RETURN,RET,,,BY_VALUE,,2,,ANY
102237,METHOD_RETURN,RET,,,BY_VALUE,,2,,ANY
102241,METHOD_RETURN,RET,,,BY_VALUE,,2,,ANY
102247,METHOD_RETURN,RET,,,BY_VALUE,,2,,ANY
102251,METHOD_RETURN,RET,,,BY_VALUE,,2,,ANY
102255,METHOD_RETURN,RET,,,BY_VALUE,,2,,ANY
102260,METHOD_RETURN,RET,,,BY_VALUE,,2,,ANY
102265,METHOD_RETURN,RET,,,BY_VALUE,,2,,ANY
102270,METHOD_RETURN,RET,,,BY_VALUE,,2,,ANY
102274,METHOD_RETURN,RET,,,BY_VALUE,,2,,ANY
102279,METHOD_RETURN,RET,,,BY_VALUE,,2,,ANY
102283,METHOD_RETURN,RET,,,BY_VALUE,,2,,ANY
102288,METHOD_RETURN,RET,,,BY_VALUE,,2,,ANY
102293,METHOD_RETURN,RET,,,BY_VALUE,,2,,ANY
102296,METHOD_RETURN,RET,,,BY_VALUE,,2,,ANY
102300,METHOD_RETURN,RET,,,BY_VALUE,,2,,ANY
102304,METHOD_RETURN,RET,,,BY_VALUE,,2,,ANY
102308,METHOD_RETURN,RET,,,BY_VALUE,,2,,ANY
102311,METHOD_RETURN,RET,,,BY_VALUE,,2,,ANY
102314,METHOD_RETURN,RET,,,BY_VALUE,,2,,ANY
102318,METHOD_RETURN,RET,,,BY_VALUE,,2,,ANY
102323,METHOD_RETURN,RET,,,BY_VALUE,,2,,ANY
102327,METHOD_RETURN,RET,,,BY_VALUE,,2,,ANY
102332,METHOD_RETURN,RET,,,BY_VALUE,,2,,ANY
102336,METHOD_RETURN,RET,,,BY_VALUE,,2,,ANY
102341,METHOD_RETURN,RET,,,BY_VALUE,,2,,ANY
102344,METHOD_RETURN,RET,,,BY_VALUE,,2,,ANY
102348,METHOD_RETURN,RET,,,BY_VALUE,,2,,ANY
102352,METHOD_RETURN,RET,,,BY_VALUE,,2,,ANY
102359,METHOD_RETURN,RET,,,BY_VALUE,,2,,ANY
102363,METHOD_RETURN,RET,,,BY_VALUE,,2,,ANY
102367,METHOD_RETURN,RET,,,BY_VALUE,,2,,ANY
102372,METHOD_RETURN,RET,,,BY_VALUE,,2,,ANY
102376,METHOD_RETURN,RET,,,BY_VALUE,,2,,ANY
102379,METHOD_RETURN,RET,,,BY_VALUE,,2,,ANY
102384,METHOD_RETURN,RET,,,BY_VALUE,,2,,ANY
102389,METHOD_RETURN,RET,,,BY_VALUE,,2,,ANY
102393,METHOD_RETURN,RET,,,BY_VALUE,,2,,ANY
102397,METHOD_RETURN,RET,,,BY_VALUE,,2,,ANY
102403,METHOD_RETURN,RET,,,BY_VALUE,,2,,ANY
102406,METHOD_RETURN,RET,,,BY_VALUE,,2,,ANY
102412,METHOD_RETURN,RET,,,BY_VALUE,,2,,ANY
102416,METHOD_RETURN,RET,,,BY_VALUE,,2,,ANY
102421,METHOD_RETURN,RET,,,BY_VALUE,,2,,ANY
102426,METHOD_RETURN,RET,,,BY_VALUE,,2,,ANY
102431,METHOD_RETURN,RET,,,BY_VALUE,,2,,ANY
102435,METHOD_RETURN,RET,,,BY_VALUE,,2,,ANY
102439,METHOD_RETURN,RET,,,BY_VALUE,,2,,ANY
102443,METHOD_RETURN,RET,,,BY_VALUE,,2,,ANY
102448,METHOD_RETURN,RET,,,BY_VALUE,,2,,ANY
102452,METHOD_RETURN,RET,,,BY_VALUE,,2,,ANY
102456,METHOD_RETURN,RET,,,BY_VALUE,,2,,ANY
102460,METHOD_RETURN,RET,,,BY_VALUE,,2,,ANY
102464,METHOD_RETURN,RET,,,BY_VALUE,,2,,ANY
102468,METHOD_RETURN,RET,,,BY_VALUE,,2,,ANY
102472,METHOD_RETURN,RET,,,BY_VALUE,,2,,ANY
102476,METHOD_RETURN,RET,,,BY_VALUE,,2,,ANY
102480,METHOD_RETURN,RET,,,BY_VALUE,,2,,ANY
102483,METHOD_RETURN,RET,,,BY_VALUE,,2,,ANY
102489,METHOD_RETURN,RET,,,BY_VALUE,,2,,ANY
102492,METHOD_RETURN,RET,,,BY_VALUE,,2,,ANY
102495,METHOD_RETURN,RET,,,BY_VALUE,,2,,ANY
102499,METHOD_RETURN,RET,,,BY_VALUE,,2,,ANY
102504,METHOD_RETURN,RET,,,BY_VALUE,,2,,ANY
102507,METHOD_RETURN,RET,,,BY_VALUE,,2,,ANY
102514,METHOD_RETURN,RET,,,BY_VALUE,,2,,ANY
102518,METHOD_RETURN,RET,,,BY_VALUE,,2,,ANY
102522,METHOD_RETURN,RET,,,BY_VALUE,,2,,ANY
102526,METHOD_RETURN,RET,,,BY_VALUE,,2,,ANY
102530,METHOD_RETURN,RET,,,BY_VALUE,,2,,ANY
102533,METHOD_RETURN,RET,,,BY_VALUE,,2,,ANY
102539,METHOD_RETURN,RET,,,BY_VALUE,,2,,ANY
102545,METHOD_RETURN,RET,,,BY_VALUE,,2,,ANY
102549,METHOD_RETURN,RET,,,BY_VALUE,,2,,ANY
102557,METHOD_RETURN,RET,,,BY_VALUE,,2,,ANY
102560,METHOD_RETURN,RET,,,BY_VALUE,,2,,ANY
102568,METHOD_RETURN,RET,,,BY_VALUE,,2,,ANY
102573,METHOD_RETURN,RET,,,BY_VALUE,,2,,ANY
102576,METHOD_RETURN,RET,,,BY_VALUE,,2,,ANY
102582,METHOD_RETURN,RET,,,BY_VALUE,,2,,ANY
102587,METHOD_RETURN,RET,,,BY_VALUE,,2,,ANY
102593,METHOD_RETURN,RET,,,BY_VALUE,,2,,ANY
102596,METHOD_RETURN,RET,,,BY_VALUE,,2,,ANY
102599,METHOD_RETURN,RET,,,BY_VALUE,,2,,ANY
102602,METHOD_RETURN,RET,,,BY_VALUE,,2,,ANY
102605,METHOD_RETURN,RET,,,BY_VALUE,,2,,ANY
102608,METHOD_RETURN,RET,,,BY_VALUE,,2,,ANY
102613,METHOD_RETURN,RET,,,BY_VALUE,,2,,ANY
102616,METHOD_RETURN,RET,,,BY_VALUE,,2,,ANY
102621,METHOD_RETURN,RET,,,BY_VALUE,,2,,ANY
102626,METHOD_RETURN,RET,,,BY_VALUE,,2,,ANY
102629,METHOD_RETURN,RET,,,BY_VALUE,,2,,ANY
102633,METHOD_RETURN,RET,,,BY_VALUE,,2,,ANY
102636,METHOD_RETURN,RET,,,BY_VALUE,,2,,ANY
102640,METHOD_RETURN,RET,,,BY_VALUE,,2,,ANY
102644,METHOD_RETURN,RET,,,BY_VALUE,,2,,ANY
102650,METHOD_RETURN,RET,,,BY_VALUE,,2,,ANY
102655,METHOD_RETURN,RET,,,BY_VALUE,,2,,ANY
102659,METHOD_RETURN,RET,,,BY_VALUE,,2,,ANY
102663,METHOD_RETURN,RET,,,BY_VALUE,,2,,ANY
102667,METHOD_RETURN,RET,,,BY_VALUE,,2,,ANY
102673,METHOD_RETURN,RET,,,BY_VALUE,,2,,ANY
102678,METHOD_RETURN,RET,,,BY_VALUE,,2,,ANY
102683,METHOD_RETURN,RET,,,BY_VALUE,,2,,ANY
102688,METHOD_RETURN,RET,,,BY_VALUE,,2,,ANY
102694,METHOD_RETURN,RET,,,BY_VALUE,,2,,ANY
102700,METHOD_RETURN,RET,,,BY_VALUE,,2,,ANY
102706,METHOD_RETURN,RET,,,BY_VALUE,,2,,ANY
102713,METHOD_RETURN,RET,,,BY_VALUE,,2,,ANY
102720,METHOD_RETURN,RET,,,BY_VALUE,,2,,ANY
102723,METHOD_RETURN,RET,,,BY_VALUE,,2,,ANY
102728,METHOD_RETURN,RET,,,BY_VALUE,,2,,ANY
102731,METHOD_RETURN,RET,,,BY_VALUE,,2,,ANY
102734,METHOD_RETURN,RET,,,BY_VALUE,,2,,ANY
102739,METHOD_RETURN,RET,,,BY_VALUE,,2,,ANY
102742,METHOD_RETURN,RET,,,BY_VALUE,,2,,ANY
102745,METHOD_RETURN,RET,,,BY_VALUE,,2,,ANY
102748,METHOD_RETURN,RET,,,BY_VALUE,,2,,ANY
102751,METHOD_RETURN,RET,,,BY_VALUE,,2,,ANY
102754,METHOD_RETURN,RET,,,BY_VALUE,,2,,ANY
102758,METHOD_RETURN,RET,,,BY_VALUE,,2,,ANY
102762,METHOD_RETURN,RET,,,BY_VALUE,,2,,ANY
102765,METHOD_RETURN,RET,,,BY_VALUE,,2,,ANY
102768,METHOD_RETURN,RET,,,BY_VALUE,,2,,ANY
102773,METHOD_RETURN,RET,,,BY_VALUE,,2,,ANY
102778,METHOD_RETURN,RET,,,BY_VALUE,,2,,ANY
102782,METHOD_RETURN,RET,,,BY_VALUE,,2,,ANY
102785,METHOD_RETURN,RET,,,BY_VALUE,,2,,ANY
102788,METHOD_RETURN,RET,,,BY_VALUE,,2,,ANY
102791,METHOD_RETURN,RET,,,BY_VALUE,,2,,ANY
102794,METHOD_RETURN,RET,,,BY_VALUE,,2,,ANY
102800,METHOD_RETURN,RET,,,BY_VALUE,,2,,ANY
102805,METHOD_RETURN,RET,,,BY_VALUE,,2,,ANY
102811,METHOD_RETURN,RET,,,BY_VALUE,,2,,ANY
102819,METHOD_RETURN,RET,,,BY_VALUE,,2,,ANY
102824,METHOD_RETURN,RET,,,BY_VALUE,,2,,ANY
102828,METHOD_RETURN,RET,,,BY_VALUE,,2,,ANY
102831,METHOD_RETURN,RET,,,BY_VALUE,,2,,ANY
102836,METHOD_RETURN,RET,,,BY_VALUE,,2,,ANY
102839,METHOD_RETURN,RET,,,BY_VALUE,,2,,ANY
102842,METHOD_RETURN,RET,,,BY_VALUE,,2,,ANY
102845,METHOD_RETURN,RET,,,BY_VALUE,,2,,ANY
102848,METHOD_RETURN,RET,,,BY_VALUE,,2,,ANY
102852,METHOD_RETURN,RET,,,BY_VALUE,,2,,ANY
102855,METHOD_RETURN,RET,,,BY_VALUE,,2,,ANY
102858,METHOD_RETURN,RET,,,BY_VALUE,,2,,ANY
102863,METHOD_RETURN,RET,,,BY_VALUE,,2,,ANY
102866,METHOD_RETURN,RET,,,BY_VALUE,,2,,ANY
102871,METHOD_RETURN,RET,,,BY_VALUE,,2,,ANY
102876,METHOD_RETURN,RET,,,BY_VALUE,,2,,ANY
102881,METHOD_RETURN,RET,,,BY_VALUE,,2,,ANY
102888,METHOD_RETURN,RET,,,BY_VALUE,,2,,ANY
102893,METHOD_RETURN,RET,,,BY_VALUE,,2,,ANY
102899,METHOD_RETURN,RET,,,BY_VALUE,,2,,ANY
102906,METHOD_RETURN,RET,,,BY_VALUE,,2,,ANY
102911,METHOD_RETURN,RET,,,BY_VALUE,,2,,ANY
102918,METHOD_RETURN,RET,,,BY_VALUE,,2,,ANY
102922,METHOD_RETURN,RET,,,BY_VALUE,,2,,ANY
102925,METHOD_RETURN,RET,,,BY_VALUE,,2,,ANY
102928,METHOD_RETURN,RET,,,BY_VALUE,,2,,ANY
102931,METHOD_RETURN,RET,,,BY_VALUE,,2,,ANY
102934,METHOD_RETURN,RET,,,BY_VALUE,,2,,ANY
102937,METHOD_RETURN,RET,,,BY_VALUE,,2,,ANY
102940,METHOD_RETURN,RET,,,BY_VALUE,,2,,ANY
102943,METHOD_RETURN,RET,,,BY_VALUE,,2,,ANY
102946,METHOD_RETURN,RET,,,BY_VALUE,,2,,ANY
102952,METHOD_RETURN,RET,,,BY_VALUE,,2,,ANY
102955,METHOD_RETURN,RET,,,BY_VALUE,,2,,ANY
102962,METHOD_RETURN,RET,,,BY_VALUE,,2,,ANY
102965,METHOD_RETURN,RET,,,BY_VALUE,,2,,ANY
102968,METHOD_RETURN,RET,,,BY_VALUE,,2,,ANY
102973,METHOD_RETURN,RET,,,BY_VALUE,,2,,ANY
102978,METHOD_RETURN,RET,,,BY_VALUE,,2,,ANY
102983,METHOD_RETURN,RET,,,BY_VALUE,,2,,ANY
102988,METHOD_RETURN,RET,,,BY_VALUE,,2,,ANY
102996,METHOD_RETURN,RET,,,BY_VALUE,,2,,ANY
103000,METHOD_RETURN,RET,,,BY_VALUE,,2,,ANY
103008,METHOD_RETURN,RET,,,BY_VALUE,,2,,ANY
103016,METHOD_RETURN,RET,,,BY_VALUE,,2,,ANY
103024,METHOD_RETURN,RET,,,BY_VALUE,,2,,ANY
103032,METHOD_RETURN,RET,,,BY_VALUE,,2,,ANY
103035,METHOD_RETURN,RET,,,BY_VALUE,,2,,ANY
103041,METHOD_RETURN,RET,,,BY_VALUE,,2,,ANY
103047,METHOD_RETURN,RET,,,BY_VALUE,,2,,ANY
103052,METHOD_RETURN,RET,,,BY_VALUE,,2,,ANY
103057,METHOD_RETURN,RET,,,BY_VALUE,,2,,ANY
103061,METHOD_RETURN,RET,,,BY_VALUE,,2,,ANY
103064,METHOD_RETURN,RET,,,BY_VALUE,,2,,ANY
103068,METHOD_RETURN,RET,,,BY_VALUE,,2,,ANY
103071,METHOD_RETURN,RET,,,BY_VALUE,,2,,ANY
103074,METHOD_RETURN,RET,,,BY_VALUE,,2,,ANY
103077,METHOD_RETURN,RET,,,BY_VALUE,,2,,ANY
103080,METHOD_RETURN,RET,,,BY_VALUE,,2,,ANY
103084,METHOD_RETURN,RET,,,BY_VALUE,,2,,ANY
103090,METHOD_RETURN,RET,,,BY_VALUE,,2,,ANY
103094,METHOD_RETURN,RET,,,BY_VALUE,,2,,ANY
103098,METHOD_RETURN,RET,,,BY_VALUE,,2,,ANY
103102,METHOD_RETURN,RET,,,BY_VALUE,,2,,ANY
103105,METHOD_RETURN,RET,,,BY_VALUE,,2,,ANY
103109,METHOD_RETURN,RET,,,BY_VALUE,,2,,ANY
103114,METHOD_RETURN,RET,,,BY_VALUE,,2,,ANY
103122,METHOD_RETURN,RET,,,BY_VALUE,,2,,ANY
103127,METHOD_RETURN,RET,,,BY_VALUE,,2,,ANY
103130,METHOD_RETURN,RET,,,BY_VALUE,,2,,ANY
103135,METHOD_RETURN,RET,,,BY_VALUE,,2,,ANY
103140,METHOD_RETURN,RET,,,BY_VALUE,,2,,ANY
103146,METHOD_RETURN,RET,,,BY_VALUE,,2,,ANY
103149,METHOD_RETURN,RET,,,BY_VALUE,,2,,ANY
103153,METHOD_RETURN,RET,,,BY_VALUE,,2,,ANY
103156,METHOD_RETURN,RET,,,BY_VALUE,,2,,ANY
103159,METHOD_RETURN,RET,,,BY_VALUE,,2,,ANY
103164,METHOD_RETURN,RET,,,BY_VALUE,,2,,ANY
103167,METHOD_RETURN,RET,,,BY_VALUE,,2,,ANY
103173,METHOD_RETURN,RET,,,BY_VALUE,,2,,ANY
103177,METHOD_RETURN,RET,,,BY_VALUE,,2,,ANY
103181,METHOD_RETURN,RET,,,BY_VALUE,,2,,ANY
103186,METHOD_RETURN,RET,,,BY_VALUE,,2,,ANY
103190,METHOD_RETURN,RET,,,BY_VALUE,,2,,ANY
103193,METHOD_RETURN,RET,,,BY_VALUE,,2,,ANY
103196,METHOD_RETURN,RET,,,BY_VALUE,,2,,ANY
103199,METHOD_RETURN,RET,,,BY_VALUE,,2,,ANY
103202,METHOD_RETURN,RET,,,BY_VALUE,,2,,ANY
103205,METHOD_RETURN,RET,,,BY_VALUE,,2,,ANY
103208,METHOD_RETURN,RET,,,BY_VALUE,,2,,ANY
103211,METHOD_RETURN,RET,,,BY_VALUE,,2,,ANY
103216,METHOD_RETURN,RET,,,BY_VALUE,,2,,ANY
103219,METHOD_RETURN,RET,,,BY_VALUE,,2,,ANY
103222,METHOD_RETURN,RET,,,BY_VALUE,,2,,ANY
103225,METHOD_RETURN,RET,,,BY_VALUE,,2,,ANY
103230,METHOD_RETURN,RET,,,BY_VALUE,,2,,ANY
103233,METHOD_RETURN,RET,,,BY_VALUE,,2,,ANY
103239,METHOD_RETURN,RET,,,BY_VALUE,,2,,ANY
103245,METHOD_RETURN,RET,,,BY_VALUE,,2,,ANY
103250,METHOD_RETURN,RET,,,BY_VALUE,,2,,ANY
103253,METHOD_RETURN,RET,,,BY_VALUE,,2,,ANY
103262,METHOD_RETURN,RET,,,BY_VALUE,,2,,ANY
103268,METHOD_RETURN,RET,,,BY_VALUE,,2,,ANY
103273,METHOD_RETURN,RET,,,BY_VALUE,,2,,ANY
103278,METHOD_RETURN,RET,,,BY_VALUE,,2,,ANY
103281,METHOD_RETURN,RET,,,BY_VALUE,,2,,ANY
103284,METHOD_RETURN,RET,,,BY_VALUE,,2,,ANY
103287,METHOD_RETURN,RET,,,BY_VALUE,,2,,ANY
103290,METHOD_RETURN,RET,,,BY_VALUE,,2,,ANY
103293,METHOD_RETURN,RET,,,BY_VALUE,,2,,ANY
103299,METHOD_RETURN,RET,,,BY_VALUE,,2,,ANY
103302,METHOD_RETURN,RET,,,BY_VALUE,,2,,ANY
103307,METHOD_RETURN,RET,,,BY_VALUE,,2,,ANY
103313,METHOD_RETURN,RET,,,BY_VALUE,,2,,ANY
103321,METHOD_RETURN,RET,,,BY_VALUE,,2,,ANY
103324,METHOD_RETURN,RET,,,BY_VALUE,,2,,ANY
103332,METHOD_RETURN,RET,,,BY_VALUE,,2,,ANY
103339,METHOD_RETURN,RET,,,BY_VALUE,,2,,ANY
103343,METHOD_RETURN,RET,,,BY_VALUE,,2,,ANY
103346,METHOD_RETURN,RET,,,BY_VALUE,,2,,ANY
103352,METHOD_RETURN,RET,,,BY_VALUE,,2,,ANY
103356,METHOD_RETURN,RET,,,BY_VALUE,,2,,ANY
103359,METHOD_RETURN,RET,,,BY_VALUE,,2,,ANY
103364,METHOD_RETURN,RET,,,BY_VALUE,,2,,ANY
103369,METHOD_RETURN,RET,,,BY_VALUE,,2,,ANY
103373,METHOD_RETURN,RET,,,BY_VALUE,,2,,ANY
103377,METHOD_RETURN,RET,,,BY_VALUE,,2,,ANY
103381,METHOD_RETURN,RET,,,BY_VALUE,,2,,ANY
103386,METHOD_RETURN,RET,,,BY_VALUE,,2,,ANY
103389,METHOD_RETURN,RET,,,BY_VALUE,,2,,ANY
103392,METHOD_RETURN,RET,,,BY_VALUE,,2,,ANY
103397,METHOD_RETURN,RET,,,BY_VALUE,,2,,ANY
103402,METHOD_RETURN,RET,,,BY_VALUE,,2,,ANY
103407,METHOD_RETURN,RET,,,BY_VALUE,,2,,ANY
103411,METHOD_RETURN,RET,,,BY_VALUE,,2,,ANY
103414,METHOD_RETURN,RET,,,BY_VALUE,,2,,ANY
103417,METHOD_RETURN,RET,,,BY_VALUE,,2,,ANY
103422,METHOD_RETURN,RET,,,BY_VALUE,,2,,ANY
103427,METHOD_RETURN,RET,,,BY_VALUE,,2,,ANY
103433,METHOD_RETURN,RET,,,BY_VALUE,,2,,ANY
103439,METHOD_RETURN,RET,,,BY_VALUE,,2,,ANY
103444,METHOD_RETURN,RET,,,BY_VALUE,,2,,ANY
103448,METHOD_RETURN,RET,,,BY_VALUE,,2,,ANY
103454,METHOD_RETURN,RET,,,BY_VALUE,,2,,ANY
103459,METHOD_RETURN,RET,,,BY_VALUE,,2,,ANY
103462,METHOD_RETURN,RET,,,BY_VALUE,,2,,ANY
103465,METHOD_RETURN,RET,,,BY_VALUE,,2,,ANY
103469,METHOD_RETURN,RET,,,BY_VALUE,,2,,ANY
103474,METHOD_RETURN,RET,,,BY_VALUE,,2,,ANY
103478,METHOD_RETURN,RET,,,BY_VALUE,,2,,ANY
103482,METHOD_RETURN,RET,,,BY_VALUE,,2,,ANY
103485,METHOD_RETURN,RET,,,BY_VALUE,,2,,ANY
103488,METHOD_RETURN,RET,,,BY_VALUE,,2,,ANY
103493,METHOD_RETURN,RET,,,BY_VALUE,,2,,ANY
103497,METHOD_RETURN,RET,,,BY_VALUE,,2,,ANY
103500,METHOD_RETURN,RET,,,BY_VALUE,,2,,ANY
103505,METHOD_RETURN,RET,,,BY_VALUE,,2,,ANY
103509,METHOD_RETURN,RET,,,BY_VALUE,,2,,ANY
103512,METHOD_RETURN,RET,,,BY_VALUE,,2,,ANY
103518,METHOD_RETURN,RET,,,BY_VALUE,,2,,ANY
103521,METHOD_RETURN,RET,,,BY_VALUE,,2,,ANY
103526,METHOD_RETURN,RET,,,BY_VALUE,,2,,ANY
103529,METHOD_RETURN,RET,,,BY_VALUE,,2,,ANY
103532,METHOD_RETURN,RET,,,BY_VALUE,,2,,ANY
103535,METHOD_RETURN,RET,,,BY_VALUE,,2,,ANY
103538,METHOD_RETURN,RET,,,BY_VALUE,,2,,ANY
103541,METHOD_RETURN,RET,,,BY_VALUE,,2,,ANY
103544,METHOD_RETURN,RET,,,BY_VALUE,,2,,ANY
103547,METHOD_RETURN,RET,,,BY_VALUE,,2,,ANY
103551,METHOD_RETURN,RET,,,BY_VALUE,,2,,ANY
103555,METHOD_RETURN,RET,,,BY_VALUE,,2,,ANY
103559,METHOD_RETURN,RET,,,BY_VALUE,,2,,ANY
103563,METHOD_RETURN,RET,,,BY_VALUE,,2,,ANY
103566,METHOD_RETURN,RET,,,BY_VALUE,,2,,ANY
103569,METHOD_RETURN,RET,,,BY_VALUE,,2,,ANY
103573,METHOD_RETURN,RET,,,BY_VALUE,,2,,ANY
103577,METHOD_RETURN,RET,,,BY_VALUE,,2,,ANY
103580,METHOD_RETURN,RET,,,BY_VALUE,,2,,ANY
103585,METHOD_RETURN,RET,,,BY_VALUE,,2,,ANY
103590,METHOD_RETURN,RET,,,BY_VALUE,,2,,ANY
103596,METHOD_RETURN,RET,,,BY_VALUE,,2,,ANY
103601,METHOD_RETURN,RET,,,BY_VALUE,,2,,ANY
103607,METHOD_RETURN,RET,,,BY_VALUE,,2,,ANY
103613,METHOD_RETURN,RET,,,BY_VALUE,,2,,ANY
103616,METHOD_RETURN,RET,,,BY_VALUE,,2,,ANY
103621,METHOD_RETURN,RET,,,BY_VALUE,,2,,ANY
103627,METHOD_RETURN,RET,,,BY_VALUE,,2,,ANY
103632,METHOD_RETURN,RET,,,BY_VALUE,,2,,ANY
103638,METHOD_RETURN,RET,,,BY_VALUE,,2,,ANY
103643,METHOD_RETURN,RET,,,BY_VALUE,,2,,ANY
103647,METHOD_RETURN,RET,,,BY_VALUE,,2,,ANY
103653,METHOD_RETURN,RET,,,BY_VALUE,,2,,ANY
103656,METHOD_RETURN,RET,,,BY_VALUE,,2,,ANY
103659,METHOD_RETURN,RET,,,BY_VALUE,,2,,ANY
103662,METHOD_RETURN,RET,,,BY_VALUE,,2,,ANY
103669,METHOD_RETURN,RET,,,BY_VALUE,,2,,ANY
103674,METHOD_RETURN,RET,,,BY_VALUE,,2,,ANY
103680,METHOD_RETURN,RET,,,BY_VALUE,,2,,ANY
103686,METHOD_RETURN,RET,,,BY_VALUE,,2,,ANY
103691,METHOD_RETURN,RET,,,BY_VALUE,,2,,ANY
103696,METHOD_RETURN,RET,,,BY_VALUE,,2,,ANY
103701,METHOD_RETURN,RET,,,BY_VALUE,,2,,ANY
103706,METHOD_RETURN,RET,,,BY_VALUE,,2,,ANY
103709,METHOD_RETURN,RET,,,BY_VALUE,,2,,ANY
103712,METHOD_RETURN,RET,,,BY_VALUE,,2,,ANY
103715,METHOD_RETURN,RET,,,BY_VALUE,,2,,ANY
103718,METHOD_RETURN,RET,,,BY_VALUE,,2,,ANY
103722,METHOD_RETURN,RET,,,BY_VALUE,,2,,ANY
103725,METHOD_RETURN,RET,,,BY_VALUE,,2,,ANY
103731,METHOD_RETURN,RET,,,BY_VALUE,,2,,ANY
103736,METHOD_RETURN,RET,,,BY_VALUE,,2,,ANY
103741,METHOD_RETURN,RET,,,BY_VALUE,,2,,ANY
103744,METHOD_RETURN,RET,,,BY_VALUE,,2,,ANY
103747,METHOD_RETURN,RET,,,BY_VALUE,,2,,ANY
103751,METHOD_RETURN,RET,,,BY_VALUE,,2,,ANY
103756,METHOD_RETURN,RET,,,BY_VALUE,,2,,ANY
103761,METHOD_RETURN,RET,,,BY_VALUE,,2,,ANY
103766,METHOD_RETURN,RET,,,BY_VALUE,,2,,ANY
103770,METHOD_RETURN,RET,,,BY_VALUE,,2,,ANY
103777,METHOD_RETURN,RET,,,BY_VALUE,,2,,ANY
103782,METHOD_RETURN,RET,,,BY_VALUE,,2,,ANY
103785,METHOD_RETURN,RET,,,BY_VALUE,,2,,ANY
103789,METHOD_RETURN,RET,,,BY_VALUE,,2,,ANY
103792,METHOD_RETURN,RET,,,BY_VALUE,,2,,ANY
103796,METHOD_RETURN,RET,,,BY_VALUE,,2,,ANY
103799,METHOD_RETURN,RET,,,BY_VALUE,,2,,ANY
103804,METHOD_RETURN,RET,,,BY_VALUE,,2,,ANY
103807,METHOD_RETURN,RET,,,BY_VALUE,,2,,ANY
103810,METHOD_RETURN,RET,,,BY_VALUE,,2,,ANY
103813,METHOD_RETURN,RET,,,BY_VALUE,,2,,ANY
103816,METHOD_RETURN,RET,,,BY_VALUE,,2,,ANY
103819,METHOD_RETURN,RET,,,BY_VALUE,,2,,ANY
103822,METHOD_RETURN,RET,,,BY_VALUE,,2,,ANY
103825,METHOD_RETURN,RET,,,BY_VALUE,,2,,ANY
103828,METHOD_RETURN,RET,,,BY_VALUE,,2,,ANY
103834,METHOD_RETURN,RET,,,BY_VALUE,,2,,ANY
103840,METHOD_RETURN,RET,,,BY_VALUE,,2,,ANY
103843,METHOD_RETURN,RET,,,BY_VALUE,,2,,ANY
103846,METHOD_RETURN,RET,,,BY_VALUE,,2,,ANY
103849,METHOD_RETURN,RET,,,BY_VALUE,,2,,ANY
103855,METHOD_RETURN,RET,,,BY_VALUE,,2,,ANY
103859,METHOD_RETURN,RET,,,BY_VALUE,,2,,ANY
103864,METHOD_RETURN,RET,,,BY_VALUE,,2,,ANY
103869,METHOD_RETURN,RET,,,BY_VALUE,,2,,ANY
103874,METHOD_RETURN,RET,,,BY_VALUE,,2,,ANY
103879,METHOD_RETURN,RET,,,BY_VALUE,,2,,ANY
103884,METHOD_RETURN,RET,,,BY_VALUE,,2,,ANY
103888,METHOD_RETURN,RET,,,BY_VALUE,,2,,ANY
103892,METHOD_RETURN,RET,,,BY_VALUE,,2,,ANY
103898,METHOD_RETURN,RET,,,BY_VALUE,,2,,ANY
103904,METHOD_RETURN,RET,,,BY_VALUE,,2,,ANY
103909,METHOD_RETURN,RET,,,BY_VALUE,,2,,ANY
103914,METHOD_RETURN,RET,,,BY_VALUE,,2,,ANY
103919,METHOD_RETURN,RET,,,BY_VALUE,,2,,ANY
103923,METHOD_RETURN,RET,,,BY_VALUE,,2,,ANY
103928,METHOD_RETURN,RET,,,BY_VALUE,,2,,ANY
103935,METHOD_RETURN,RET,,,BY_VALUE,,2,,ANY
103942,METHOD_RETURN,RET,,,BY_VALUE,,2,,ANY
103947,METHOD_RETURN,RET,,,BY_VALUE,,2,,ANY
103952,METHOD_RETURN,RET,,,BY_VALUE,,2,,ANY
103957,METHOD_RETURN,RET,,,BY_VALUE,,2,,ANY
103963,METHOD_RETURN,RET,,,BY_VALUE,,2,,ANY
103968,METHOD_RETURN,RET,,,BY_VALUE,,2,,ANY
103973,METHOD_RETURN,RET,,,BY_VALUE,,2,,ANY
103978,METHOD_RETURN,RET,,,BY_VALUE,,2,,ANY
103983,METHOD_RETURN,RET,,,BY_VALUE,,2,,ANY
103989,METHOD_RETURN,RET,,,BY_VALUE,,2,,ANY
103994,METHOD_RETURN,RET,,,BY_VALUE,,2,,ANY
103999,METHOD_RETURN,RET,,,BY_VALUE,,2,,ANY
104004,METHOD_RETURN,RET,,,BY_VALUE,,2,,ANY
104009,METHOD_RETURN,RET,,,BY_VALUE,,2,,ANY
104017,METHOD_RETURN,RET,,,BY_VALUE,,2,,ANY
104022,METHOD_RETURN,RET,,,BY_VALUE,,2,,ANY
104027,METHOD_RETURN,RET,,,BY_VALUE,,2,,ANY
104032,METHOD_RETURN,RET,,,BY_VALUE,,2,,ANY
104037,METHOD_RETURN,RET,,,BY_VALUE,,2,,ANY
104043,METHOD_RETURN,RET,,,BY_VALUE,,2,,ANY
104048,METHOD_RETURN,RET,,,BY_VALUE,,2,,ANY
104053,METHOD_RETURN,RET,,,BY_VALUE,,2,,ANY
104057,METHOD_RETURN,RET,,,BY_VALUE,,2,,ANY
104060,METHOD_RETURN,RET,,,BY_VALUE,,2,,ANY
104063,METHOD_RETURN,RET,,,BY_VALUE,,2,,ANY
104066,METHOD_RETURN,RET,,,BY_VALUE,,2,,ANY
104069,METHOD_RETURN,RET,,,BY_VALUE,,2,,ANY
104072,METHOD_RETURN,RET,,,BY_VALUE,,2,,ANY
104075,METHOD_RETURN,RET,,,BY_VALUE,,2,,ANY
104081,METHOD_RETURN,RET,,,BY_VALUE,,2,,ANY
104087,METHOD_RETURN,RET,,,BY_VALUE,,2,,ANY
104093,METHOD_RETURN,RET,,,BY_VALUE,,2,,ANY
104098,METHOD_RETURN,RET,,,BY_VALUE,,2,,ANY
104101,METHOD_RETURN,RET,,,BY_VALUE,,2,,ANY
104107,METHOD_RETURN,RET,,,BY_VALUE,,2,,ANY
104115,METHOD_RETURN,RET,,,BY_VALUE,,2,,ANY
104122,METHOD_RETURN,RET,,,BY_VALUE,,2,,ANY
104128,METHOD_RETURN,RET,,,BY_VALUE,,2,,ANY
104133,METHOD_RETURN,RET,,,BY_VALUE,,2,,ANY
104138,METHOD_RETURN,RET,,,BY_VALUE,,2,,ANY
104142,METHOD_RETURN,RET,,,BY_VALUE,,2,,ANY
104145,METHOD_RETURN,RET,,,BY_VALUE,,2,,ANY
104150,METHOD_RETURN,RET,,,BY_VALUE,,2,,ANY
104155,METHOD_RETURN,RET,,,BY_VALUE,,2,,ANY
104162,METHOD_RETURN,RET,,,BY_VALUE,,2,,ANY
104166,METHOD_RETURN,RET,,,BY_VALUE,,2,,ANY
104169,METHOD_RETURN,RET,,,BY_VALUE,,2,,ANY
104174,METHOD_RETURN,RET,,,BY_VALUE,,2,,ANY
104180,METHOD_RETURN,RET,,,BY_VALUE,,2,,ANY
104185,METHOD_RETURN,RET,,,BY_VALUE,,2,,ANY
104190,METHOD_RETURN,RET,,,BY_VALUE,,2,,ANY
104193,METHOD_RETURN,RET,,,BY_VALUE,,2,,ANY
104197,METHOD_RETURN,RET,,,BY_VALUE,,2,,ANY
104203,METHOD_RETURN,RET,,,BY_VALUE,,2,,ANY
104212,METHOD_RETURN,RET,,,BY_VALUE,,2,,ANY
104215,METHOD_RETURN,RET,,,BY_VALUE,,2,,ANY
104218,METHOD_RETURN,RET,,,BY_VALUE,,2,,ANY
104221,METHOD_RETURN,RET,,,BY_VALUE,,2,,ANY
104224,METHOD_RETURN,RET,,,BY_VALUE,,2,,ANY
104227,METHOD_RETURN,RET,,,BY_VALUE,,2,,ANY
104230,METHOD_RETURN,RET,,,BY_VALUE,,2,,ANY
104236,METHOD_RETURN,RET,,,BY_VALUE,,2,,ANY
104243,METHOD_RETURN,RET,,,BY_VALUE,,2,,ANY
104246,METHOD_RETURN,RET,,,BY_VALUE,,2,,ANY
104251,METHOD_RETURN,RET,,,BY_VALUE,,2,,ANY
104255,METHOD_RETURN,RET,,,BY_VALUE,,2,,ANY
104259,METHOD_RETURN,RET,,,BY_VALUE,,2,,ANY
104262,METHOD_RETURN,RET,,,BY_VALUE,,2,,ANY
104265,METHOD_RETURN,RET,,,BY_VALUE,,2,,ANY
104268,METHOD_RETURN,RET,,,BY_VALUE,,2,,ANY
104271,METHOD_RETURN,RET,,,BY_VALUE,,2,,ANY
104274,METHOD_RETURN,RET,,,BY_VALUE,,2,,ANY
104277,METHOD_RETURN,RET,,,BY_VALUE,,2,,ANY
104280,METHOD_RETURN,RET,,,BY_VALUE,,2,,ANY
104283,METHOD_RETURN,RET,,,BY_VALUE,,2,,ANY
104289,METHOD_RETURN,RET,,,BY_VALUE,,2,,ANY
104292,METHOD_RETURN,RET,,,BY_VALUE,,2,,ANY
104299,METHOD_RETURN,RET,,,BY_VALUE,,2,,ANY
104303,METHOD_RETURN,RET,,,BY_VALUE,,2,,ANY
104306,METHOD_RETURN,RET,,,BY_VALUE,,2,,ANY
104313,METHOD_RETURN,RET,,,BY_VALUE,,2,,ANY
104319,METHOD_RETURN,RET,,,BY_VALUE,,2,,ANY
104326,METHOD_RETURN,RET,,,BY_VALUE,,2,,ANY
104329,METHOD_RETURN,RET,,,BY_VALUE,,2,,ANY
104338,METHOD_RETURN,RET,,,BY_VALUE,,2,,ANY
104344,METHOD_RETURN,RET,,,BY_VALUE,,2,,ANY
104349,METHOD_RETURN,RET,,,BY_VALUE,,2,,ANY
104352,METHOD_RETURN,RET,,,BY_VALUE,,2,,ANY
104355,METHOD_RETURN,RET,,,BY_VALUE,,2,,ANY
104358,METHOD_RETURN,RET,,,BY_VALUE,,2,,ANY
104361,METHOD_RETURN,RET,,,BY_VALUE,,2,,ANY
104364,METHOD_RETURN,RET,,,BY_VALUE,,2,,ANY
104367,METHOD_RETURN,RET,,,BY_VALUE,,2,,ANY
104370,METHOD_RETURN,RET,,,BY_VALUE,,2,,ANY
104373,METHOD_RETURN,RET,,,BY_VALUE,,2,,ANY
104376,METHOD_RETURN,RET,,,BY_VALUE,,2,,ANY
104379,METHOD_RETURN,RET,,,BY_VALUE,,2,,ANY
104383,METHOD_RETURN,RET,,,BY_VALUE,,2,,ANY
104389,METHOD_RETURN,RET,,,BY_VALUE,,2,,ANY
104393,METHOD_RETURN,RET,,,BY_VALUE,,2,,ANY
104397,METHOD_RETURN,RET,,,BY_VALUE,,2,,ANY
104402,METHOD_RETURN,RET,,,BY_VALUE,,2,,ANY
104406,METHOD_RETURN,RET,,,BY_VALUE,,2,,ANY
104412,METHOD_RETURN,RET,,,BY_VALUE,,2,,ANY
104415,METHOD_RETURN,RET,,,BY_VALUE,,2,,ANY
104419,METHOD_RETURN,RET,,,BY_VALUE,,2,,ANY
104425,METHOD_RETURN,RET,,,BY_VALUE,,2,,ANY
104429,METHOD_RETURN,RET,,,BY_VALUE,,2,,ANY
104433,METHOD_RETURN,RET,,,BY_VALUE,,2,,ANY
104439,METHOD_RETURN,RET,,,BY_VALUE,,2,,ANY
104443,METHOD_RETURN,RET,,,BY_VALUE,,2,,ANY
104447,METHOD_RETURN,RET,,,BY_VALUE,,2,,ANY
104451,METHOD_RETURN,RET,,,BY_VALUE,,2,,ANY
104455,METHOD_RETURN,RET,,,BY_VALUE,,2,,ANY
104458,METHOD_RETURN,RET,,,BY_VALUE,,2,,ANY
104462,METHOD_RETURN,RET,,,BY_VALUE,,2,,ANY
104465,METHOD_RETURN,RET,,,BY_VALUE,,2,,ANY
104470,METHOD_RETURN,RET,,,BY_VALUE,,2,,ANY
104473,METHOD_RETURN,RET,,,BY_VALUE,,2,,ANY
104476,METHOD_RETURN,RET,,,BY_VALUE,,2,,ANY
104480,METHOD_RETURN,RET,,,BY_VALUE,,2,,ANY
104484,METHOD_RETURN,RET,,,BY_VALUE,,2,,ANY
104488,METHOD_RETURN,RET,,,BY_VALUE,,2,,ANY
104492,METHOD_RETURN,RET,,,BY_VALUE,,2,,ANY
104496,METHOD_RETURN,RET,,,BY_VALUE,,2,,ANY
104501,METHOD_RETURN,RET,,,BY_VALUE,,2,,ANY
104505,METHOD_RETURN,RET,,,BY_VALUE,,2,,ANY
104509,METHOD_RETURN,RET,,,BY_VALUE,,2,,ANY
104515,METHOD_RETURN,RET,,,BY_VALUE,,2,,ANY
104521,METHOD_RETURN,RET,,,BY_VALUE,,2,,ANY
104526,METHOD_RETURN,RET,,,BY_VALUE,,2,,ANY
104529,METHOD_RETURN,RET,,,BY_VALUE,,2,,ANY
104532,METHOD_RETURN,RET,,,BY_VALUE,,2,,ANY
104535,METHOD_RETURN,RET,,,BY_VALUE,,2,,ANY
104538,METHOD_RETURN,RET,,,BY_VALUE,,2,,ANY
104541,METHOD_RETURN,RET,,,BY_VALUE,,2,,ANY
104544,METHOD_RETURN,RET,,,BY_VALUE,,2,,ANY
104547,METHOD_RETURN,RET,,,BY_VALUE,,2,,ANY
104550,METHOD_RETURN,RET,,,BY_VALUE,,2,,ANY
104553,METHOD_RETURN,RET,,,BY_VALUE,,2,,ANY
104556,METHOD_RETURN,RET,,,BY_VALUE,,2,,ANY
104559,METHOD_RETURN,RET,,,BY_VALUE,,2,,ANY
104562,METHOD_RETURN,RET,,,BY_VALUE,,2,,ANY
104565,METHOD_RETURN,RET,,,BY_VALUE,,2,,ANY
104568,METHOD_RETURN,RET,,,BY_VALUE,,2,,ANY
104571,METHOD_RETURN,RET,,,BY_VALUE,,2,,ANY
104574,METHOD_RETURN,RET,,,BY_VALUE,,2,,ANY
104577,METHOD_RETURN,RET,,,BY_VALUE,,2,,ANY
104580,METHOD_RETURN,RET,,,BY_VALUE,,2,,ANY
104583,METHOD_RETURN,RET,,,BY_VALUE,,2,,ANY
104590,METHOD_RETURN,RET,,,BY_VALUE,,2,,ANY
104593,METHOD_RETURN,RET,,,BY_VALUE,,2,,ANY
104596,METHOD_RETURN,RET,,,BY_VALUE,,2,,ANY
