197,MODIFIER,<empty>,,,LAMBDA,2
208,MODIFIER,<empty>,,,LAMBDA,2
218,MODIFIER,<empty>,,,LAMBDA,2
1197,MODIFIER,<empty>,,,LAMBDA,3
1220,MODIFIER,<empty>,,,LAMBDA,2
1243,MODIFIER,<empty>,,,LAMBDA,3
1258,MODIFIER,<empty>,,,LAMBDA,3
1479,MODIFIER,<empty>,,,STATIC,2
2716,MODIFIER,<empty>,,,LAMBDA,3
2731,MODIFIER,<empty>,,,LAMBDA,4
5837,MODIFIER,<empty>,,,LAMBDA,3
6119,MODIFIER,<empty>,,,STATIC,2
6555,MODIFIER,<empty>,,,LAMBDA,3
6578,MODIFIER,<empty>,,,LAMBDA,3
9116,MODIFIER,<empty>,,,LAMBDA,3
9568,MODIFIER,<empty>,,,LAMBDA,3
9576,MODIFIER,<empty>,,,LAMBDA,2
9698,MODIFIER,<empty>,,,LAMBDA,4
9707,MODIFIER,<empty>,,,LAMBDA,2
17349,MODIFIER,<empty>,,,LAMBDA,4
19584,MODIFIER,<empty>,,,LAMBDA,2
20960,MODIFIER,<empty>,,,LAMBDA,6
25029,MODIFIER,<empty>,,,LAMBDA,2
34345,MODIFIER,<empty>,,,LAMBDA,4
34364,MODIFIER,<empty>,,,LAMBDA,3
34379,MODIFIER,<empty>,,,LAMBDA,3
34393,MODIFIER,<empty>,,,LAMBDA,3
34407,MODIFIER,<empty>,,,LAMBDA,3
34419,MODIFIER,<empty>,,,LAMBDA,4
34431,MODIFIER,<empty>,,,LAMBDA,4
37331,MODIFIER,<empty>,,,LAMBDA,3
41177,MODIFIER,<empty>,,,LAMBDA,6
42762,MODIFIER,<empty>,,,LAMBDA,6
43985,MODIFIER,<empty>,,,LAMBDA,4
43999,MODIFIER,<empty>,,,LAMBDA,4
44021,MODIFIER,<empty>,,,LAMBDA,4
54993,MODIFIER,<empty>,,,LAMBDA,6
55040,MODIFIER,<empty>,,,LAMBDA,6
58627,MODIFIER,<empty>,,,LAMBDA,5
58636,MODIFIER,<empty>,,,LAMBDA,3
58645,MODIFIER,<empty>,,,LAMBDA,3
58659,MODIFIER,<empty>,,,LAMBDA,3
58672,MODIFIER,<empty>,,,LAMBDA,3
58693,MODIFIER,<empty>,,,LAMBDA,9
66093,MODIFIER,<empty>,,,LAMBDA,5
66105,MODIFIER,<empty>,,,LAMBDA,5
70716,MODIFIER,<empty>,,,LAMBDA,3
70723,MODIFIER,<empty>,,,LAMBDA,3
70729,MODIFIER,<empty>,,,LAMBDA,3
70735,MODIFIER,<empty>,,,LAMBDA,3
70847,MODIFIER,<empty>,,,LAMBDA,6
70856,MODIFIER,<empty>,,,LAMBDA,3
70863,MODIFIER,<empty>,,,LAMBDA,3
70869,MODIFIER,<empty>,,,LAMBDA,3
70875,MODIFIER,<empty>,,,LAMBDA,3
70881,MODIFIER,<empty>,,,LAMBDA,3
70887,MODIFIER,<empty>,,,LAMBDA,3
70998,MODIFIER,<empty>,,,LAMBDA,6
71007,MODIFIER,<empty>,,,LAMBDA,3
71014,MODIFIER,<empty>,,,LAMBDA,3
71020,MODIFIER,<empty>,,,LAMBDA,3
71050,MODIFIER,<empty>,,,LAMBDA,4
71060,MODIFIER,<empty>,,,LAMBDA,2
71070,MODIFIER,<empty>,,,LAMBDA,2
71079,MODIFIER,<empty>,,,LAMBDA,2
71087,MODIFIER,<empty>,,,LAMBDA,3
71093,MODIFIER,<empty>,,,LAMBDA,3
71099,MODIFIER,<empty>,,,LAMBDA,3
71105,MODIFIER,<empty>,,,LAMBDA,3
71111,MODIFIER,<empty>,,,LAMBDA,3
71117,MODIFIER,<empty>,,,LAMBDA,3
71123,MODIFIER,<empty>,,,LAMBDA,3
71132,MODIFIER,<empty>,,,LAMBDA,2
71175,MODIFIER,<empty>,,,LAMBDA,3
71646,MODIFIER,<empty>,,,STATIC,2
71882,MODIFIER,<empty>,,,STATIC,2
72168,MODIFIER,<empty>,,,STATIC,2
72431,MODIFIER,<empty>,,,STATIC,2
73458,MODIFIER,<empty>,,,STATIC,2
73469,MODIFIER,<empty>,,,STATIC,2
73829,MODIFIER,<empty>,,,LAMBDA,4
73846,MODIFIER,<empty>,,,LAMBDA,2
75422,MODIFIER,<empty>,,,LAMBDA,3
75454,MODIFIER,<empty>,,,LAMBDA,3
75470,MODIFIER,<empty>,,,LAMBDA,3
75476,MODIFIER,<empty>,,,LAMBDA,3
75495,MODIFIER,<empty>,,,LAMBDA,5
75505,MODIFIER,<empty>,,,LAMBDA,3
75529,MODIFIER,<empty>,,,LAMBDA,3
75552,MODIFIER,<empty>,,,LAMBDA,3
75623,MODIFIER,<empty>,,,LAMBDA,3
75661,MODIFIER,<empty>,,,LAMBDA,4
75667,MODIFIER,<empty>,,,LAMBDA,3
80797,MODIFIER,<empty>,,,STATIC,2
82809,MODIFIER,<empty>,,,STATIC,2
83596,MODIFIER,<empty>,,,LAMBDA,4
83632,MODIFIER,<empty>,,,LAMBDA,4
83669,MODIFIER,<empty>,,,LAMBDA,4
83704,MODIFIER,<empty>,,,LAMBDA,4
86179,MODIFIER,<empty>,,,LAMBDA,3
86200,MODIFIER,<empty>,,,LAMBDA,3
87114,MODIFIER,<empty>,,,STATIC,2
87183,MODIFIER,<empty>,,,STATIC,2
88681,MODIFIER,<empty>,,,STATIC,2
88740,MODIFIER,<empty>,,,STATIC,2
89742,MODIFIER,<empty>,,,STATIC,2
89749,MODIFIER,<empty>,,,LAMBDA,2
89763,MODIFIER,<empty>,,,LAMBDA,3
89792,MODIFIER,<empty>,,,LAMBDA,3
89817,MODIFIER,<empty>,,,LAMBDA,3
89824,MODIFIER,<empty>,,,LAMBDA,3
91308,MODIFIER,<empty>,,,STATIC,2
92300,MODIFIER,<empty>,,,LAMBDA,3
92327,MODIFIER,<empty>,,,LAMBDA,3
92682,MODIFIER,<empty>,,,STATIC,2
94730,MODIFIER,<empty>,,,LAMBDA,3
96383,MODIFIER,<empty>,,,LAMBDA,3
99348,MODIFIER,<empty>,,,STATIC,2
101401,MODIFIER,<empty>,,,STATIC,2
101493,MODIFIER,<empty>,,,LAMBDA,3
101521,MODIFIER,<empty>,,,LAMBDA,4
101545,MODIFIER,<empty>,,,LAMBDA,3
101571,MODIFIER,<empty>,,,LAMBDA,3
101596,MODIFIER,<empty>,,,LAMBDA,3
101640,MODIFIER,<empty>,,,LAMBDA,3
101687,MODIFIER,<empty>,,,LAMBDA,3
122291,MODIFIER,<empty>,,,LAMBDA,3
122411,MODIFIER,<empty>,,,STATIC,2
122622,MODIFIER,<empty>,,,STATIC,2
125354,MODIFIER,<empty>,,,LAMBDA,2
128773,MODIFIER,<empty>,,,LAMBDA,3
128784,MODIFIER,<empty>,,,LAMBDA,2
128808,MODIFIER,<empty>,,,LAMBDA,2
130849,MODIFIER,<empty>,,,LAMBDA,3
130874,MODIFIER,<empty>,,,LAMBDA,3
131096,MODIFIER,<empty>,,,STATIC,2
131113,MODIFIER,<empty>,,,STATIC,2
131224,MODIFIER,<empty>,,,STATIC,2
131341,MODIFIER,<empty>,,,STATIC,2
131384,MODIFIER,<empty>,,,STATIC,2
131515,MODIFIER,<empty>,,,STATIC,2
131589,MODIFIER,<empty>,,,STATIC,2
131896,MODIFIER,<empty>,,,STATIC,2
132325,MODIFIER,<empty>,,,STATIC,2
132393,MODIFIER,<empty>,,,STATIC,2
132687,MODIFIER,<empty>,,,LAMBDA,3
132701,MODIFIER,<empty>,,,LAMBDA,3
132750,MODIFIER,<empty>,,,LAMBDA,4
132762,MODIFIER,<empty>,,,LAMBDA,3
132784,MODIFIER,<empty>,,,LAMBDA,3
132796,MODIFIER,<empty>,,,LAMBDA,3
132822,MODIFIER,<empty>,,,LAMBDA,3
132837,MODIFIER,<empty>,,,LAMBDA,3
132850,MODIFIER,<empty>,,,LAMBDA,3
132862,MODIFIER,<empty>,,,LAMBDA,3
133987,MODIFIER,<empty>,,,STATIC,2
134690,MODIFIER,<empty>,,,STATIC,2
137613,MODIFIER,<empty>,,,STATIC,2
137931,MODIFIER,<empty>,,,STATIC,2
138236,MODIFIER,<empty>,,,LAMBDA,3
139676,MODIFIER,<empty>,,,LAMBDA,5
139878,MODIFIER,<empty>,,,LAMBDA,6
141953,MODIFIER,<empty>,,,LAMBDA,3
142056,MODIFIER,<empty>,,,STATIC,2
142073,MODIFIER,<empty>,,,STATIC,2
142122,MODIFIER,<empty>,,,STATIC,2
142136,MODIFIER,<empty>,,,LAMBDA,5
142152,MODIFIER,<empty>,,,LAMBDA,3
142163,MODIFIER,<empty>,,,LAMBDA,5
142172,MODIFIER,<empty>,,,LAMBDA,5
150489,MODIFIER,<empty>,,,LAMBDA,3
150527,MODIFIER,<empty>,,,LAMBDA,2
155973,MODIFIER,<empty>,,,LAMBDA,3
155984,MODIFIER,<empty>,,,LAMBDA,3
158569,MODIFIER,<empty>,,,LAMBDA,2
160224,MODIFIER,<empty>,,,LAMBDA,2
160270,MODIFIER,<empty>,,,LAMBDA,3
163316,MODIFIER,<empty>,,,LAMBDA,3
163346,MODIFIER,<empty>,,,LAMBDA,3
163538,MODIFIER,<empty>,,,LAMBDA,3
163811,MODIFIER,<empty>,,,LAMBDA,3
163969,MODIFIER,<empty>,,,LAMBDA,3
163986,MODIFIER,<empty>,,,LAMBDA,2
164129,MODIFIER,<empty>,,,LAMBDA,3
164374,MODIFIER,<empty>,,,LAMBDA,3
186468,MODIFIER,<empty>,,,LAMBDA,3
186484,MODIFIER,<empty>,,,LAMBDA,3
186495,MODIFIER,<empty>,,,LAMBDA,3
186550,MODIFIER,<empty>,,,LAMBDA,4
186583,MODIFIER,<empty>,,,LAMBDA,3
186636,MODIFIER,<empty>,,,LAMBDA,3
186646,MODIFIER,<empty>,,,LAMBDA,3
198496,MODIFIER,<empty>,,,LAMBDA,2
198635,MODIFIER,<empty>,,,STATIC,2
201097,MODIFIER,<empty>,,,STATIC,2
202764,MODIFIER,<empty>,,,LAMBDA,2
202787,MODIFIER,<empty>,,,LAMBDA,3
202797,MODIFIER,<empty>,,,LAMBDA,2
203054,MODIFIER,<empty>,,,STATIC,2
204156,MODIFIER,<empty>,,,STATIC,2
208674,MODIFIER,<empty>,,,LAMBDA,2
208695,MODIFIER,<empty>,,,LAMBDA,3
211718,MODIFIER,<empty>,,,LAMBDA,2
213538,MODIFIER,<empty>,,,LAMBDA,3
213595,MODIFIER,<empty>,,,LAMBDA,3
215929,MODIFIER,<empty>,,,LAMBDA,3
215936,MODIFIER,<empty>,,,LAMBDA,3
215947,MODIFIER,<empty>,,,LAMBDA,3
215982,MODIFIER,<empty>,,,LAMBDA,3
215996,MODIFIER,<empty>,,,LAMBDA,3
216022,MODIFIER,<empty>,,,LAMBDA,3
216036,MODIFIER,<empty>,,,LAMBDA,3
216047,MODIFIER,<empty>,,,LAMBDA,2
220397,MODIFIER,<empty>,,,LAMBDA,4
221143,MODIFIER,<empty>,,,LAMBDA,3
221167,MODIFIER,<empty>,,,LAMBDA,3
222120,MODIFIER,<empty>,,,LAMBDA,3
222138,MODIFIER,<empty>,,,LAMBDA,3
222152,MODIFIER,<empty>,,,LAMBDA,3
222167,MODIFIER,<empty>,,,LAMBDA,4
227355,MODIFIER,<empty>,,,LAMBDA,2
227389,MODIFIER,<empty>,,,LAMBDA,2
227765,MODIFIER,<empty>,,,STATIC,2
230102,MODIFIER,<empty>,,,LAMBDA,3
230411,MODIFIER,<empty>,,,LAMBDA,2
230424,MODIFIER,<empty>,,,LAMBDA,3
230512,MODIFIER,<empty>,,,LAMBDA,3
238977,MODIFIER,<empty>,,,STATIC,2
251832,MODIFIER,<empty>,,,LAMBDA,3
251859,MODIFIER,<empty>,,,LAMBDA,3
251892,MODIFIER,<empty>,,,LAMBDA,4
252707,MODIFIER,<empty>,,,LAMBDA,3
252743,MODIFIER,<empty>,,,LAMBDA,2
252755,MODIFIER,<empty>,,,LAMBDA,4
252771,MODIFIER,<empty>,,,LAMBDA,3
252793,MODIFIER,<empty>,,,LAMBDA,3
252840,MODIFIER,<empty>,,,LAMBDA,3
252902,MODIFIER,<empty>,,,LAMBDA,3
252934,MODIFIER,<empty>,,,LAMBDA,3
253545,MODIFIER,<empty>,,,STATIC,2
256605,MODIFIER,<empty>,,,LAMBDA,2
256776,MODIFIER,<empty>,,,STATIC,2
256927,MODIFIER,<empty>,,,STATIC,2
257009,MODIFIER,<empty>,,,STATIC,2
257090,MODIFIER,<empty>,,,STATIC,2
257103,MODIFIER,<empty>,,,STATIC,2
258027,MODIFIER,<empty>,,,STATIC,2
275176,MODIFIER,<empty>,,,LAMBDA,4
275465,MODIFIER,<empty>,,,STATIC,2
281839,MODIFIER,<empty>,,,LAMBDA,3
282868,MODIFIER,<empty>,,,LAMBDA,5
282902,MODIFIER,<empty>,,,LAMBDA,5
288651,MODIFIER,<empty>,,,LAMBDA,4
288665,MODIFIER,<empty>,,,LAMBDA,4
291438,MODIFIER,<empty>,,,LAMBDA,3
291457,MODIFIER,<empty>,,,LAMBDA,3
292325,MODIFIER,<empty>,,,STATIC,2
292431,MODIFIER,<empty>,,,STATIC,2
292450,MODIFIER,<empty>,,,STATIC,2
292598,MODIFIER,<empty>,,,LAMBDA,3
292625,MODIFIER,<empty>,,,LAMBDA,3
293301,MODIFIER,<empty>,,,STATIC,2
293361,MODIFIER,<empty>,,,STATIC,2
293380,MODIFIER,<empty>,,,LAMBDA,3
293400,MODIFIER,<empty>,,,LAMBDA,3
293434,MODIFIER,<empty>,,,LAMBDA,3
293460,MODIFIER,<empty>,,,LAMBDA,3
294180,MODIFIER,<empty>,,,STATIC,2
294303,MODIFIER,<empty>,,,STATIC,2
294393,MODIFIER,<empty>,,,STATIC,2
294465,MODIFIER,<empty>,,,STATIC,2
294650,MODIFIER,<empty>,,,STATIC,2
296472,MODIFIER,<empty>,,,LAMBDA,4
299401,MODIFIER,<empty>,,,LAMBDA,2
299420,MODIFIER,<empty>,,,LAMBDA,2
