66,MEMBER,<empty>,<empty>,clazz,16,,41,clazz,1,,jclass
67,MEMBER,<empty>,<empty>,getExternalStoragePublicDirectory,19,,42,getExternalStoragePublicDirectory,2,,jmethodID
68,MEMBER,<empty>,<empty>,Environment,7,,43,Environment,2,,struct
70,MEMBER,<empty>,<empty>,getAbsolutePath,19,,45,getAbsolutePath,1,,jmethodID
71,MEMBER,<empty>,<empty>,File,7,,46,File,4,,struct
73,MEMBER,<empty>,<empty>,clazz,16,,48,clazz,1,,jclass
74,MEMBER,<empty>,<empty>,getProperty,19,,49,getProperty,2,,jmethodID
75,MEMBER,<empty>,<empty>,System,7,,50,System,6,,struct
1460,MEMBER,<empty>,<empty>,thread,20,,146,thread,1,,pthread_t
1461,MEMBER,<empty>,<empty>,finished,20,,147,finished,2,,vlc_sem_t
1467,MEMBER,<empty>,<empty>,*data,10,,150,data,4,,void*
1469,MEMBER,<empty>,<empty>,*addr,14,,154,addr,1,,void*
1470,MEMBER,<empty>,<empty>,lock,21,,155,lock,2,,vlc_mutex_t
1471,MEMBER,<empty>,<empty>,wait,7,,156,wait,6,,struct
1472,MEMBER,<empty>,<empty>,killed,17,,158,killed,7,,atomic_bool
1473,MEMBER,<empty>,<empty>,killable,10,,159,killable,8,,bool
2115,MEMBER,<empty>,<empty>,AOUT_RESAMPLING_NONE=0,5,,34,AOUT_RESAMPLING_NONE,1,,ANY
2116,MEMBER,<empty>,<empty>,AOUT_RESAMPLING_UP,5,,35,AOUT_RESAMPLING_UP,2,,ANY
2117,MEMBER,<empty>,<empty>,AOUT_RESAMPLING_DOWN,5,,36,AOUT_RESAMPLING_DOWN,3,,ANY
2127,MEMBER,<empty>,<empty>,"*(*pf_request_vout)( void *, struct vout_thread_t *,
                                               const video_format_t *, bool )",27,,41,,2,,vout_thread_t*
2128,MEMBER,<empty>,<empty>,*p_private,10,,43,p_private,3,,void*
2134,MEMBER,<empty>,<empty>,lock,17,,51,lock,1,,vlc_mutex_t
2135,MEMBER,<empty>,<empty>,*module,14,,52,module,2,,module_t*
2136,MEMBER,<empty>,<empty>,*filters,20,,53,filters,3,,aout_filters_t*
2137,MEMBER,<empty>,<empty>,*volume,19,,54,volume,4,,aout_volume_t*
2139,MEMBER,<empty>,<empty>,lock,21,,58,lock,1,,vlc_mutex_t
2140,MEMBER,<empty>,<empty>,*device,14,,59,device,2,,char*
2141,MEMBER,<empty>,<empty>,volume,15,,60,volume,3,,float
2142,MEMBER,<empty>,<empty>,mute,21,,61,mute,4,,signed char
2143,MEMBER,<empty>,<empty>,req,7,,62,req,6,,struct
2145,MEMBER,<empty>,<empty>,lock,21,,66,lock,1,,vlc_mutex_t
2146,MEMBER,<empty>,<empty>,*list,20,,67,list,2,,aout_dev_t*
2147,MEMBER,<empty>,<empty>,count,18,,68,count,3,,unsigned
2148,MEMBER,<empty>,<empty>,dev,7,,69,dev,8,,struct
2150,MEMBER,<empty>,<empty>,update,21,,73,update,1,,atomic_bool
2151,MEMBER,<empty>,<empty>,lock,21,,74,lock,2,,vlc_mutex_t
2152,MEMBER,<empty>,<empty>,value,25,,75,value,3,,vlc_viewpoint_t
2153,MEMBER,<empty>,<empty>,vp,7,,76,vp,10,,struct
2155,MEMBER,<empty>,<empty>,end,17,,80,end,1,,mtime_t
2156,MEMBER,<empty>,<empty>,resamp_start_drift,18,,81,resamp_start_drift,2,,unsigned
2157,MEMBER,<empty>,<empty>,resamp_type,13,,82,resamp_type,3,,int
2158,MEMBER,<empty>,<empty>,discontinuity,14,,83,discontinuity,4,,bool
2159,MEMBER,<empty>,<empty>,sync,7,,84,sync,12,,struct
2160,MEMBER,<empty>,<empty>,initial_stereo_mode,9,,86,initial_stereo_mode,13,,int
2161,MEMBER,<empty>,<empty>,input_format,27,,88,input_format,14,,audio_sample_format_t
2162,MEMBER,<empty>,<empty>,mixer_format,27,,89,mixer_format,15,,audio_sample_format_t
2163,MEMBER,<empty>,<empty>,request_vout,25,,91,request_vout,16,,aout_request_vout_t
2164,MEMBER,<empty>,<empty>,filters_cfg,24,,92,filters_cfg,17,,aout_filters_cfg_t
2165,MEMBER,<empty>,<empty>,buffers_lost,17,,94,buffers_lost,18,,atomic_uint
2166,MEMBER,<empty>,<empty>,buffers_played,17,,95,buffers_played,19,,atomic_uint
2167,MEMBER,<empty>,<empty>,restart,18,,96,restart,20,,atomic_uchar
2170,MEMBER,<empty>,<empty>,output,20,,101,output,1,,audio_output_t
2171,MEMBER,<empty>,<empty>,owner,20,,102,owner,2,,aout_owner_t
7007,MEMBER,<empty>,<empty>,*rate_filter,14,,346,rate_filter,1,,filter_t*
7008,MEMBER,<empty>,<empty>,*resampler,14,,348,resampler,2,,filter_t*
7009,MEMBER,<empty>,<empty>,resampling,9,,349,resampling,3,,int
7010,MEMBER,<empty>,<empty>,count,14,,351,count,4,,unsigned
7011,MEMBER,<empty>,<empty>,*tab[AOUT_MAX_FILTERS],14,,352,tab,5,,filter_t ** [10]
8311,MEMBER,<empty>,<empty>,*next,16,,42,next,1,,aout_dev_t*
8312,MEMBER,<empty>,<empty>,*name,10,,43,name,2,,char*
8313,MEMBER,<empty>,<empty>,id[1],10,,44,id,3,,char[1]
10894,MEMBER,<empty>,<empty>,object,20,,38,object,1,,audio_volume_t
10895,MEMBER,<empty>,<empty>,replay_gain,25,,39,replay_gain,2,,audio_replay_gain_t
10896,MEMBER,<empty>,<empty>,gain_factor,22,,40,gain_factor,3,,vlc_atomic_float
10897,MEMBER,<empty>,<empty>,output_factor,11,,41,output_factor,4,,float
10898,MEMBER,<empty>,<empty>,*module,14,,42,module,5,,module_t*
14612,MEMBER,<empty>,<empty>,**list,21,,468,list,1,,module_config_t**
14613,MEMBER,<empty>,<empty>,count,12,,469,count,2,,size_t
19521,MEMBER,<empty>,<empty>,*arg,10,,31,arg,1,,char*
19522,MEMBER,<empty>,<empty>,ind,9,,45,ind,2,,int
19523,MEMBER,<empty>,<empty>,opt,9,,49,opt,3,,int
19524,MEMBER,<empty>,<empty>,*nextchar,10,,58,nextchar,4,,char*
19525,MEMBER,<empty>,<empty>,first_nonopt,9,,66,first_nonopt,5,,int
19526,MEMBER,<empty>,<empty>,last_nonopt,9,,67,last_nonopt,6,,int
19529,MEMBER,<empty>,<empty>,*name,16,,93,name,1,,char*
19530,MEMBER,<empty>,<empty>,has_arg,10,,94,has_arg,2,,bool
19531,MEMBER,<empty>,<empty>,*flag,9,,95,flag,3,,int*
19532,MEMBER,<empty>,<empty>,val,9,,96,val,4,,int
24095,MEMBER,<empty>,<empty>,i_value,13,,111,i_value,1,,mtime_t
24096,MEMBER,<empty>,<empty>,i_residue,13,,112,i_residue,2,,int
24097,MEMBER,<empty>,<empty>,i_count,13,,114,i_count,3,,int
24098,MEMBER,<empty>,<empty>,i_divider,13,,115,i_divider,4,,int
24134,MEMBER,<empty>,<empty>,i_stream,13,,128,i_stream,1,,mtime_t
24135,MEMBER,<empty>,<empty>,i_system,13,,129,i_system,2,,mtime_t
24158,MEMBER,<empty>,<empty>,lock,17,,145,lock,1,,vlc_mutex_t
24159,MEMBER,<empty>,<empty>,last,19,,149,last,2,,clock_point_t
24160,MEMBER,<empty>,<empty>,i_ts_max,13,,152,i_ts_max,3,,mtime_t
24161,MEMBER,<empty>,<empty>,i_buffering_duration,13,,155,i_buffering_duration,4,,mtime_t
24162,MEMBER,<empty>,<empty>,i_next_drift_update,13,,158,i_next_drift_update,5,,mtime_t
24163,MEMBER,<empty>,<empty>,drift,15,,159,drift,6,,average_t
24165,MEMBER,<empty>,<empty>,pi_value[INPUT_CLOCK_LATE_COUNT],18,,164,pi_value,1,,mtime_t[3]
24166,MEMBER,<empty>,<empty>,i_index,18,,165,i_index,2,,unsigned
24175,MEMBER,<empty>,<empty>,late,7,,166,late,8,,struct
24176,MEMBER,<empty>,<empty>,ref,19,,169,ref,9,,clock_point_t
24177,MEMBER,<empty>,<empty>,b_has_reference,19,,170,b_has_reference,10,,bool
24178,MEMBER,<empty>,<empty>,i_external_clock,19,,173,i_external_clock,11,,mtime_t
24179,MEMBER,<empty>,<empty>,b_has_external_clock,19,,174,b_has_external_clock,12,,bool
24180,MEMBER,<empty>,<empty>,b_paused,13,,177,b_paused,13,,bool
24181,MEMBER,<empty>,<empty>,i_rate,13,,178,i_rate,14,,int
24182,MEMBER,<empty>,<empty>,i_pts_delay,13,,179,i_pts_delay,15,,mtime_t
24183,MEMBER,<empty>,<empty>,i_pause_date,13,,180,i_pause_date,16,,mtime_t
27538,MEMBER,<empty>,<empty>,RELOAD_NO_REQUEST,5,,62,RELOAD_NO_REQUEST,1,,ANY
27539,MEMBER,<empty>,<empty>,RELOAD_DECODER,5,,63,RELOAD_DECODER,2,,ANY
27540,MEMBER,<empty>,<empty>,RELOAD_DECODER_AOUT,5,,64,RELOAD_DECODER_AOUT,3,,ANY
27542,MEMBER,<empty>,<empty>,*p_input,21,,69,p_input,1,,input_thread_t*
27543,MEMBER,<empty>,<empty>,*p_resource,21,,70,p_resource,2,,input_resource_t*
27544,MEMBER,<empty>,<empty>,*p_clock,21,,71,p_clock,3,,input_clock_t*
27545,MEMBER,<empty>,<empty>,i_last_rate,21,,72,i_last_rate,4,,int
27546,MEMBER,<empty>,<empty>,*p_spu_vout,21,,74,p_spu_vout,5,,vout_thread_t*
27547,MEMBER,<empty>,<empty>,i_spu_channel,22,,75,i_spu_channel,6,,int
27548,MEMBER,<empty>,<empty>,i_spu_order,22,,76,i_spu_order,7,,int64_t
27549,MEMBER,<empty>,<empty>,*p_sout,29,,78,p_sout,8,,sout_instance_t*
27550,MEMBER,<empty>,<empty>,*p_sout_input,29,,79,p_sout_input,9,,sout_packetizer_input_t*
27551,MEMBER,<empty>,<empty>,thread,22,,81,thread,10,,vlc_thread_t
27559,MEMBER,<empty>,<empty>,*p_packetizer,15,,86,p_packetizer,12,,decoder_t*
27560,MEMBER,<empty>,<empty>,b_packetizer,10,,87,b_packetizer,13,,bool
27561,MEMBER,<empty>,<empty>,fmt,20,,90,fmt,14,,es_format_t
27562,MEMBER,<empty>,<empty>,b_fmt_description,20,,93,b_fmt_description,15,,bool
27563,MEMBER,<empty>,<empty>,*p_description,20,,94,p_description,16,,vlc_meta_t*
27564,MEMBER,<empty>,<empty>,reload,20,,95,reload,17,,atomic_int
27565,MEMBER,<empty>,<empty>,*p_fifo,18,,98,p_fifo,18,,block_fifo_t*
27566,MEMBER,<empty>,<empty>,lock,17,,101,lock,19,,vlc_mutex_t
27567,MEMBER,<empty>,<empty>,wait_request,17,,102,wait_request,20,,vlc_cond_t
27568,MEMBER,<empty>,<empty>,wait_acknowledge,17,,103,wait_acknowledge,21,,vlc_cond_t
27569,MEMBER,<empty>,<empty>,wait_fifo,17,,104,wait_fifo,22,,vlc_cond_t
27570,MEMBER,<empty>,<empty>,wait_timed,17,,105,wait_timed,23,,vlc_cond_t
27571,MEMBER,<empty>,<empty>,*p_aout,20,,108,p_aout,24,,audio_output_t*
27572,MEMBER,<empty>,<empty>,*p_vout,21,,110,p_vout,25,,vout_thread_t*
27573,MEMBER,<empty>,<empty>,i_preroll_end,13,,114,i_preroll_end,26,,int64_t
27574,MEMBER,<empty>,<empty>,pause_date,13,,116,pause_date,27,,mtime_t
27575,MEMBER,<empty>,<empty>,frames_countdown,14,,117,frames_countdown,28,,unsigned
27576,MEMBER,<empty>,<empty>,paused,10,,118,paused,29,,bool
27577,MEMBER,<empty>,<empty>,error,10,,120,error,30,,bool
27578,MEMBER,<empty>,<empty>,b_waiting,10,,123,b_waiting,31,,bool
27579,MEMBER,<empty>,<empty>,b_first,10,,124,b_first,32,,bool
27580,MEMBER,<empty>,<empty>,b_has_data,10,,125,b_has_data,33,,bool
27581,MEMBER,<empty>,<empty>,flushing,10,,128,flushing,34,,bool
27582,MEMBER,<empty>,<empty>,b_draining,10,,129,b_draining,35,,bool
27583,MEMBER,<empty>,<empty>,drained,17,,130,drained,36,,atomic_bool
27584,MEMBER,<empty>,<empty>,b_idle,10,,131,b_idle,37,,bool
27586,MEMBER,<empty>,<empty>,b_supported,14,,137,b_supported,1,,bool
27587,MEMBER,<empty>,<empty>,desc,27,,138,desc,2,,decoder_cc_desc_t
27588,MEMBER,<empty>,<empty>,*pp_decoder[MAX_CC_DECODERS],19,,139,pp_decoder,3,,decoder_t ** [64]
27597,MEMBER,<empty>,<empty>,cc,7,,140,cc,39,,struct
27598,MEMBER,<empty>,<empty>,i_ts_delay,13,,143,i_ts_delay,40,,mtime_t
34094,MEMBER,<empty>,<empty>,key[20],16,,41,key,1,,char[20]
34095,MEMBER,<empty>,<empty>,name[8],16,,42,name,2,,char[8]
34386,MEMBER,<empty>,<empty>,demux,13,,156,demux,1,,demux_t
35808,MEMBER,<empty>,<empty>,*fifo,14,,37,fifo,1,,stream_t*
35809,MEMBER,<empty>,<empty>,thread,18,,39,thread,2,,vlc_thread_t
35810,MEMBER,<empty>,<empty>,lock,18,,40,lock,3,,vlc_mutex_t
35812,MEMBER,<empty>,<empty>,position,17,,44,position,1,,double
35813,MEMBER,<empty>,<empty>,length,17,,45,length,2,,int64_t
35814,MEMBER,<empty>,<empty>,time,17,,46,time,3,,int64_t
35815,MEMBER,<empty>,<empty>,stats,7,,47,stats,5,,struct
35816,MEMBER,<empty>,<empty>,*out,14,,49,out,6,,es_out_t*
35817,MEMBER,<empty>,<empty>,name[],10,,50,name,7,,char[]
36226,MEMBER,<empty>,<empty>,i_id,9,,63,i_id,1,,int
36227,MEMBER,<empty>,<empty>,i_es,9,,66,i_es,2,,int
36228,MEMBER,<empty>,<empty>,b_selected,10,,68,b_selected,3,,bool
36229,MEMBER,<empty>,<empty>,b_scrambled,10,,69,b_scrambled,4,,bool
36230,MEMBER,<empty>,<empty>,*p_clock,19,,72,p_clock,5,,input_clock_t*
36231,MEMBER,<empty>,<empty>,i_last_pcr,13,,74,i_last_pcr,6,,mtime_t
36232,MEMBER,<empty>,<empty>,*p_meta,16,,76,p_meta,7,,vlc_meta_t*
36235,MEMBER,<empty>,<empty>,i_id,15,,82,i_id,1,,int
36236,MEMBER,<empty>,<empty>,*p_pgrm,19,,83,p_pgrm,2,,es_out_pgrm_t*
36237,MEMBER,<empty>,<empty>,b_scrambled,10,,86,b_scrambled,3,,bool
36238,MEMBER,<empty>,<empty>,i_channel,17,,89,i_channel,4,,int
36239,MEMBER,<empty>,<empty>,fmt,17,,90,fmt,5,,es_format_t
36240,MEMBER,<empty>,<empty>,*psz_language,17,,91,psz_language,6,,char*
36241,MEMBER,<empty>,<empty>,*psz_language_code,17,,92,psz_language_code,7,,char*
36242,MEMBER,<empty>,<empty>,*p_dec,17,,94,p_dec,8,,decoder_t*
36243,MEMBER,<empty>,<empty>,*p_dec_record,17,,95,p_dec_record,9,,decoder_t*
36244,MEMBER,<empty>,<empty>,i_pts_level,17,,97,i_pts_level,10,,mtime_t
36246,MEMBER,<empty>,<empty>,type,22,,102,type,1,,vlc_fourcc_t
36247,MEMBER,<empty>,<empty>,i_bitmap,22,,103,i_bitmap,2,,uint64_t
36248,MEMBER,<empty>,<empty>,*pp_es[64],22,,104,pp_es,3,,es_out_id_t ** [64]
36255,MEMBER,<empty>,<empty>,cc,7,,105,cc,12,,struct
36256,MEMBER,<empty>,<empty>,*p_master,17,,108,p_master,13,,es_out_id_t*
36257,MEMBER,<empty>,<empty>,i_meta_id,17,,111,i_meta_id,14,,int
36259,MEMBER,<empty>,<empty>,i_count,17,,116,i_count,1,,int
36260,MEMBER,<empty>,<empty>,*p_main_es,17,,117,p_main_es,2,,es_out_id_t*
36262,MEMBER,<empty>,<empty>,e_policy,26,,118,e_policy,4,,es_out_policy_e
36263,MEMBER,<empty>,<empty>,b_autoselect,17,,121,b_autoselect,5,,bool
36264,MEMBER,<empty>,<empty>,i_id,17,,122,i_id,6,,int
36265,MEMBER,<empty>,<empty>,i_demux_id,17,,123,i_demux_id,7,,int
36266,MEMBER,<empty>,<empty>,i_channel,17,,124,i_channel,8,,int
36267,MEMBER,<empty>,<empty>,**ppsz_language,17,,125,ppsz_language,9,,char**
36270,MEMBER,<empty>,<empty>,*p_input,20,,130,p_input,1,,input_thread_t*
36271,MEMBER,<empty>,<empty>,lock,19,,133,lock,2,,vlc_mutex_t
36272,MEMBER,<empty>,<empty>,i_pgrm,19,,136,i_pgrm,3,,int
36273,MEMBER,<empty>,<empty>,**pgrm,19,,137,pgrm,4,,es_out_pgrm_t**
36274,MEMBER,<empty>,<empty>,*p_pgrm,19,,138,p_pgrm,5,,es_out_pgrm_t*
36275,MEMBER,<empty>,<empty>,i_id,17,,141,i_id,6,,int
36276,MEMBER,<empty>,<empty>,i_es,17,,142,i_es,7,,int
36277,MEMBER,<empty>,<empty>,**es,17,,143,es,8,,es_out_id_t**
36278,MEMBER,<empty>,<empty>,b_active,11,,146,b_active,9,,bool
36279,MEMBER,<empty>,<empty>,i_mode,17,,147,i_mode,10,,int
36280,MEMBER,<empty>,<empty>,video,23,,149,video,11,,es_out_es_props_t
36281,MEMBER,<empty>,<empty>,audio,30,,149,audio,12,,es_out_es_props_t
36282,MEMBER,<empty>,<empty>,sub,37,,149,sub,13,,es_out_es_props_t
36283,MEMBER,<empty>,<empty>,i_group_id,17,,152,i_group_id,14,,int
36284,MEMBER,<empty>,<empty>,i_audio_delay,13,,155,i_audio_delay,15,,int64_t
36285,MEMBER,<empty>,<empty>,i_spu_delay,13,,156,i_spu_delay,16,,int64_t
36286,MEMBER,<empty>,<empty>,i_pts_delay,17,,159,i_pts_delay,17,,mtime_t
36287,MEMBER,<empty>,<empty>,i_pts_jitter,17,,160,i_pts_jitter,18,,mtime_t
36288,MEMBER,<empty>,<empty>,i_cr_average,17,,161,i_cr_average,19,,int
36289,MEMBER,<empty>,<empty>,i_rate,17,,162,i_rate,20,,int
36290,MEMBER,<empty>,<empty>,b_paused,17,,165,b_paused,21,,bool
36291,MEMBER,<empty>,<empty>,i_pause_date,17,,166,i_pause_date,22,,mtime_t
36292,MEMBER,<empty>,<empty>,i_preroll_end,17,,169,i_preroll_end,23,,mtime_t
36293,MEMBER,<empty>,<empty>,b_buffering,17,,172,b_buffering,24,,bool
36294,MEMBER,<empty>,<empty>,i_buffering_extra_initial,17,,173,i_buffering_extra_initial,25,,mtime_t
36295,MEMBER,<empty>,<empty>,i_buffering_extra_stream,17,,174,i_buffering_extra_stream,26,,mtime_t
36296,MEMBER,<empty>,<empty>,i_buffering_extra_system,17,,175,i_buffering_extra_system,27,,mtime_t
36297,MEMBER,<empty>,<empty>,*p_sout_record,21,,178,p_sout_record,28,,sout_instance_t*
36298,MEMBER,<empty>,<empty>,i_prev_stream_level,17,,181,i_prev_stream_level,29,,int
46663,MEMBER,<empty>,<empty>,ES_OUT_MODE_NONE,5,,32,ES_OUT_MODE_NONE,1,,ANY
46664,MEMBER,<empty>,<empty>,ES_OUT_MODE_ALL,5,,33,ES_OUT_MODE_ALL,2,,ANY
46665,MEMBER,<empty>,<empty>,ES_OUT_MODE_AUTO,5,,34,ES_OUT_MODE_AUTO,3,,ANY
46666,MEMBER,<empty>,<empty>,ES_OUT_MODE_PARTIAL,5,,35,ES_OUT_MODE_PARTIAL,4,,ANY
46667,MEMBER,<empty>,<empty>,ES_OUT_MODE_END,5,,36,ES_OUT_MODE_END,5,,ANY
46669,MEMBER,<empty>,<empty>,ES_OUT_SET_MODE = ES_OUT_PRIVATE_START,5,,42,ES_OUT_SET_MODE,1,,ANY
46670,MEMBER,<empty>,<empty>,ES_OUT_GET_WAKE_UP,5,,45,ES_OUT_GET_WAKE_UP,2,,ANY
46671,MEMBER,<empty>,<empty>,ES_OUT_SET_ES_BY_ID,5,,48,ES_OUT_SET_ES_BY_ID,3,,ANY
46672,MEMBER,<empty>,<empty>,ES_OUT_RESTART_ES_BY_ID,5,,49,ES_OUT_RESTART_ES_BY_ID,4,,ANY
46673,MEMBER,<empty>,<empty>,ES_OUT_SET_ES_DEFAULT_BY_ID,5,,50,ES_OUT_SET_ES_DEFAULT_BY_ID,5,,ANY
46674,MEMBER,<empty>,<empty>,ES_OUT_GET_ES_OBJECTS_BY_ID,5,,51,ES_OUT_GET_ES_OBJECTS_BY_ID,6,,ANY
46675,MEMBER,<empty>,<empty>,ES_OUT_STOP_ALL_ES,5,,55,ES_OUT_STOP_ALL_ES,7,,ANY
46676,MEMBER,<empty>,<empty>,ES_OUT_START_ALL_ES,5,,57,ES_OUT_START_ALL_ES,8,,ANY
46677,MEMBER,<empty>,<empty>,ES_OUT_GET_BUFFERING,5,,60,ES_OUT_GET_BUFFERING,9,,ANY
46678,MEMBER,<empty>,<empty>,ES_OUT_SET_DELAY,5,,63,ES_OUT_SET_DELAY,10,,ANY
46679,MEMBER,<empty>,<empty>,ES_OUT_SET_RECORD_STATE,5,,66,ES_OUT_SET_RECORD_STATE,11,,ANY
46680,MEMBER,<empty>,<empty>,ES_OUT_SET_PAUSE_STATE,5,,69,ES_OUT_SET_PAUSE_STATE,12,,ANY
46681,MEMBER,<empty>,<empty>,ES_OUT_SET_RATE,5,,72,ES_OUT_SET_RATE,13,,ANY
46682,MEMBER,<empty>,<empty>,ES_OUT_SET_TIME,5,,75,ES_OUT_SET_TIME,14,,ANY
46683,MEMBER,<empty>,<empty>,ES_OUT_SET_FRAME_NEXT,5,,78,ES_OUT_SET_FRAME_NEXT,15,,ANY
46684,MEMBER,<empty>,<empty>,ES_OUT_SET_TIMES,5,,81,ES_OUT_SET_TIMES,16,,ANY
46685,MEMBER,<empty>,<empty>,ES_OUT_SET_JITTER,5,,84,ES_OUT_SET_JITTER,17,,ANY
46686,MEMBER,<empty>,<empty>,ES_OUT_GET_GROUP_FORCED,5,,87,ES_OUT_GET_GROUP_FORCED,18,,ANY
46687,MEMBER,<empty>,<empty>,ES_OUT_SET_EOS,5,,90,ES_OUT_SET_EOS,19,,ANY
46981,MEMBER,<empty>,<empty>,C_ADD,5,,66,C_ADD,1,,ANY
46982,MEMBER,<empty>,<empty>,C_SEND,5,,67,C_SEND,2,,ANY
46983,MEMBER,<empty>,<empty>,C_DEL,5,,68,C_DEL,3,,ANY
46984,MEMBER,<empty>,<empty>,C_CONTROL,5,,69,C_CONTROL,4,,ANY
46986,MEMBER,<empty>,<empty>,*p_es,17,,74,p_es,1,,es_out_id_t*
46987,MEMBER,<empty>,<empty>,*p_fmt,17,,75,p_fmt,2,,es_format_t*
46990,MEMBER,<empty>,<empty>,*p_es,17,,80,p_es,1,,es_out_id_t*
46993,MEMBER,<empty>,<empty>,*p_es,17,,85,p_es,1,,es_out_id_t*
46994,MEMBER,<empty>,<empty>,*p_block,13,,86,p_block,2,,block_t*
46995,MEMBER,<empty>,<empty>,i_offset,13,,87,i_offset,3,,int
46998,MEMBER,<empty>,<empty>,i_query,10,,92,i_query,1,,int
47000,MEMBER,<empty>,<empty>,b_bool,14,,96,b_bool,1,,bool
47001,MEMBER,<empty>,<empty>,i_int,14,,97,i_int,2,,int
47002,MEMBER,<empty>,<empty>,i_i64,17,,98,i_i64,3,,int64_t
47003,MEMBER,<empty>,<empty>,*p_es,21,,99,p_es,4,,es_out_id_t*
47005,MEMBER,<empty>,<empty>,i_int,21,,102,i_int,1,,int
47006,MEMBER,<empty>,<empty>,i_i64,21,,103,i_i64,2,,int64_t
47007,MEMBER,<empty>,<empty>,int_i64,11,,104,int_i64,6,,struct
47009,MEMBER,<empty>,<empty>,i_int,24,,107,i_int,1,,int
47010,MEMBER,<empty>,<empty>,*p_meta,24,,108,p_meta,2,,vlc_meta_t*
47011,MEMBER,<empty>,<empty>,int_meta,11,,109,int_meta,8,,struct
47013,MEMBER,<empty>,<empty>,i_int,23,,112,i_int,1,,int
47014,MEMBER,<empty>,<empty>,*p_epg,23,,113,p_epg,2,,vlc_epg_t*
47015,MEMBER,<empty>,<empty>,int_epg,11,,114,int_epg,10,,struct
47017,MEMBER,<empty>,<empty>,i_int,23,,117,i_int,1,,int
47018,MEMBER,<empty>,<empty>,*p_evt,29,,118,p_evt,2,,vlc_epg_event_t*
47019,MEMBER,<empty>,<empty>,int_epg_evt,11,,119,int_epg_evt,12,,struct
47021,MEMBER,<empty>,<empty>,*p_es,25,,122,p_es,1,,es_out_id_t*
47022,MEMBER,<empty>,<empty>,b_bool,25,,123,b_bool,2,,bool
47023,MEMBER,<empty>,<empty>,es_bool,11,,124,es_bool,14,,struct
47025,MEMBER,<empty>,<empty>,*p_es,25,,127,p_es,1,,es_out_id_t*
47026,MEMBER,<empty>,<empty>,*p_fmt,25,,128,p_fmt,2,,es_format_t*
47027,MEMBER,<empty>,<empty>,es_fmt,11,,129,es_fmt,16,,struct
47029,MEMBER,<empty>,<empty>,i_cat,17,,132,i_cat,1,,int
47030,MEMBER,<empty>,<empty>,i_policy,17,,133,i_policy,2,,int
47031,MEMBER,<empty>,<empty>,es_policy,11,,134,es_policy,18,,struct
47033,MEMBER,<empty>,<empty>,f_position,21,,138,f_position,1,,double
47034,MEMBER,<empty>,<empty>,i_time,21,,139,i_time,2,,mtime_t
47035,MEMBER,<empty>,<empty>,i_length,21,,140,i_length,3,,mtime_t
47036,MEMBER,<empty>,<empty>,times,11,,141,times,20,,struct
47038,MEMBER,<empty>,<empty>,i_pts_delay,21,,144,i_pts_delay,1,,mtime_t
47039,MEMBER,<empty>,<empty>,i_pts_jitter,21,,145,i_pts_jitter,2,,mtime_t
47040,MEMBER,<empty>,<empty>,i_cr_average,21,,146,i_cr_average,3,,int
47041,MEMBER,<empty>,<empty>,jitter,11,,147,jitter,22,,struct
47042,MEMBER,<empty>,<empty>,u,7,,148,u,3,,union
47045,MEMBER,<empty>,<empty>,i_type,13,,153,i_type,1,,int8_t
47046,MEMBER,<empty>,<empty>,i_date,13,,154,i_date,2,,mtime_t
47048,MEMBER,<empty>,<empty>,add,26,,157,add,1,,ts_cmd_add_t
47049,MEMBER,<empty>,<empty>,del,26,,158,del,2,,ts_cmd_del_t
47050,MEMBER,<empty>,<empty>,send,26,,159,send,3,,ts_cmd_send_t
47051,MEMBER,<empty>,<empty>,control,26,,160,control,4,,ts_cmd_control_t
47052,MEMBER,<empty>,<empty>,u,7,,161,u,4,,union
47057,MEMBER,<empty>,<empty>,*p_next,18,,167,p_next,1,,ts_storage_t*
47058,MEMBER,<empty>,<empty>,*psz_file,13,,171,psz_file,2,,char*
47059,MEMBER,<empty>,<empty>,i_file_max,13,,173,i_file_max,3,,size_t
47060,MEMBER,<empty>,<empty>,i_file_size,13,,174,i_file_size,4,,int64_t
47061,MEMBER,<empty>,<empty>,*p_filew,13,,175,p_filew,5,,FILE*
47062,MEMBER,<empty>,<empty>,*p_filer,13,,176,p_filer,6,,FILE*
47063,MEMBER,<empty>,<empty>,i_cmd_r,14,,179,i_cmd_r,7,,int
47064,MEMBER,<empty>,<empty>,i_cmd_w,14,,180,i_cmd_w,8,,int
47065,MEMBER,<empty>,<empty>,i_cmd_max,14,,181,i_cmd_max,9,,int
47066,MEMBER,<empty>,<empty>,*p_cmd,14,,182,p_cmd,10,,ts_cmd_t*
47068,MEMBER,<empty>,<empty>,thread,20,,187,thread,1,,vlc_thread_t
47069,MEMBER,<empty>,<empty>,*p_input,20,,188,p_input,2,,input_thread_t*
47070,MEMBER,<empty>,<empty>,*p_out,20,,189,p_out,3,,es_out_t*
47071,MEMBER,<empty>,<empty>,i_tmp_size_max,20,,190,i_tmp_size_max,4,,int64_t
47072,MEMBER,<empty>,<empty>,*psz_tmp_path,20,,191,psz_tmp_path,5,,char*
47073,MEMBER,<empty>,<empty>,lock,20,,194,lock,6,,vlc_mutex_t
47074,MEMBER,<empty>,<empty>,wait,20,,195,wait,7,,vlc_cond_t
47075,MEMBER,<empty>,<empty>,b_paused,20,,198,b_paused,8,,bool
47076,MEMBER,<empty>,<empty>,i_pause_date,20,,199,i_pause_date,9,,mtime_t
47077,MEMBER,<empty>,<empty>,i_rate,20,,202,i_rate,10,,int
47078,MEMBER,<empty>,<empty>,i_rate_source,20,,203,i_rate_source,11,,int
47079,MEMBER,<empty>,<empty>,i_rate_date,20,,204,i_rate_date,12,,mtime_t
47080,MEMBER,<empty>,<empty>,i_rate_delay,20,,205,i_rate_delay,13,,mtime_t
47081,MEMBER,<empty>,<empty>,i_buffering_delay,20,,208,i_buffering_delay,14,,mtime_t
47082,MEMBER,<empty>,<empty>,*p_storage_r,20,,211,p_storage_r,15,,ts_storage_t*
47083,MEMBER,<empty>,<empty>,*p_storage_w,20,,212,p_storage_w,16,,ts_storage_t*
47084,MEMBER,<empty>,<empty>,i_cmd_delay,20,,214,i_cmd_delay,17,,mtime_t
47087,MEMBER,<empty>,<empty>,*p_es,17,,220,p_es,1,,es_out_id_t*
47089,MEMBER,<empty>,<empty>,*p_input,20,,225,p_input,1,,input_thread_t*
47090,MEMBER,<empty>,<empty>,*p_out,20,,226,p_out,2,,es_out_t*
47091,MEMBER,<empty>,<empty>,i_tmp_size_max,20,,229,i_tmp_size_max,3,,int64_t
47092,MEMBER,<empty>,<empty>,*psz_tmp_path,20,,230,psz_tmp_path,4,,char*
47093,MEMBER,<empty>,<empty>,lock,20,,233,lock,5,,vlc_mutex_t
47094,MEMBER,<empty>,<empty>,b_delayed,20,,236,b_delayed,6,,bool
47095,MEMBER,<empty>,<empty>,*p_ts,19,,237,p_ts,7,,ts_thread_t*
47096,MEMBER,<empty>,<empty>,b_input_paused,20,,240,b_input_paused,8,,bool
47097,MEMBER,<empty>,<empty>,b_input_paused_source,20,,241,b_input_paused_source,9,,bool
47098,MEMBER,<empty>,<empty>,i_input_rate,20,,242,i_input_rate,10,,int
47099,MEMBER,<empty>,<empty>,i_input_rate_source,20,,243,i_input_rate_source,11,,int
47100,MEMBER,<empty>,<empty>,i_es,20,,246,i_es,12,,int
47101,MEMBER,<empty>,<empty>,**pp_es,20,,247,pp_es,13,,es_out_id_t**
63230,MEMBER,<empty>,<empty>,INPUT_STATISTIC_DECODED_VIDEO,5,,77,INPUT_STATISTIC_DECODED_VIDEO,1,,ANY
63231,MEMBER,<empty>,<empty>,INPUT_STATISTIC_DECODED_AUDIO,5,,78,INPUT_STATISTIC_DECODED_AUDIO,2,,ANY
63232,MEMBER,<empty>,<empty>,INPUT_STATISTIC_DECODED_SUBTITLE,5,,79,INPUT_STATISTIC_DECODED_SUBTITLE,3,,ANY
63233,MEMBER,<empty>,<empty>,INPUT_STATISTIC_SENT_PACKET,5,,82,INPUT_STATISTIC_SENT_PACKET,4,,ANY
63234,MEMBER,<empty>,<empty>,INPUT_STATISTIC_SENT_BYTE,5,,83,INPUT_STATISTIC_SENT_BYTE,5,,ANY
63267,MEMBER,<empty>,<empty>,*p_demux,14,,48,p_demux,3,,demux_t*
63268,MEMBER,<empty>,<empty>,b_title_demux,18,,51,b_title_demux,4,,bool
63269,MEMBER,<empty>,<empty>,i_title,18,,52,i_title,5,,int
63270,MEMBER,<empty>,<empty>,**title,19,,53,title,6,,input_title_t**
63271,MEMBER,<empty>,<empty>,i_title_offset,9,,55,i_title_offset,7,,int
63272,MEMBER,<empty>,<empty>,i_seekpoint_offset,9,,56,i_seekpoint_offset,8,,int
63273,MEMBER,<empty>,<empty>,i_title_start,9,,58,i_title_start,9,,int
63274,MEMBER,<empty>,<empty>,i_title_end,9,,59,i_title_end,10,,int
63275,MEMBER,<empty>,<empty>,i_seekpoint_start,9,,60,i_seekpoint_start,11,,int
63276,MEMBER,<empty>,<empty>,i_seekpoint_end,9,,61,i_seekpoint_end,12,,int
63277,MEMBER,<empty>,<empty>,b_can_pause,10,,64,b_can_pause,13,,bool
63278,MEMBER,<empty>,<empty>,b_can_pace_control,10,,65,b_can_pace_control,14,,bool
63279,MEMBER,<empty>,<empty>,b_can_rate_control,10,,66,b_can_rate_control,15,,bool
63280,MEMBER,<empty>,<empty>,b_can_stream_record,10,,67,b_can_stream_record,16,,bool
63281,MEMBER,<empty>,<empty>,b_rescale_ts,10,,68,b_rescale_ts,17,,bool
63282,MEMBER,<empty>,<empty>,f_fps,12,,69,f_fps,18,,double
63283,MEMBER,<empty>,<empty>,i_pts_delay,13,,72,i_pts_delay,19,,int64_t
63284,MEMBER,<empty>,<empty>,b_eof,16,,74,b_eof,20,,bool
63287,MEMBER,<empty>,<empty>,i_type,17,,80,i_type,1,,int
63288,MEMBER,<empty>,<empty>,val,17,,81,val,2,,vlc_value_t
63292,MEMBER,<empty>,<empty>,input,27,,87,input,2,,input_thread_t
63293,MEMBER,<empty>,<empty>,b_preparsing,17,,90,b_preparsing,3,,bool
63294,MEMBER,<empty>,<empty>,b_can_pause,17,,91,b_can_pause,4,,bool
63295,MEMBER,<empty>,<empty>,b_can_rate_control,17,,92,b_can_rate_control,5,,bool
63296,MEMBER,<empty>,<empty>,b_can_pace_control,17,,93,b_can_pace_control,6,,bool
63297,MEMBER,<empty>,<empty>,i_state,17,,96,i_state,7,,int
63298,MEMBER,<empty>,<empty>,is_running,17,,97,is_running,8,,bool
63299,MEMBER,<empty>,<empty>,is_stopped,17,,98,is_stopped,9,,bool
63300,MEMBER,<empty>,<empty>,b_recording,17,,99,b_recording,10,,bool
63301,MEMBER,<empty>,<empty>,i_rate,17,,100,i_rate,11,,int
63302,MEMBER,<empty>,<empty>,i_start,17,,103,i_start,12,,int64_t
63303,MEMBER,<empty>,<empty>,i_stop,17,,104,i_stop,13,,int64_t
63304,MEMBER,<empty>,<empty>,i_time,17,,105,i_time,14,,int64_t
63305,MEMBER,<empty>,<empty>,b_fast_seek,17,,106,b_fast_seek,15,,bool
63306,MEMBER,<empty>,<empty>,b_out_pace_control,21,,109,b_out_pace_control,16,,bool
63307,MEMBER,<empty>,<empty>,*p_sout,21,,110,p_sout,17,,sout_instance_t*
63308,MEMBER,<empty>,<empty>,*p_es_out,21,,111,p_es_out,18,,es_out_t*
63309,MEMBER,<empty>,<empty>,*p_es_out_display,21,,112,p_es_out_display,19,,es_out_t*
63310,MEMBER,<empty>,<empty>,viewpoint,21,,113,viewpoint,20,,vlc_viewpoint_t
63311,MEMBER,<empty>,<empty>,viewpoint_changed,21,,114,viewpoint_changed,21,,bool
63312,MEMBER,<empty>,<empty>,*p_renderer,25,,115,p_renderer,22,,vlc_renderer_item_t*
63313,MEMBER,<empty>,<empty>,i_title,18,,118,i_title,23,,int
63314,MEMBER,<empty>,<empty>,**title,25,,119,title,24,,input_title_t**
63315,MEMBER,<empty>,<empty>,i_title_offset,9,,121,i_title_offset,25,,int
63316,MEMBER,<empty>,<empty>,i_seekpoint_offset,9,,122,i_seekpoint_offset,26,,int
63317,MEMBER,<empty>,<empty>,bookmark,17,,125,bookmark,27,,seekpoint_t
63318,MEMBER,<empty>,<empty>,i_bookmark,17,,126,i_bookmark,28,,int
63319,MEMBER,<empty>,<empty>,**pp_bookmark,17,,127,pp_bookmark,29,,seekpoint_t**
63320,MEMBER,<empty>,<empty>,i_attachment,9,,130,i_attachment,30,,int
63321,MEMBER,<empty>,<empty>,**attachment,24,,131,attachment,31,,input_attachment_t**
63322,MEMBER,<empty>,<empty>,**attachment_demux,19,,132,attachment_demux,32,,demux_t**
63323,MEMBER,<empty>,<empty>,*p_item,20,,137,p_item,33,,input_item_t*
63324,MEMBER,<empty>,<empty>,*master,20,,140,master,34,,input_source_t*
63325,MEMBER,<empty>,<empty>,i_slave,20,,142,i_slave,35,,int
63326,MEMBER,<empty>,<empty>,**slave,20,,143,slave,36,,input_source_t**
63327,MEMBER,<empty>,<empty>,*p_resource,22,,146,p_resource,37,,input_resource_t*
63328,MEMBER,<empty>,<empty>,*p_resource_private,22,,147,p_resource_private,38,,input_resource_t*
63330,MEMBER,<empty>,<empty>,*p_read_packets,19,,151,p_read_packets,1,,counter_t*
63331,MEMBER,<empty>,<empty>,*p_read_bytes,19,,152,p_read_bytes,2,,counter_t*
63332,MEMBER,<empty>,<empty>,*p_input_bitrate,19,,153,p_input_bitrate,3,,counter_t*
63333,MEMBER,<empty>,<empty>,*p_demux_read,19,,154,p_demux_read,4,,counter_t*
63334,MEMBER,<empty>,<empty>,*p_demux_bitrate,19,,155,p_demux_bitrate,5,,counter_t*
63335,MEMBER,<empty>,<empty>,*p_demux_corrupted,19,,156,p_demux_corrupted,6,,counter_t*
63336,MEMBER,<empty>,<empty>,*p_demux_discontinuity,19,,157,p_demux_discontinuity,7,,counter_t*
63337,MEMBER,<empty>,<empty>,*p_decoded_audio,19,,158,p_decoded_audio,8,,counter_t*
63338,MEMBER,<empty>,<empty>,*p_decoded_video,19,,159,p_decoded_video,9,,counter_t*
63339,MEMBER,<empty>,<empty>,*p_decoded_sub,19,,160,p_decoded_sub,10,,counter_t*
63340,MEMBER,<empty>,<empty>,*p_sout_sent_packets,19,,161,p_sout_sent_packets,11,,counter_t*
63341,MEMBER,<empty>,<empty>,*p_sout_sent_bytes,19,,162,p_sout_sent_bytes,12,,counter_t*
63342,MEMBER,<empty>,<empty>,*p_sout_send_bitrate,19,,163,p_sout_send_bitrate,13,,counter_t*
63343,MEMBER,<empty>,<empty>,*p_played_abuffers,19,,164,p_played_abuffers,14,,counter_t*
63344,MEMBER,<empty>,<empty>,*p_lost_abuffers,19,,165,p_lost_abuffers,15,,counter_t*
63345,MEMBER,<empty>,<empty>,*p_displayed_pictures,19,,166,p_displayed_pictures,16,,counter_t*
63346,MEMBER,<empty>,<empty>,*p_lost_pictures,19,,167,p_lost_pictures,17,,counter_t*
63347,MEMBER,<empty>,<empty>,counters_lock,21,,168,counters_lock,18,,vlc_mutex_t
63348,MEMBER,<empty>,<empty>,counters,7,,169,counters,40,,struct
63349,MEMBER,<empty>,<empty>,lock_control,17,,172,lock_control,41,,vlc_mutex_t
63350,MEMBER,<empty>,<empty>,wait_control,17,,173,wait_control,42,,vlc_cond_t
63351,MEMBER,<empty>,<empty>,i_control,9,,174,i_control,43,,int
63352,MEMBER,<empty>,<empty>,control[INPUT_CONTROL_FIFO_SIZE],21,,175,control,44,,input_control_t[100]
63353,MEMBER,<empty>,<empty>,thread,18,,177,thread,45,,vlc_thread_t
63354,MEMBER,<empty>,<empty>,interrupt,21,,178,interrupt,46,,vlc_interrupt_t
63375,MEMBER,<empty>,<empty>,INPUT_CONTROL_SET_STATE,5,,191,INPUT_CONTROL_SET_STATE,1,,ANY
63376,MEMBER,<empty>,<empty>,INPUT_CONTROL_SET_RATE,5,,193,INPUT_CONTROL_SET_RATE,2,,ANY
63377,MEMBER,<empty>,<empty>,INPUT_CONTROL_SET_POSITION,5,,195,INPUT_CONTROL_SET_POSITION,3,,ANY
63378,MEMBER,<empty>,<empty>,INPUT_CONTROL_SET_TIME,5,,197,INPUT_CONTROL_SET_TIME,4,,ANY
63379,MEMBER,<empty>,<empty>,INPUT_CONTROL_SET_PROGRAM,5,,199,INPUT_CONTROL_SET_PROGRAM,5,,ANY
63380,MEMBER,<empty>,<empty>,INPUT_CONTROL_SET_TITLE,5,,201,INPUT_CONTROL_SET_TITLE,6,,ANY
63381,MEMBER,<empty>,<empty>,INPUT_CONTROL_SET_TITLE_NEXT,5,,202,INPUT_CONTROL_SET_TITLE_NEXT,7,,ANY
63382,MEMBER,<empty>,<empty>,INPUT_CONTROL_SET_TITLE_PREV,5,,203,INPUT_CONTROL_SET_TITLE_PREV,8,,ANY
63383,MEMBER,<empty>,<empty>,INPUT_CONTROL_SET_SEEKPOINT,5,,205,INPUT_CONTROL_SET_SEEKPOINT,9,,ANY
63384,MEMBER,<empty>,<empty>,INPUT_CONTROL_SET_SEEKPOINT_NEXT,5,,206,INPUT_CONTROL_SET_SEEKPOINT_NEXT,10,,ANY
63385,MEMBER,<empty>,<empty>,INPUT_CONTROL_SET_SEEKPOINT_PREV,5,,207,INPUT_CONTROL_SET_SEEKPOINT_PREV,11,,ANY
63386,MEMBER,<empty>,<empty>,INPUT_CONTROL_SET_BOOKMARK,5,,209,INPUT_CONTROL_SET_BOOKMARK,12,,ANY
63387,MEMBER,<empty>,<empty>,INPUT_CONTROL_NAV_ACTIVATE,5,,211,INPUT_CONTROL_NAV_ACTIVATE,13,,ANY
63388,MEMBER,<empty>,<empty>,INPUT_CONTROL_NAV_UP,5,,212,INPUT_CONTROL_NAV_UP,14,,ANY
63389,MEMBER,<empty>,<empty>,INPUT_CONTROL_NAV_DOWN,5,,213,INPUT_CONTROL_NAV_DOWN,15,,ANY
63390,MEMBER,<empty>,<empty>,INPUT_CONTROL_NAV_LEFT,5,,214,INPUT_CONTROL_NAV_LEFT,16,,ANY
63391,MEMBER,<empty>,<empty>,INPUT_CONTROL_NAV_RIGHT,5,,215,INPUT_CONTROL_NAV_RIGHT,17,,ANY
63392,MEMBER,<empty>,<empty>,INPUT_CONTROL_NAV_POPUP,5,,216,INPUT_CONTROL_NAV_POPUP,18,,ANY
63393,MEMBER,<empty>,<empty>,INPUT_CONTROL_NAV_MENU,5,,217,INPUT_CONTROL_NAV_MENU,19,,ANY
63394,MEMBER,<empty>,<empty>,INPUT_CONTROL_SET_ES,5,,219,INPUT_CONTROL_SET_ES,20,,ANY
63395,MEMBER,<empty>,<empty>,INPUT_CONTROL_RESTART_ES,5,,220,INPUT_CONTROL_RESTART_ES,21,,ANY
63396,MEMBER,<empty>,<empty>,INPUT_CONTROL_SET_VIEWPOINT,5,,222,INPUT_CONTROL_SET_VIEWPOINT,22,,ANY
63397,MEMBER,<empty>,<empty>,INPUT_CONTROL_SET_INITIAL_VIEWPOINT,5,,223,INPUT_CONTROL_SET_INITIAL_VIEWPOINT,23,,ANY
63398,MEMBER,<empty>,<empty>,INPUT_CONTROL_UPDATE_VIEWPOINT,5,,224,INPUT_CONTROL_UPDATE_VIEWPOINT,24,,ANY
63399,MEMBER,<empty>,<empty>,INPUT_CONTROL_SET_AUDIO_DELAY,5,,226,INPUT_CONTROL_SET_AUDIO_DELAY,25,,ANY
63400,MEMBER,<empty>,<empty>,INPUT_CONTROL_SET_SPU_DELAY,5,,227,INPUT_CONTROL_SET_SPU_DELAY,26,,ANY
63401,MEMBER,<empty>,<empty>,INPUT_CONTROL_ADD_SLAVE,5,,229,INPUT_CONTROL_ADD_SLAVE,27,,ANY
63402,MEMBER,<empty>,<empty>,INPUT_CONTROL_SET_RECORD_STATE,5,,231,INPUT_CONTROL_SET_RECORD_STATE,28,,ANY
63403,MEMBER,<empty>,<empty>,INPUT_CONTROL_SET_FRAME_NEXT,5,,233,INPUT_CONTROL_SET_FRAME_NEXT,29,,ANY
63404,MEMBER,<empty>,<empty>,INPUT_CONTROL_SET_RENDERER,5,,235,INPUT_CONTROL_SET_RENDERER,30,,ANY
63516,MEMBER,<empty>,<empty>,*next,30,,44,next,2,,input_item_opaque*
63517,MEMBER,<empty>,<empty>,*value,10,,45,value,3,,void*
63518,MEMBER,<empty>,<empty>,name[1],10,,46,name,4,,char[1]
66805,MEMBER,<empty>,<empty>,*psz_scheme,16,,1140,psz_scheme,1,,char*
66806,MEMBER,<empty>,<empty>,i_type,16,,1141,i_type,2,,uint8_t
66807,MEMBER,<empty>,<empty>,b_net,16,,1142,b_net,3,,bool
67712,MEMBER,<empty>,<empty>,*p_slave,24,,1422,p_slave,1,,input_item_slave_t*
67713,MEMBER,<empty>,<empty>,*psz_filename,10,,1423,psz_filename,2,,char*
67714,MEMBER,<empty>,<empty>,*p_node,23,,1424,p_node,3,,input_item_node_t*
67716,MEMBER,<empty>,<empty>,*p_node,23,,1429,p_node,1,,input_item_node_t*
67717,MEMBER,<empty>,<empty>,psz_path[],10,,1430,psz_path,2,,char[]
68886,MEMBER,<empty>,<empty>,item,18,,36,item,1,,input_item_t
68887,MEMBER,<empty>,<empty>,refs,17,,37,refs,2,,atomic_uint
68915,MEMBER,<empty>,<empty>,* ppsz_meta[VLC_META_TYPE_COUNT],10,,43,ppsz_meta,1,,char*[]
68916,MEMBER,<empty>,<empty>,extra_tags,22,,45,extra_tags,2,,vlc_dictionary_t
68917,MEMBER,<empty>,<empty>,i_status,9,,47,i_status,3,,int
69998,MEMBER,<empty>,<empty>,refs,20,,48,refs,1,,atomic_uint
69999,MEMBER,<empty>,<empty>,*p_parent,20,,50,p_parent,2,,vlc_object_t*
70000,MEMBER,<empty>,<empty>,lock,20,,54,lock,3,,vlc_mutex_t
70001,MEMBER,<empty>,<empty>,*p_input,20,,57,p_input,4,,input_thread_t*
70002,MEMBER,<empty>,<empty>,*p_sout,21,,59,p_sout,5,,sout_instance_t*
70003,MEMBER,<empty>,<empty>,*p_vout_free,21,,60,p_vout_free,6,,vout_thread_t*
70004,MEMBER,<empty>,<empty>,lock_hold,20,,66,lock_hold,7,,vlc_mutex_t
70005,MEMBER,<empty>,<empty>,**pp_vout,21,,71,pp_vout,8,,vout_thread_t**
70006,MEMBER,<empty>,<empty>,i_vout,21,,72,i_vout,9,,int
70007,MEMBER,<empty>,<empty>,b_aout_busy,21,,74,b_aout_busy,10,,bool
70008,MEMBER,<empty>,<empty>,*p_aout,20,,75,p_aout,11,,audio_output_t*
71142,MEMBER,<empty>,<empty>,*name,10,,36,name,1,,char*
71143,MEMBER,<empty>,<empty>,*longname,10,,37,longname,2,,char*
71144,MEMBER,<empty>,<empty>,category,9,,38,category,3,,int
72151,MEMBER,<empty>,<empty>,stream,14,,49,stream,1,,stream_t
72157,MEMBER,<empty>,<empty>,*block,13,,51,block,3,,block_t*
72158,MEMBER,<empty>,<empty>,*peek,13,,52,peek,4,,block_t*
72159,MEMBER,<empty>,<empty>,offset,14,,53,offset,5,,uint64_t
72160,MEMBER,<empty>,<empty>,eof,10,,54,eof,6,,bool
72162,MEMBER,<empty>,<empty>,conv,23,,58,conv,1,,vlc_iconv_t
72163,MEMBER,<empty>,<empty>,char_width,23,,59,char_width,2,,unsigned char
72164,MEMBER,<empty>,<empty>,little_endian,23,,60,little_endian,3,,bool
72165,MEMBER,<empty>,<empty>,text,7,,61,text,8,,struct
74149,MEMBER,<empty>,<empty>,extractor,28,,50,extractor,1,,stream_extractor_t
74150,MEMBER,<empty>,<empty>,directory,28,,51,directory,2,,stream_directory_t
74162,MEMBER,<empty>,<empty>,* wrapper,13,,72,wrapper,4,,stream_t*
74163,MEMBER,<empty>,<empty>,* source,13,,75,source,5,,stream_t*
74164,MEMBER,<empty>,<empty>,* module,13,,76,module,6,,module_t*
74165,MEMBER,<empty>,<empty>,* object,17,,78,object,7,,vlc_object_t*
74922,MEMBER,<empty>,<empty>,*fifo,16,,38,fifo,1,,vlc_fifo_t*
74923,MEMBER,<empty>,<empty>,eof,10,,39,eof,2,,bool
75526,MEMBER,<empty>,<empty>,i_pos,15,,32,i_pos,1,,size_t
75527,MEMBER,<empty>,<empty>,i_size,15,,33,i_size,2,,size_t
75528,MEMBER,<empty>,<empty>,*p_buffer,14,,34,p_buffer,3,,uint8_t*
76977,MEMBER,<empty>,<empty>,*psz_name,16,,81,psz_name,1,,char*
76978,MEMBER,<empty>,<empty>,callback,20,,82,callback,2,,vlc_callback_t
79347,MEMBER,<empty>,<empty>,*p_sem,15,,63,p_sem,1,,vlc_sem_t*
79348,MEMBER,<empty>,<empty>,b_mux,10,,64,b_mux,2,,bool
83657,MEMBER,<empty>,<empty>,*psz_name,10,,34,psz_name,1,,char*
83658,MEMBER,<empty>,<empty>,i_index,9,,37,i_index,2,,int
83659,MEMBER,<empty>,<empty>,b_sout_keep,15,,39,b_sout_keep,3,,bool
83660,MEMBER,<empty>,<empty>,*p_parent,18,,41,p_parent,4,,vlc_object_t*
83661,MEMBER,<empty>,<empty>,*p_item,23,,42,p_item,5,,input_item_t*
83662,MEMBER,<empty>,<empty>,*p_input,23,,43,p_input,6,,input_thread_t*
83663,MEMBER,<empty>,<empty>,*p_input_resource,22,,44,p_input_resource,7,,input_resource_t*
83666,MEMBER,<empty>,<empty>,cfg,17,,51,cfg,1,,vlm_media_t
83668,MEMBER,<empty>,<empty>,*p_item,22,,55,p_item,1,,input_item_t*
83669,MEMBER,<empty>,<empty>,*p_media,21,,56,p_media,2,,vod_media_t*
83670,MEMBER,<empty>,<empty>,vod,7,,57,vod,3,,struct
83671,MEMBER,<empty>,<empty>,i_instance,30,,60,i_instance,4,,int
83672,MEMBER,<empty>,<empty>,**instance,30,,61,instance,5,,vlm_media_instance_sys_t**
83675,MEMBER,<empty>,<empty>,*psz_name,13,,67,psz_name,1,,char*
83676,MEMBER,<empty>,<empty>,b_enabled,10,,68,b_enabled,2,,bool
83677,MEMBER,<empty>,<empty>,i_command,9,,70,i_command,3,,int
83678,MEMBER,<empty>,<empty>,**command,10,,71,command,4,,char**
83679,MEMBER,<empty>,<empty>,date,12,,74,date,5,,time_t
83680,MEMBER,<empty>,<empty>,period,14,,77,period,6,,unsigned
83681,MEMBER,<empty>,<empty>,i_repeat,9,,80,i_repeat,7,,int
83686,MEMBER,<empty>,<empty>,lock,18,,88,lock,3,,vlc_mutex_t
83687,MEMBER,<empty>,<empty>,lock_delete,18,,91,lock_delete,4,,vlc_mutex_t
83688,MEMBER,<empty>,<empty>,wait_delete,18,,92,wait_delete,5,,vlc_cond_t
83689,MEMBER,<empty>,<empty>,thread,18,,94,thread,6,,vlc_thread_t
83690,MEMBER,<empty>,<empty>,lock_manage,18,,95,lock_manage,7,,vlc_mutex_t
83691,MEMBER,<empty>,<empty>,wait_manage,18,,96,wait_manage,8,,vlc_cond_t
83692,MEMBER,<empty>,<empty>,users,18,,97,users,9,,unsigned
83693,MEMBER,<empty>,<empty>,input_state_changed,18,,100,input_state_changed,10,,bool
83694,MEMBER,<empty>,<empty>,i_id,20,,102,i_id,11,,int64_t
83695,MEMBER,<empty>,<empty>,*p_vod,20,,105,p_vod,12,,vod_t*
83696,MEMBER,<empty>,<empty>,i_media,24,,108,i_media,13,,int
83697,MEMBER,<empty>,<empty>,**media,24,,109,media,14,,vlm_media_sys_t**
83698,MEMBER,<empty>,<empty>,i_schedule,20,,112,i_schedule,15,,int
83699,MEMBER,<empty>,<empty>,**schedule,24,,113,schedule,16,,vlm_schedule_sys_t**
83700,MEMBER,<empty>,<empty>,i_consecutive_errors,14,,115,i_consecutive_errors,17,,unsigned
83787,MEMBER,<empty>,<empty>,lock,33,,38,lock,1,,vlc_mutex_t
83788,MEMBER,<empty>,<empty>,dialog_array,33,,39,dialog_array,2,,vlc_array_t
83789,MEMBER,<empty>,<empty>,cbs,33,,40,cbs,3,,vlc_dialog_cbs
83790,MEMBER,<empty>,<empty>,*                      p_cbs_data,10,,41,p_cbs_data,4,,void*
83791,MEMBER,<empty>,<empty>,pf_ext_update,33,,43,pf_ext_update,5,,vlc_dialog_ext_update_cb
83792,MEMBER,<empty>,<empty>,*                      p_ext_data,10,,44,p_ext_data,6,,void*
83794,MEMBER,<empty>,<empty>,VLC_DIALOG_ERROR,5,,49,VLC_DIALOG_ERROR,1,,ANY
83795,MEMBER,<empty>,<empty>,VLC_DIALOG_LOGIN,5,,50,VLC_DIALOG_LOGIN,2,,ANY
83796,MEMBER,<empty>,<empty>,VLC_DIALOG_QUESTION,5,,51,VLC_DIALOG_QUESTION,3,,ANY
83797,MEMBER,<empty>,<empty>,VLC_DIALOG_PROGRESS,5,,52,VLC_DIALOG_PROGRESS,4,,ANY
83800,MEMBER,<empty>,<empty>,i_type,22,,57,i_type,2,,dialog_type
83803,MEMBER,<empty>,<empty>,*psz_username,18,,62,psz_username,1,,char*
83804,MEMBER,<empty>,<empty>,*psz_password,18,,63,psz_password,2,,char*
83805,MEMBER,<empty>,<empty>,b_store,18,,64,b_store,3,,bool
83806,MEMBER,<empty>,<empty>,login,11,,65,login,2,,struct
83808,MEMBER,<empty>,<empty>,i_action,17,,68,i_action,1,,int
83809,MEMBER,<empty>,<empty>,question,11,,69,question,4,,struct
83810,MEMBER,<empty>,<empty>,u,7,,70,u,4,,union
83813,MEMBER,<empty>,<empty>,i_type,22,,75,i_type,2,,dialog_type
83814,MEMBER,<empty>,<empty>,*psz_title,16,,76,psz_title,3,,char*
83815,MEMBER,<empty>,<empty>,*psz_text,16,,77,psz_text,4,,char*
83818,MEMBER,<empty>,<empty>,*psz_default_username,24,,83,psz_default_username,1,,char*
83819,MEMBER,<empty>,<empty>,b_ask_store,18,,84,b_ask_store,2,,bool
83820,MEMBER,<empty>,<empty>,login,11,,85,login,2,,struct
83822,MEMBER,<empty>,<empty>,i_type,38,,88,i_type,1,,vlc_dialog_question_type
83823,MEMBER,<empty>,<empty>,*psz_cancel,24,,89,psz_cancel,2,,char*
83824,MEMBER,<empty>,<empty>,*psz_action1,24,,90,psz_action1,3,,char*
83825,MEMBER,<empty>,<empty>,*psz_action2,24,,91,psz_action2,4,,char*
83826,MEMBER,<empty>,<empty>,question,11,,92,question,4,,struct
83828,MEMBER,<empty>,<empty>,b_indeterminate,18,,95,b_indeterminate,1,,bool
83829,MEMBER,<empty>,<empty>,f_position,19,,96,f_position,2,,float
83830,MEMBER,<empty>,<empty>,*psz_cancel,24,,97,psz_cancel,3,,char*
83831,MEMBER,<empty>,<empty>,progress,11,,98,progress,6,,struct
83832,MEMBER,<empty>,<empty>,u,7,,99,u,6,,union
83834,MEMBER,<empty>,<empty>,lock,29,,104,lock,1,,vlc_mutex_t
83835,MEMBER,<empty>,<empty>,wait,29,,105,wait,2,,vlc_cond_t
83837,MEMBER,<empty>,<empty>,i_type,29,,106,i_type,4,,dialog_type
83838,MEMBER,<empty>,<empty>,*                  p_context,10,,107,p_context,5,,void*
83839,MEMBER,<empty>,<empty>,i_refcount,29,,108,i_refcount,6,,int
83840,MEMBER,<empty>,<empty>,b_cancelled,29,,109,b_cancelled,7,,bool
83841,MEMBER,<empty>,<empty>,b_answered,29,,110,b_answered,8,,bool
83842,MEMBER,<empty>,<empty>,b_progress_indeterminate,29,,111,b_progress_indeterminate,9,,bool
83843,MEMBER,<empty>,<empty>,*                  psz_progress_text,10,,112,psz_progress_text,10,,char*
83845,MEMBER,<empty>,<empty>,answer,29,,113,answer,12,,dialog_answer
83847,MEMBER,<empty>,<empty>,*   p_provider,25,,118,p_provider,1,,vlc_dialog_provider*
83848,MEMBER,<empty>,<empty>,*         p_id,19,,119,p_id,2,,vlc_dialog_id*
87878,MEMBER,<empty>,<empty>,lock,17,,82,lock,1,,vlc_mutex_t
87884,MEMBER,<empty>,<empty>,*opaque,10,,84,opaque,3,,void*
87951,MEMBER,<empty>,<empty>,public_data,24,,181,public_data,1,,libvlc_int_t
87952,MEMBER,<empty>,<empty>,b_stats,24,,184,b_stats,2,,bool
87953,MEMBER,<empty>,<empty>,*logger,23,,187,logger,3,,vlc_logger_t*
87954,MEMBER,<empty>,<empty>,*p_vlm,23,,188,p_vlm,4,,vlm_t*
87955,MEMBER,<empty>,<empty>,*p_dialog_provider,25,,189,p_dialog_provider,5,,vlc_dialog_provider*
87956,MEMBER,<empty>,<empty>,*p_memory_keystore,23,,190,p_memory_keystore,6,,vlc_keystore*
87958,MEMBER,<empty>,<empty>,*playlist,23,,191,playlist,8,,playlist_t*
87960,MEMBER,<empty>,<empty>,*parser,33,,192,parser,10,,playlist_preparser_t*
87961,MEMBER,<empty>,<empty>,*actions,19,,193,actions,11,,vlc_actions_t*
87962,MEMBER,<empty>,<empty>,exit,22,,196,exit,12,,vlc_exit_t
88005,MEMBER,<empty>,<empty>,STATS_COUNTER,5,,224,STATS_COUNTER,1,,ANY
88006,MEMBER,<empty>,<empty>,STATS_DERIVATIVE,5,,225,STATS_DERIVATIVE,2,,ANY
88008,MEMBER,<empty>,<empty>,value,14,,230,value,1,,uint64_t
88009,MEMBER,<empty>,<empty>,date,14,,231,date,2,,mtime_t
88012,MEMBER,<empty>,<empty>,i_compute_type,25,,236,i_compute_type,1,,int
88013,MEMBER,<empty>,<empty>,i_samples,25,,237,i_samples,2,,int
88014,MEMBER,<empty>,<empty>,** pp_samples,22,,238,pp_samples,3,,counter_sample_t**
88015,MEMBER,<empty>,<empty>,last_update,25,,240,last_update,4,,mtime_t
88018,MEMBER,<empty>,<empty>,STATS_INPUT_BITRATE,5,,245,STATS_INPUT_BITRATE,1,,ANY
88019,MEMBER,<empty>,<empty>,STATS_READ_BYTES,5,,246,STATS_READ_BYTES,2,,ANY
88020,MEMBER,<empty>,<empty>,STATS_READ_PACKETS,5,,247,STATS_READ_PACKETS,3,,ANY
88021,MEMBER,<empty>,<empty>,STATS_DEMUX_READ,5,,248,STATS_DEMUX_READ,4,,ANY
88022,MEMBER,<empty>,<empty>,STATS_DEMUX_BITRATE,5,,249,STATS_DEMUX_BITRATE,5,,ANY
88023,MEMBER,<empty>,<empty>,STATS_DEMUX_CORRUPTED,5,,250,STATS_DEMUX_CORRUPTED,6,,ANY
88024,MEMBER,<empty>,<empty>,STATS_DEMUX_DISCONTINUITY,5,,251,STATS_DEMUX_DISCONTINUITY,7,,ANY
88025,MEMBER,<empty>,<empty>,STATS_PLAYED_ABUFFERS,5,,252,STATS_PLAYED_ABUFFERS,8,,ANY
88026,MEMBER,<empty>,<empty>,STATS_LOST_ABUFFERS,5,,253,STATS_LOST_ABUFFERS,9,,ANY
88027,MEMBER,<empty>,<empty>,STATS_DECODED_AUDIO,5,,254,STATS_DECODED_AUDIO,10,,ANY
88028,MEMBER,<empty>,<empty>,STATS_DECODED_VIDEO,5,,255,STATS_DECODED_VIDEO,11,,ANY
88029,MEMBER,<empty>,<empty>,STATS_DECODED_SUB,5,,256,STATS_DECODED_SUB,12,,ANY
88030,MEMBER,<empty>,<empty>,STATS_CLIENT_CONNECTIONS,5,,257,STATS_CLIENT_CONNECTIONS,13,,ANY
88031,MEMBER,<empty>,<empty>,STATS_ACTIVE_CONNECTIONS,5,,258,STATS_ACTIVE_CONNECTIONS,14,,ANY
88032,MEMBER,<empty>,<empty>,STATS_SOUT_SENT_PACKETS,5,,259,STATS_SOUT_SENT_PACKETS,15,,ANY
88033,MEMBER,<empty>,<empty>,STATS_SOUT_SENT_BYTES,5,,260,STATS_SOUT_SENT_BYTES,16,,ANY
88034,MEMBER,<empty>,<empty>,STATS_SOUT_SEND_BITRATE,5,,261,STATS_SOUT_SEND_BITRATE,17,,ANY
88035,MEMBER,<empty>,<empty>,STATS_DISPLAYED_PICTURES,5,,262,STATS_DISPLAYED_PICTURES,18,,ANY
88036,MEMBER,<empty>,<empty>,STATS_LOST_PICTURES,5,,263,STATS_LOST_PICTURES,19,,ANY
88742,MEMBER,<empty>,<empty>,psz[20],16,,48,psz,1,,char[20]
88743,MEMBER,<empty>,<empty>,i_code,14,,49,i_code,2,,uint32_t
89498,MEMBER,<empty>,<empty>,psz[MAXACTION],10,,262,psz,1,,char[26]
89499,MEMBER,<empty>,<empty>,id,21,,263,id,2,,vlc_action_id_t
89846,MEMBER,<empty>,<empty>,key,18,,383,key,1,,uint32_t
89847,MEMBER,<empty>,<empty>,action,21,,384,action,2,,vlc_action_id_t
89885,MEMBER,<empty>,<empty>,*map,10,,396,map,1,,void*
89886,MEMBER,<empty>,<empty>,*global_map,10,,397,global_map,2,,void*
89887,MEMBER,<empty>,<empty>,*ppsz_keys[],16,,398,ppsz_keys,3,,char[]
90648,MEMBER,<empty>,<empty>,entry,19,,40,entry,1,,addon_entry_t
90649,MEMBER,<empty>,<empty>,refs,17,,41,refs,2,,atomic_uint
90652,MEMBER,<empty>,<empty>,*p_parent,18,,46,p_parent,1,,vlc_object_t*
90654,MEMBER,<empty>,<empty>,thread,22,,50,thread,1,,vlc_thread_t
90655,MEMBER,<empty>,<empty>,waitcond,20,,51,waitcond,2,,vlc_cond_t
90656,MEMBER,<empty>,<empty>,b_live,14,,52,b_live,3,,bool
90657,MEMBER,<empty>,<empty>,lock,21,,53,lock,4,,vlc_mutex_t
90658,MEMBER,<empty>,<empty>,*p_interrupt,25,,54,p_interrupt,5,,vlc_interrupt_t*
90665,MEMBER,<empty>,<empty>,,,,,,8,,uris
90672,MEMBER,<empty>,<empty>,,,,,,11,,entries
90673,MEMBER,<empty>,<empty>,finder,7,,57,finder,3,,struct
90675,MEMBER,<empty>,<empty>,thread,22,,61,thread,1,,vlc_thread_t
90676,MEMBER,<empty>,<empty>,waitcond,20,,62,waitcond,2,,vlc_cond_t
90677,MEMBER,<empty>,<empty>,b_live,14,,63,b_live,3,,bool
90678,MEMBER,<empty>,<empty>,lock,21,,64,lock,4,,vlc_mutex_t
90679,MEMBER,<empty>,<empty>,*p_interrupt,25,,65,p_interrupt,5,,vlc_interrupt_t*
90686,MEMBER,<empty>,<empty>,,,,,,8,,entries
90687,MEMBER,<empty>,<empty>,installer,7,,67,installer,5,,struct
92620,MEMBER,<empty>,<empty>,* id,9,,32,id,1,,void*
92621,MEMBER,<empty>,<empty>,* entity,9,,33,entity,2,,void*
92622,MEMBER,<empty>,<empty>,timeout,9,,34,timeout,3,,int
92624,MEMBER,<empty>,<empty>,* owner,9,,38,owner,1,,void*
92626,MEMBER,<empty>,<empty>,conf,37,,39,conf,3,,background_worker_config
92627,MEMBER,<empty>,<empty>,lock,17,,41,lock,4,,vlc_mutex_t
92629,MEMBER,<empty>,<empty>,probe_request,14,,43,probe_request,1,,bool
92630,MEMBER,<empty>,<empty>,wait,20,,44,wait,2,,vlc_cond_t
92631,MEMBER,<empty>,<empty>,worker_wait,20,,45,worker_wait,3,,vlc_cond_t
92632,MEMBER,<empty>,<empty>,deadline,17,,46,deadline,4,,mtime_t
92633,MEMBER,<empty>,<empty>,* id,13,,47,id,5,,void*
92634,MEMBER,<empty>,<empty>,active,14,,48,active,6,,bool
92635,MEMBER,<empty>,<empty>,head,7,,49,head,6,,struct
92637,MEMBER,<empty>,<empty>,wait,20,,52,wait,1,,vlc_cond_t
92638,MEMBER,<empty>,<empty>,data,21,,53,data,2,,vlc_array_t
92639,MEMBER,<empty>,<empty>,tail,7,,54,tail,8,,struct
93420,MEMBER,<empty>,<empty>,default_timeout,13,,30,default_timeout,1,,mtime_t
97271,MEMBER,<empty>,<empty>,*               p_user_data,10,,51,p_user_data,1,,void*
97272,MEMBER,<empty>,<empty>,pf_callback,26,,52,pf_callback,2,,vlc_event_callback_t
97668,MEMBER,<empty>,<empty>,lock,25,,40,lock,1,,vlc_mutex_t
97669,MEMBER,<empty>,<empty>,wait,25,,41,wait,2,,vlc_cond_t
97670,MEMBER,<empty>,<empty>,*p_first,25,,43,p_first,3,,block_t*
97671,MEMBER,<empty>,<empty>,**pp_last,25,,44,pp_last,4,,block_t**
97672,MEMBER,<empty>,<empty>,i_depth,25,,45,i_depth,5,,size_t
97673,MEMBER,<empty>,<empty>,i_size,25,,46,i_size,6,,size_t
98768,MEMBER,<empty>,<empty>,filter,14,,38,filter,1,,filter_t
98770,MEMBER,<empty>,<empty>,*prev,29,,40,prev,3,,chained_filter_t*
98771,MEMBER,<empty>,<empty>,*next,36,,40,next,4,,chained_filter_t*
98772,MEMBER,<empty>,<empty>,*mouse,17,,41,mouse,5,,vlc_mouse_t*
98773,MEMBER,<empty>,<empty>,*pending,15,,42,pending,6,,picture_t*
98786,MEMBER,<empty>,<empty>,callbacks,20,,54,callbacks,1,,filter_owner_t
98787,MEMBER,<empty>,<empty>,owner,20,,55,owner,2,,filter_owner_t
98788,MEMBER,<empty>,<empty>,*first,22,,57,first,3,,chained_filter_t*
98789,MEMBER,<empty>,<empty>,*last,30,,57,last,4,,chained_filter_t*
98790,MEMBER,<empty>,<empty>,fmt_in,17,,59,fmt_in,5,,es_format_t
98791,MEMBER,<empty>,<empty>,fmt_out,17,,60,fmt_out,6,,es_format_t
98792,MEMBER,<empty>,<empty>,b_allow_fmt_out_change,10,,61,b_allow_fmt_out_change,7,,bool
98793,MEMBER,<empty>,<empty>,*filter_cap,16,,62,filter_cap,8,,char*
98794,MEMBER,<empty>,<empty>,*conv_cap,16,,63,conv_cap,9,,char*
102114,MEMBER,<empty>,<empty>,p_fourcc[4],30,,689,p_fourcc,1,,vlc_fourcc_t[4]
102115,MEMBER,<empty>,<empty>,description,30,,690,description,2,,vlc_chroma_description_t
104852,MEMBER,<empty>,<empty>,num,27,,34,num,1,,unsigned
104853,MEMBER,<empty>,<empty>,den,32,,34,den,2,,unsigned
104856,MEMBER,<empty>,<empty>,klass,10,,44,klass,1,,bool
104857,MEMBER,<empty>,<empty>,fourcc[4],10,,45,fourcc,2,,char[4]
104858,MEMBER,<empty>,<empty>,*description,16,,46,description,3,,char*
104867,MEMBER,<empty>,<empty>,fourcc[4],10,,53,fourcc,1,,char[4]
104868,MEMBER,<empty>,<empty>,alias[4],10,,54,alias,2,,char[4]
104869,MEMBER,<empty>,<empty>,*desc,16,,55,desc,3,,char*
108245,MEMBER,<empty>,<empty>,*psz_name,10,,40,psz_name,1,,char*
108246,MEMBER,<empty>,<empty>,*psz_value,10,,41,psz_value,2,,char*
108247,MEMBER,<empty>,<empty>,*psz_domain,10,,42,psz_domain,3,,char*
108248,MEMBER,<empty>,<empty>,*psz_path,10,,43,psz_path,4,,char*
108249,MEMBER,<empty>,<empty>,b_host_only,10,,44,b_host_only,5,,bool
108250,MEMBER,<empty>,<empty>,b_secure,10,,45,b_secure,6,,bool
108943,MEMBER,<empty>,<empty>,cookies,17,,268,cookies,1,,vlc_array_t
108944,MEMBER,<empty>,<empty>,lock,17,,269,lock,2,,vlc_mutex_t
111176,MEMBER,<empty>,<empty>,i_codec,18,,580,i_codec,1,,vlc_fourcc_t
111177,MEMBER,<empty>,<empty>,psz_ext[7],16,,581,psz_ext,2,,char[7]
111328,MEMBER,<empty>,<empty>,i_codec,18,,628,i_codec,1,,vlc_fourcc_t
111329,MEMBER,<empty>,<empty>,*psz_mime,16,,629,psz_mime,2,,char*
113376,MEMBER,<empty>,<empty>,lock,17,,33,lock,1,,vlc_mutex_t
113377,MEMBER,<empty>,<empty>,interrupted,10,,34,interrupted,2,,bool
113378,MEMBER,<empty>,<empty>,killed,17,,35,killed,3,,atomic_bool
113384,MEMBER,<empty>,<empty>,*data,10,,37,data,5,,void*
113857,MEMBER,<empty>,<empty>,*    psz_protocol,16,,210,psz_protocol,1,,char*
113858,MEMBER,<empty>,<empty>,i_port,21,,211,i_port,2,,uint16_t
118028,MEMBER,<empty>,<empty>,lock,18,,49,lock,3,,vlc_rwlock_t
118029,MEMBER,<empty>,<empty>,log,16,,50,log,4,,vlc_log_cb
118030,MEMBER,<empty>,<empty>,*sys,10,,51,sys,5,,void*
118031,MEMBER,<empty>,<empty>,*module,14,,52,module,6,,module_t*
118306,MEMBER,<empty>,<empty>,*next,28,,210,next,2,,vlc_log_early_t*
118307,MEMBER,<empty>,<empty>,type,9,,211,type,3,,int
118308,MEMBER,<empty>,<empty>,meta,15,,212,meta,4,,vlc_log_t
118309,MEMBER,<empty>,<empty>,*msg,10,,213,msg,5,,char*
118312,MEMBER,<empty>,<empty>,lock,17,,218,lock,1,,vlc_mutex_t
118313,MEMBER,<empty>,<empty>,*head,21,,219,head,2,,vlc_log_early_t*
118314,MEMBER,<empty>,<empty>,**tailp,21,,220,tailp,3,,vlc_log_early_t**
119011,MEMBER,<empty>,<empty>,psz_ext[8],16,,36,psz_ext,1,,char[8]
119012,MEMBER,<empty>,<empty>,*psz_mime,16,,37,psz_mime,2,,char*
121108,MEMBER,<empty>,<empty>,*prev,20,,37,prev,2,,vlc_res*
121114,MEMBER,<empty>,<empty>,payload[],17,,39,payload,4,,max_align_t[]
123148,MEMBER,<empty>,<empty>,picture,15,,26,picture,1,,picture_t
123150,MEMBER,<empty>,<empty>,refs,26,,29,refs,1,,atomic_uintptr_t
123156,MEMBER,<empty>,<empty>,*opaque,14,,31,opaque,3,,void*
123157,MEMBER,<empty>,<empty>,gc,7,,32,gc,3,,struct
123173,MEMBER,<empty>,<empty>,lock,17,,41,lock,1,,vlc_mutex_t
123174,MEMBER,<empty>,<empty>,*first,17,,42,first,2,,picture_t*
123175,MEMBER,<empty>,<empty>,**last_ptr,17,,43,last_ptr,3,,picture_t**
123527,MEMBER,<empty>,<empty>,lock,17,,44,lock,3,,vlc_mutex_t
123528,MEMBER,<empty>,<empty>,wait,17,,45,wait,4,,vlc_cond_t
123529,MEMBER,<empty>,<empty>,canceled,24,,47,canceled,5,,bool
123530,MEMBER,<empty>,<empty>,available,24,,48,available,6,,long long unsigned
123531,MEMBER,<empty>,<empty>,refs,24,,49,refs,7,,atomic_ushort
123532,MEMBER,<empty>,<empty>,picture_count,24,,50,picture_count,8,,short unsigned
123533,MEMBER,<empty>,<empty>,*picture[],16,,51,picture,9,,picture_t ** []
124665,MEMBER,<empty>,<empty>,init,20,,31,init,1,,bool
124666,MEMBER,<empty>,<empty>,subi[3],20,,32,subi,2,,unsigned shortint[3]
124667,MEMBER,<empty>,<empty>,lock,20,,33,lock,3,,vlc_mutex_t
124805,MEMBER,<empty>,<empty>,*psz_name,10,,36,psz_name,1,,char*
124806,MEMBER,<empty>,<empty>,*psz_type,10,,37,psz_type,2,,char*
124807,MEMBER,<empty>,<empty>,*psz_sout,10,,38,psz_sout,3,,char*
124808,MEMBER,<empty>,<empty>,*psz_icon_uri,10,,39,psz_icon_uri,4,,char*
124809,MEMBER,<empty>,<empty>,*psz_demux_filter,10,,40,psz_demux_filter,5,,char*
124810,MEMBER,<empty>,<empty>,i_flags,9,,41,i_flags,6,,int
124811,MEMBER,<empty>,<empty>,refs,17,,42,refs,7,,atomic_uint
125158,MEMBER,<empty>,<empty>,*psz_name,10,,180,psz_name,1,,char*
125159,MEMBER,<empty>,<empty>,*psz_longname,10,,181,psz_longname,2,,char*
125436,MEMBER,<empty>,<empty>,src,20,,40,src,1,,video_format_t
125437,MEMBER,<empty>,<empty>,dst,20,,41,dst,2,,video_format_t
126314,MEMBER,<empty>,<empty>,fmt,20,,25,fmt,1,,video_format_t
126315,MEMBER,<empty>,<empty>,*p_picture,20,,26,p_picture,2,,picture_t*
129269,MEMBER,<empty>,<empty>,SIGNATURE_PACKET    = 0x02,5,,28,SIGNATURE_PACKET,1,,ANY
129270,MEMBER,<empty>,<empty>,PUBLIC_KEY_PACKET   = 0x06,5,,29,PUBLIC_KEY_PACKET,2,,ANY
129271,MEMBER,<empty>,<empty>,USER_ID_PACKET      = 0x0d,5,,30,USER_ID_PACKET,3,,ANY
129286,MEMBER,<empty>,<empty>,BINARY_SIGNATURE        = 0x00,5,,35,BINARY_SIGNATURE,1,,ANY
129287,MEMBER,<empty>,<empty>,TEXT_SIGNATURE          = 0x01,5,,36,TEXT_SIGNATURE,2,,ANY
129288,MEMBER,<empty>,<empty>,GENERIC_KEY_SIGNATURE   = 0x10,5,,39,GENERIC_KEY_SIGNATURE,3,,ANY
129289,MEMBER,<empty>,<empty>,PERSONA_KEY_SIGNATURE   = 0x11,5,,40,PERSONA_KEY_SIGNATURE,4,,ANY
129290,MEMBER,<empty>,<empty>,CASUAL_KEY_SIGNATURE    = 0x12,5,,41,CASUAL_KEY_SIGNATURE,5,,ANY
129291,MEMBER,<empty>,<empty>,POSITIVE_KEY_SIGNATURE  = 0x13,5,,42,POSITIVE_KEY_SIGNATURE,6,,ANY
129315,MEMBER,<empty>,<empty>,ISSUER_SUBPACKET    = 0x10,5,,47,ISSUER_SUBPACKET,1,,ANY
129324,MEMBER,<empty>,<empty>,version,13,,53,version,1,,uint8_t
129325,MEMBER,<empty>,<empty>,timestamp[4],13,,54,timestamp,2,,uint8_t[4]
129326,MEMBER,<empty>,<empty>,algo,13,,55,algo,3,,uint8_t
129329,MEMBER,<empty>,<empty>,p[2+3072/8],21,,60,p,1,,uint8_t[386]
129330,MEMBER,<empty>,<empty>,q[2+256/8],21,,61,q,2,,uint8_t[34]
129331,MEMBER,<empty>,<empty>,g[2+3072/8],21,,62,g,3,,uint8_t[386]
129332,MEMBER,<empty>,<empty>,y[2+3072/8],21,,63,y,4,,uint8_t[386]
129361,MEMBER,<empty>,<empty>,dsa,11,,64,dsa,2,,struct
129363,MEMBER,<empty>,<empty>,n[2+4096/8],21,,66,n,1,,uint8_t[514]
129364,MEMBER,<empty>,<empty>,e[2+4096/8],21,,67,e,2,,uint8_t[514]
129381,MEMBER,<empty>,<empty>,rsa,11,,68,rsa,4,,struct
129382,MEMBER,<empty>,<empty>,sig,7,,69,sig,5,,union
129390,MEMBER,<empty>,<empty>,version,13,,75,version,1,,uint8_t
129391,MEMBER,<empty>,<empty>,type,13,,77,type,2,,uint8_t
129392,MEMBER,<empty>,<empty>,public_key_algo,13,,78,public_key_algo,3,,uint8_t
129393,MEMBER,<empty>,<empty>,digest_algo,13,,79,digest_algo,4,,uint8_t
129394,MEMBER,<empty>,<empty>,hash_verification[2],13,,81,hash_verification,5,,uint8_t[2]
129395,MEMBER,<empty>,<empty>,issuer_longid[8],13,,82,issuer_longid,6,,uint8_t[8]
129398,MEMBER,<empty>,<empty>,hashed_data_len[2],21,,88,hashed_data_len,1,,uint8_t[2]
129399,MEMBER,<empty>,<empty>,*hashed_data,21,,89,hashed_data,2,,uint8_t*
129400,MEMBER,<empty>,<empty>,unhashed_data_len[2],21,,90,unhashed_data_len,3,,uint8_t[2]
129401,MEMBER,<empty>,<empty>,*unhashed_data,21,,91,unhashed_data,4,,uint8_t*
129410,MEMBER,<empty>,<empty>,v4,11,,92,v4,2,,struct
129412,MEMBER,<empty>,<empty>,hashed_data_len,21,,95,hashed_data_len,1,,uint8_t
129413,MEMBER,<empty>,<empty>,timestamp[4],21,,96,timestamp,2,,uint8_t[4]
129420,MEMBER,<empty>,<empty>,v3,11,,97,v3,4,,struct
129421,MEMBER,<empty>,<empty>,specific,7,,98,specific,8,,union
129424,MEMBER,<empty>,<empty>,r[2+256/8],21,,105,r,1,,uint8_t[34]
129425,MEMBER,<empty>,<empty>,s[2+256/8],21,,106,s,2,,uint8_t[34]
129442,MEMBER,<empty>,<empty>,dsa,11,,107,dsa,2,,struct
129444,MEMBER,<empty>,<empty>,s[2+4096/8],21,,109,s,1,,uint8_t[514]
129455,MEMBER,<empty>,<empty>,rsa,11,,110,rsa,4,,struct
129456,MEMBER,<empty>,<empty>,algo_specific,7,,111,algo_specific,10,,union
129470,MEMBER,<empty>,<empty>,longid[8],13,,119,longid,1,,uint8_t[8]
129471,MEMBER,<empty>,<empty>,*psz_username,13,,120,psz_username,2,,uint8_t*
129472,MEMBER,<empty>,<empty>,key,25,,122,key,3,,public_key_packet_t
129473,MEMBER,<empty>,<empty>,sig,24,,124,sig,4,,signature_packet_t
129485,MEMBER,<empty>,<empty>,thread,18,,136,thread,3,,vlc_thread_t
129486,MEMBER,<empty>,<empty>,aborted,17,,137,aborted,4,,atomic_bool
129487,MEMBER,<empty>,<empty>,*p_update,14,,138,p_update,5,,update_t*
129488,MEMBER,<empty>,<empty>,*psz_destdir,10,,139,psz_destdir,6,,char*
129491,MEMBER,<empty>,<empty>,thread,18,,147,thread,1,,vlc_thread_t
129492,MEMBER,<empty>,<empty>,*p_update,14,,149,p_update,2,,update_t*
129499,MEMBER,<empty>,<empty>,*p_data,10,,151,p_data,4,,void*
129502,MEMBER,<empty>,<empty>,*p_libvlc,18,,159,p_libvlc,1,,libvlc_int_t*
129503,MEMBER,<empty>,<empty>,lock,17,,160,lock,2,,vlc_mutex_t
129505,MEMBER,<empty>,<empty>,release,29,,161,release,4,,update_release_t
129506,MEMBER,<empty>,<empty>,*p_pkey,18,,162,p_pkey,5,,public_key_t*
129507,MEMBER,<empty>,<empty>,*p_download,30,,163,p_download,6,,update_download_thread_t*
129508,MEMBER,<empty>,<empty>,*p_check,27,,164,p_check,7,,update_check_thread_t*
133440,MEMBER,<empty>,<empty>,pf_value_callback,30,,50,pf_value_callback,1,,vlc_callback_t
133441,MEMBER,<empty>,<empty>,pf_list_callback,30,,51,pf_list_callback,2,,vlc_list_callback_t
133442,MEMBER,<empty>,<empty>,*               p_callback,14,,52,p_callback,3,,void*
133443,MEMBER,<empty>,<empty>,*         p_data,10,,54,p_data,2,,void*
133464,MEMBER,<empty>,<empty>,i_entries,24,,66,i_entries,1,,int
133465,MEMBER,<empty>,<empty>,* p_entries,22,,67,p_entries,2,,callback_entry_t*
133468,MEMBER,<empty>,<empty>,*       psz_name,10,,76,psz_name,1,,char*
133469,MEMBER,<empty>,<empty>,val,18,,79,val,2,,vlc_value_t
133470,MEMBER,<empty>,<empty>,*       psz_text,10,,82,psz_text,3,,char*
133471,MEMBER,<empty>,<empty>,*ops,26,,84,ops,4,,variable_ops_t*
133472,MEMBER,<empty>,<empty>,i_type,18,,86,i_type,5,,int
133473,MEMBER,<empty>,<empty>,i_usage,18,,87,i_usage,6,,unsigned
133474,MEMBER,<empty>,<empty>,min,18,,90,min,7,,vlc_value_t
133475,MEMBER,<empty>,<empty>,max,23,,90,max,8,,vlc_value_t
133476,MEMBER,<empty>,<empty>,step,28,,90,step,9,,vlc_value_t
133477,MEMBER,<empty>,<empty>,choices,18,,93,choices,10,,vlc_list_t
133478,MEMBER,<empty>,<empty>,choices_text,18,,95,choices_text,11,,vlc_list_t
133479,MEMBER,<empty>,<empty>,b_incallback,12,,98,b_incallback,12,,bool
133480,MEMBER,<empty>,<empty>,value_callbacks,25,,101,value_callbacks,13,,callback_table_t
133481,MEMBER,<empty>,<empty>,list_callbacks,25,,103,list_callbacks,14,,callback_table_t
135990,MEMBER,<empty>,<empty>,vlc_value_callback,5,,826,vlc_value_callback,1,,ANY
135991,MEMBER,<empty>,<empty>,vlc_list_callback,5,,827,vlc_list_callback,2,,ANY
137403,MEMBER,<empty>,<empty>,(max_align_t),13,,38,,1,,alignas
137405,MEMBER,<empty>,<empty>,*psz_name,20,,39,psz_name,3,,char*
137406,MEMBER,<empty>,<empty>,*var_root,20,,42,var_root,4,,void*
137407,MEMBER,<empty>,<empty>,var_lock,21,,43,var_lock,5,,vlc_mutex_t
137408,MEMBER,<empty>,<empty>,var_wait,21,,44,var_wait,6,,vlc_cond_t
137409,MEMBER,<empty>,<empty>,refs,21,,47,refs,7,,atomic_uint
137410,MEMBER,<empty>,<empty>,pf_destructor,22,,48,pf_destructor,8,,vlc_destructor_t
137411,MEMBER,<empty>,<empty>,*next,28,,51,next,9,,vlc_object_internals_t*
137412,MEMBER,<empty>,<empty>,*prev,28,,52,prev,10,,vlc_object_internals_t*
137413,MEMBER,<empty>,<empty>,*first,28,,53,first,11,,vlc_object_internals_t*
137414,MEMBER,<empty>,<empty>,tree_lock,17,,54,tree_lock,12,,vlc_mutex_t
137416,MEMBER,<empty>,<empty>,*resources,20,,57,resources,14,,vlc_res*
138114,MEMBER,<empty>,<empty>,*name,10,,54,name,1,,char*
138115,MEMBER,<empty>,<empty>,**modv,14,,55,modv,2,,module_t**
138116,MEMBER,<empty>,<empty>,modc,12,,56,modc,3,,size_t
138226,MEMBER,<empty>,<empty>,lock,17,,96,lock,1,,vlc_mutex_t
138227,MEMBER,<empty>,<empty>,*caches,13,,97,caches,2,,block_t*
138228,MEMBER,<empty>,<empty>,*caps_tree,10,,98,caps_tree,3,,void*
138229,MEMBER,<empty>,<empty>,usage,14,,99,usage,4,,unsigned
139952,MEMBER,<empty>,<empty>,*name,16,,483,name,1,,char*
139953,MEMBER,<empty>,<empty>,*addr,10,,484,addr,2,,void*
141179,MEMBER,<empty>,<empty>,*next,25,,35,next,2,,vlc_plugin_t*
141180,MEMBER,<empty>,<empty>,*module,14,,36,module,3,,module_t*
141181,MEMBER,<empty>,<empty>,modules_count,14,,37,modules_count,4,,unsigned
141182,MEMBER,<empty>,<empty>,*textdomain,16,,39,textdomain,5,,char*
141184,MEMBER,<empty>,<empty>,*items,25,,46,items,1,,module_config_t*
141185,MEMBER,<empty>,<empty>,size,16,,47,size,2,,size_t
141186,MEMBER,<empty>,<empty>,count,16,,48,count,3,,size_t
141187,MEMBER,<empty>,<empty>,booleans,16,,49,booleans,4,,size_t
141188,MEMBER,<empty>,<empty>,conf,7,,50,conf,7,,struct
141189,MEMBER,<empty>,<empty>,loaded,17,,53,loaded,8,,atomic_bool
141190,MEMBER,<empty>,<empty>,unloadable,10,,54,unloadable,9,,bool
141191,MEMBER,<empty>,<empty>,handle,21,,55,handle,10,,module_handle_t
141192,MEMBER,<empty>,<empty>,*abspath,10,,56,abspath,11,,char*
141193,MEMBER,<empty>,<empty>,*path,10,,58,path,12,,char*
141194,MEMBER,<empty>,<empty>,mtime,13,,59,mtime,13,,int64_t
141195,MEMBER,<empty>,<empty>,size,14,,60,size,14,,uint64_t
141212,MEMBER,<empty>,<empty>,*plugin,18,,82,plugin,1,,vlc_plugin_t*
141213,MEMBER,<empty>,<empty>,*next,16,,83,next,2,,module_t*
141214,MEMBER,<empty>,<empty>,i_shortcuts,17,,86,i_shortcuts,3,,unsigned
141215,MEMBER,<empty>,<empty>,**pp_shortcuts,16,,87,pp_shortcuts,4,,char**
141216,MEMBER,<empty>,<empty>,*psz_shortname,16,,92,psz_shortname,5,,char*
141217,MEMBER,<empty>,<empty>,*psz_longname,16,,93,psz_longname,6,,char*
141218,MEMBER,<empty>,<empty>,*psz_help,16,,94,psz_help,7,,char*
141219,MEMBER,<empty>,<empty>,*psz_capability,16,,96,psz_capability,8,,char*
141220,MEMBER,<empty>,<empty>,i_score,14,,97,i_score,9,,int
141221,MEMBER,<empty>,<empty>,*activate_name,16,,100,activate_name,10,,char*
141222,MEMBER,<empty>,<empty>,*deactivate_name,16,,101,deactivate_name,11,,char*
141223,MEMBER,<empty>,<empty>,*pf_activate,10,,102,pf_activate,12,,void*
141224,MEMBER,<empty>,<empty>,*pf_deactivate,10,,103,pf_deactivate,13,,void*
142848,MEMBER,<empty>,<empty>,i_ref,17,,78,i_ref,3,,unsigned
142849,MEMBER,<empty>,<empty>,*fds,17,,81,fds,4,,int*
142850,MEMBER,<empty>,<empty>,nfd,18,,82,nfd,5,,unsigned
142851,MEMBER,<empty>,<empty>,port,18,,83,port,6,,unsigned
142852,MEMBER,<empty>,<empty>,thread,18,,85,thread,7,,vlc_thread_t
142853,MEMBER,<empty>,<empty>,lock,17,,86,lock,8,,vlc_mutex_t
142854,MEMBER,<empty>,<empty>,wait,17,,87,wait,9,,vlc_cond_t
142855,MEMBER,<empty>,<empty>,i_url,17,,93,i_url,10,,int
142856,MEMBER,<empty>,<empty>,**url,17,,94,url,11,,httpd_url_t**
142857,MEMBER,<empty>,<empty>,b_no_timeout,20,,96,b_no_timeout,12,,bool
142858,MEMBER,<empty>,<empty>,i_client,20,,97,i_client,13,,int
142859,MEMBER,<empty>,<empty>,**client,20,,98,client,14,,httpd_client_t**
142860,MEMBER,<empty>,<empty>,timeout_sec,14,,99,timeout_sec,15,,unsigned
142861,MEMBER,<empty>,<empty>,*p_tls,21,,102,p_tls,16,,vlc_tls_creds_t*
142863,MEMBER,<empty>,<empty>,*host,18,,108,host,1,,httpd_host_t*
142864,MEMBER,<empty>,<empty>,lock,17,,110,lock,2,,vlc_mutex_t
142865,MEMBER,<empty>,<empty>,*psz_url,15,,112,psz_url,3,,char*
142866,MEMBER,<empty>,<empty>,*psz_user,15,,113,psz_user,4,,char*
142867,MEMBER,<empty>,<empty>,*psz_password,15,,114,psz_password,5,,char*
142869,MEMBER,<empty>,<empty>,cb,30,,118,cb,1,,httpd_callback_t
142870,MEMBER,<empty>,<empty>,*p_sys,30,,119,p_sys,2,,httpd_callback_sys_t*
142871,MEMBER,<empty>,<empty>,catch[HTTPD_MSG_MAX],7,,120,catch,7,,[]
142879,MEMBER,<empty>,<empty>,HTTPD_CLIENT_RECEIVING,5,,126,HTTPD_CLIENT_RECEIVING,1,,ANY
142880,MEMBER,<empty>,<empty>,HTTPD_CLIENT_RECEIVE_DONE,5,,127,HTTPD_CLIENT_RECEIVE_DONE,2,,ANY
142881,MEMBER,<empty>,<empty>,HTTPD_CLIENT_SENDING,5,,129,HTTPD_CLIENT_SENDING,3,,ANY
142882,MEMBER,<empty>,<empty>,HTTPD_CLIENT_SEND_DONE,5,,130,HTTPD_CLIENT_SEND_DONE,4,,ANY
142883,MEMBER,<empty>,<empty>,HTTPD_CLIENT_WAITING,5,,132,HTTPD_CLIENT_WAITING,5,,ANY
142884,MEMBER,<empty>,<empty>,HTTPD_CLIENT_DEAD,5,,134,HTTPD_CLIENT_DEAD,6,,ANY
142885,MEMBER,<empty>,<empty>,HTTPD_CLIENT_TLS_HS_IN,5,,136,HTTPD_CLIENT_TLS_HS_IN,7,,ANY
142886,MEMBER,<empty>,<empty>,HTTPD_CLIENT_TLS_HS_OUT,5,,137,HTTPD_CLIENT_TLS_HS_OUT,8,,ANY
142888,MEMBER,<empty>,<empty>,*url,17,,142,url,1,,httpd_url_t*
142889,MEMBER,<empty>,<empty>,*sock,17,,143,sock,2,,vlc_tls_t*
142890,MEMBER,<empty>,<empty>,i_ref,13,,145,i_ref,3,,int
142891,MEMBER,<empty>,<empty>,b_stream_mode,13,,147,b_stream_mode,4,,bool
142892,MEMBER,<empty>,<empty>,i_state,13,,148,i_state,5,,uint8_t
142893,MEMBER,<empty>,<empty>,i_timeout_date,13,,150,i_timeout_date,6,,mtime_t
142894,MEMBER,<empty>,<empty>,i_buffer_size,13,,153,i_buffer_size,7,,int
142895,MEMBER,<empty>,<empty>,i_buffer,13,,154,i_buffer,8,,int
142896,MEMBER,<empty>,<empty>,*p_buffer,13,,155,p_buffer,9,,uint8_t*
142897,MEMBER,<empty>,<empty>,i_keyframe_wait_to_pass,13,,162,i_keyframe_wait_to_pass,10,,int64_t
142898,MEMBER,<empty>,<empty>,query,21,,165,query,11,,httpd_message_t
142899,MEMBER,<empty>,<empty>,answer,21,,166,answer,12,,httpd_message_t
143077,MEMBER,<empty>,<empty>,*url,17,,296,url,1,,httpd_url_t*
143078,MEMBER,<empty>,<empty>,pf_fill,27,,297,pf_fill,2,,httpd_file_callback_t
143079,MEMBER,<empty>,<empty>,*p_sys,27,,298,p_sys,3,,httpd_file_sys_t*
143080,MEMBER,<empty>,<empty>,mime[1],10,,299,mime,4,,char[1]
143375,MEMBER,<empty>,<empty>,*url,17,,401,url,1,,httpd_url_t*
143376,MEMBER,<empty>,<empty>,pf_fill,30,,403,pf_fill,2,,httpd_handler_callback_t
143377,MEMBER,<empty>,<empty>,*p_sys,29,,404,p_sys,3,,void*
143782,MEMBER,<empty>,<empty>,*url,17,,520,url,1,,httpd_url_t*
143783,MEMBER,<empty>,<empty>,dst[1],18,,521,dst,2,,char[1]
143991,MEMBER,<empty>,<empty>,lock,17,,593,lock,1,,vlc_mutex_t
143992,MEMBER,<empty>,<empty>,*url,17,,594,url,2,,httpd_url_t*
143993,MEMBER,<empty>,<empty>,*psz_mime,13,,596,psz_mime,3,,char*
143994,MEMBER,<empty>,<empty>,*p_header,13,,599,p_header,4,,uint8_t*
143995,MEMBER,<empty>,<empty>,i_header,13,,600,i_header,5,,int
143996,MEMBER,<empty>,<empty>,b_has_keyframes,17,,607,b_has_keyframes,6,,bool
143997,MEMBER,<empty>,<empty>,i_last_keyframe_seen_pos,17,,608,i_last_keyframe_seen_pos,7,,int64_t
143998,MEMBER,<empty>,<empty>,i_buffer_size,17,,611,i_buffer_size,8,,int
143999,MEMBER,<empty>,<empty>,*p_buffer,17,,612,p_buffer,9,,uint8_t*
144000,MEMBER,<empty>,<empty>,i_buffer_pos,17,,613,i_buffer_pos,10,,int64_t
144001,MEMBER,<empty>,<empty>,i_buffer_last_pos,17,,614,i_buffer_last_pos,11,,int64_t
144002,MEMBER,<empty>,<empty>,i_http_headers,19,,617,i_http_headers,12,,size_t
144003,MEMBER,<empty>,<empty>,* p_http_headers,18,,618,p_http_headers,13,,httpd_header*
145006,MEMBER,<empty>,<empty>,mutex,18,,904,mutex,1,,vlc_mutex_t
145007,MEMBER,<empty>,<empty>,**host,18,,906,host,2,,httpd_host_t**
145008,MEMBER,<empty>,<empty>,i_host,18,,907,i_host,3,,int
146182,MEMBER,<empty>,<empty>,name[16],16,,1257,name,1,,char[16]
146183,MEMBER,<empty>,<empty>,i_type,10,,1258,i_type,2,,int
146184,MEMBER,<empty>,<empty>,i_proto,10,,1259,i_proto,3,,int
152592,MEMBER,<empty>,<empty>,tls,20,,343,tls,2,,vlc_tls
152593,MEMBER,<empty>,<empty>,fd,9,,344,fd,3,,int
152594,MEMBER,<empty>,<empty>,peerlen,15,,345,peerlen,4,,socklen_t
152596,MEMBER,<empty>,<empty>,peer[],21,,346,peer,6,,sockaddr[]
156620,MEMBER,<empty>,<empty>,tid,20,,56,tid,1,,TID
156621,MEMBER,<empty>,<empty>,cancel_event,20,,57,cancel_event,2,,HEV
156622,MEMBER,<empty>,<empty>,done_event,20,,58,done_event,3,,HEV
156623,MEMBER,<empty>,<empty>,cancel_sock,20,,59,cancel_sock,4,,int
156624,MEMBER,<empty>,<empty>,detached,20,,61,detached,5,,bool
156625,MEMBER,<empty>,<empty>,killable,20,,62,killable,6,,bool
156626,MEMBER,<empty>,<empty>,killed,20,,63,killed,7,,bool
156627,MEMBER,<empty>,<empty>,*cleaners,19,,64,cleaners,8,,vlc_cleanup_t*
156633,MEMBER,<empty>,<empty>,*data,19,,67,data,10,,void*
157006,MEMBER,<empty>,<empty>,condvar,16,,263,condvar,1,,vlc_cond_t
157007,MEMBER,<empty>,<empty>,*next,23,,264,next,2,,vlc_static_cond_t*
157411,MEMBER,<empty>,<empty>,id,27,,434,id,1,,PULONG
157418,MEMBER,<empty>,<empty>,*prev,26,,436,prev,4,,vlc_threadvar*
157420,MEMBER,<empty>,<empty>,*next,26,,437,next,6,,vlc_threadvar*
158661,MEMBER,<empty>,<empty>,tid,12,,912,tid,1,,TID
158662,MEMBER,<empty>,<empty>,hev,12,,913,hev,2,,HEV
158663,MEMBER,<empty>,<empty>,htimer,12,,914,htimer,3,,HTIMER
158664,MEMBER,<empty>,<empty>,interval,12,,915,interval,4,,ULONG
158665,MEMBER,<empty>,<empty>,quit,12,,916,quit,5,,bool
158671,MEMBER,<empty>,<empty>,*data,11,,918,data,7,,void*
161877,MEMBER,<empty>,<empty>,* local,29,,44,local,2,,background_worker*
161879,MEMBER,<empty>,<empty>,* network,29,,45,network,4,,background_worker*
161881,MEMBER,<empty>,<empty>,* downloader,29,,46,downloader,6,,background_worker*
161882,MEMBER,<empty>,<empty>,album_cache,22,,48,album_cache,7,,vlc_dictionary_t
161883,MEMBER,<empty>,<empty>,* owner,17,,49,owner,8,,vlc_object_t*
161884,MEMBER,<empty>,<empty>,lock,17,,50,lock,9,,vlc_mutex_t
161886,MEMBER,<empty>,<empty>,* item,17,,54,item,1,,input_item_t*
161887,MEMBER,<empty>,<empty>,refs,17,,55,refs,2,,atomic_uint
161888,MEMBER,<empty>,<empty>,preparse_status,9,,56,preparse_status,3,,int
161889,MEMBER,<empty>,<empty>,options,9,,57,options,4,,int
161898,MEMBER,<empty>,<empty>,* worker,29,,63,worker,3,,background_worker*
161900,MEMBER,<empty>,<empty>,* req,27,,64,req,5,,fetcher_request*
161901,MEMBER,<empty>,<empty>,* fetcher,23,,65,fetcher,6,,playlist_fetcher_t*
161902,MEMBER,<empty>,<empty>,interrupt,21,,67,interrupt,7,,vlc_interrupt_t
161903,MEMBER,<empty>,<empty>,thread,18,,68,thread,8,,vlc_thread_t
161904,MEMBER,<empty>,<empty>,active,17,,69,active,9,,atomic_bool
165500,MEMBER,<empty>,<empty>,public_data,26,,49,public_data,1,,playlist_t
165502,MEMBER,<empty>,<empty>,*interface,26,,50,interface,3,,intf_thread_t*
165503,MEMBER,<empty>,<empty>,*input_tree,10,,52,input_tree,4,,void*
165504,MEMBER,<empty>,<empty>,*id_tree,10,,54,id_tree,5,,void*
165505,MEMBER,<empty>,<empty>,**pp_sds,25,,56,pp_sds,6,,vlc_sd_internal_t**
165506,MEMBER,<empty>,<empty>,i_sds,27,,57,i_sds,7,,int
165507,MEMBER,<empty>,<empty>,*      p_input,20,,58,p_input,8,,input_thread_t*
165508,MEMBER,<empty>,<empty>,*   p_input_resource,22,,60,p_input_resource,9,,input_resource_t*
165509,MEMBER,<empty>,<empty>,*p_renderer,25,,61,p_renderer,10,,vlc_renderer_item_t*
165511,MEMBER,<empty>,<empty>,*   p_item,25,,65,p_item,1,,playlist_item_t*
165512,MEMBER,<empty>,<empty>,*   p_node,25,,66,p_node,2,,playlist_item_t*
165513,MEMBER,<empty>,<empty>,status,7,,67,status,12,,struct
165515,MEMBER,<empty>,<empty>,*   p_node,25,,71,p_node,1,,playlist_item_t*
165516,MEMBER,<empty>,<empty>,*   p_item,25,,72,p_item,2,,playlist_item_t*
165517,MEMBER,<empty>,<empty>,i_skip,29,,74,i_skip,3,,int
165518,MEMBER,<empty>,<empty>,b_request,23,,76,b_request,4,,bool
165519,MEMBER,<empty>,<empty>,input_dead,14,,79,input_dead,5,,bool
165520,MEMBER,<empty>,<empty>,request,7,,80,request,14,,struct
165521,MEMBER,<empty>,<empty>,thread,18,,82,thread,15,,vlc_thread_t
165522,MEMBER,<empty>,<empty>,lock,17,,83,lock,16,,vlc_mutex_t
165523,MEMBER,<empty>,<empty>,signal,16,,84,signal,17,,vlc_cond_t
165524,MEMBER,<empty>,<empty>,killed,14,,85,killed,18,,bool
165525,MEMBER,<empty>,<empty>,cork_effective,14,,86,cork_effective,19,,bool
165526,MEMBER,<empty>,<empty>,i_last_playlist_id,14,,88,i_last_playlist_id,20,,int
165527,MEMBER,<empty>,<empty>,b_reset_currently_playing,14,,89,b_reset_currently_playing,21,,bool
165528,MEMBER,<empty>,<empty>,i_consecutive_errors,14,,90,i_consecutive_errors,22,,unsigned
165529,MEMBER,<empty>,<empty>,b_tree,14,,92,b_tree,23,,bool
165530,MEMBER,<empty>,<empty>,b_preparse,14,,93,b_preparse,24,,bool
165686,MEMBER,<empty>,<empty>,* owner,17,,36,owner,1,,vlc_object_t*
165687,MEMBER,<empty>,<empty>,* fetcher,23,,37,fetcher,2,,playlist_fetcher_t*
165689,MEMBER,<empty>,<empty>,* worker,29,,38,worker,4,,background_worker*
165690,MEMBER,<empty>,<empty>,deactivated,17,,39,deactivated,5,,atomic_bool
166538,MEMBER,<empty>,<empty>,*node,26,,36,node,1,,playlist_item_t*
166539,MEMBER,<empty>,<empty>,*sd,26,,37,sd,2,,services_discovery_t*
166540,MEMBER,<empty>,<empty>,name[],10,,38,name,3,,char[]
171617,MEMBER,<empty>,<empty>,*name,16,,35,name,1,,char*
171618,MEMBER,<empty>,<empty>,*service,16,,36,service,2,,char*
171620,MEMBER,<empty>,<empty>,*hints,27,,37,hints,4,,addrinfo*
171622,MEMBER,<empty>,<empty>,*result,21,,38,result,6,,addrinfo*
171623,MEMBER,<empty>,<empty>,error,9,,39,error,7,,int
171624,MEMBER,<empty>,<empty>,done,15,,40,done,8,,vlc_sem_t
173496,MEMBER,<empty>,<empty>,thread,18,,44,thread,1,,vlc_thread_t
173497,MEMBER,<empty>,<empty>,reschedule,18,,45,reschedule,2,,vlc_cond_t
173498,MEMBER,<empty>,<empty>,lock,18,,46,lock,3,,vlc_mutex_t
173504,MEMBER,<empty>,<empty>,*data,17,,48,data,5,,void*
173505,MEMBER,<empty>,<empty>,value,18,,49,value,6,,mtime_t
173506,MEMBER,<empty>,<empty>,interval,25,,49,interval,7,,mtime_t
173507,MEMBER,<empty>,<empty>,overruns,18,,50,overruns,8,,atomic_uint
173888,MEMBER,<empty>,<empty>,*next,33,,50,next,2,,session_descriptor_t*
173889,MEMBER,<empty>,<empty>,length,12,,51,length,3,,size_t
173890,MEMBER,<empty>,<empty>,*data,10,,52,data,4,,char*
173893,MEMBER,<empty>,<empty>,*next,28,,59,next,2,,sap_address_t*
173894,MEMBER,<empty>,<empty>,thread,29,,61,thread,3,,vlc_thread_t
173895,MEMBER,<empty>,<empty>,lock,29,,62,lock,4,,vlc_mutex_t
173896,MEMBER,<empty>,<empty>,wait,29,,63,wait,5,,vlc_cond_t
173897,MEMBER,<empty>,<empty>,group[NI_MAXNUMERICHOST],29,,65,group,6,,char[]
173899,MEMBER,<empty>,<empty>,orig,29,,66,orig,8,,sockaddr_storage
173900,MEMBER,<empty>,<empty>,origlen,29,,67,origlen,9,,socklen_t
173901,MEMBER,<empty>,<empty>,fd,29,,68,fd,10,,int
173902,MEMBER,<empty>,<empty>,interval,29,,69,interval,11,,unsigned
173903,MEMBER,<empty>,<empty>,session_count,29,,71,session_count,12,,unsigned
173904,MEMBER,<empty>,<empty>,*first,28,,72,first,13,,session_descriptor_t*
175278,MEMBER,<empty>,<empty>,*psz_access,10,,66,psz_access,1,,char*
175279,MEMBER,<empty>,<empty>,*psz_way,10,,67,psz_way,2,,char*
175280,MEMBER,<empty>,<empty>,*psz_name,10,,68,psz_name,3,,char*
177291,MEMBER,<empty>,<empty>,*p_sout,25,,38,p_sout,1,,sout_instance_t*
177292,MEMBER,<empty>,<empty>,*id,29,,40,id,2,,sout_stream_id_sys_t*
179267,MEMBER,<empty>,<empty>,psz_entity[8],13,,60,psz_entity,1,,char[8]
179268,MEMBER,<empty>,<empty>,psz_char[4],13,,61,psz_char,2,,char[4]
184896,MEMBER,<empty>,<empty>,shift,13,,30,shift,1,,int
184897,MEMBER,<empty>,<empty>,avg,13,,31,avg,2,,mtime_t
184898,MEMBER,<empty>,<empty>,avg_initial,13,,32,avg_initial,3,,mtime_t
184899,MEMBER,<empty>,<empty>,shift_var,13,,34,shift_var,4,,int
184900,MEMBER,<empty>,<empty>,var,13,,35,var,5,,mtime_t
184901,MEMBER,<empty>,<empty>,start,13,,37,start,6,,mtime_t
185677,MEMBER,<empty>,<empty>,VOUT_CONTROL_INIT,5,,32,VOUT_CONTROL_INIT,1,,ANY
185678,MEMBER,<empty>,<empty>,VOUT_CONTROL_CLEAN,5,,33,VOUT_CONTROL_CLEAN,2,,ANY
185679,MEMBER,<empty>,<empty>,VOUT_CONTROL_REINIT,5,,34,VOUT_CONTROL_REINIT,3,,ANY
185680,MEMBER,<empty>,<empty>,VOUT_CONTROL_CANCEL,5,,35,VOUT_CONTROL_CANCEL,4,,ANY
185681,MEMBER,<empty>,<empty>,VOUT_CONTROL_SUBPICTURE,5,,42,VOUT_CONTROL_SUBPICTURE,5,,ANY
185682,MEMBER,<empty>,<empty>,VOUT_CONTROL_FLUSH_SUBPICTURE,5,,43,VOUT_CONTROL_FLUSH_SUBPICTURE,6,,ANY
185683,MEMBER,<empty>,<empty>,VOUT_CONTROL_OSD_TITLE,5,,44,VOUT_CONTROL_OSD_TITLE,7,,ANY
185684,MEMBER,<empty>,<empty>,VOUT_CONTROL_CHANGE_FILTERS,5,,45,VOUT_CONTROL_CHANGE_FILTERS,8,,ANY
185685,MEMBER,<empty>,<empty>,VOUT_CONTROL_CHANGE_INTERLACE,5,,46,VOUT_CONTROL_CHANGE_INTERLACE,9,,ANY
185686,MEMBER,<empty>,<empty>,VOUT_CONTROL_CHANGE_SUB_SOURCES,5,,47,VOUT_CONTROL_CHANGE_SUB_SOURCES,10,,ANY
185687,MEMBER,<empty>,<empty>,VOUT_CONTROL_CHANGE_SUB_FILTERS,5,,48,VOUT_CONTROL_CHANGE_SUB_FILTERS,11,,ANY
185688,MEMBER,<empty>,<empty>,VOUT_CONTROL_CHANGE_SUB_MARGIN,5,,49,VOUT_CONTROL_CHANGE_SUB_MARGIN,12,,ANY
185689,MEMBER,<empty>,<empty>,VOUT_CONTROL_PAUSE,5,,51,VOUT_CONTROL_PAUSE,13,,ANY
185690,MEMBER,<empty>,<empty>,VOUT_CONTROL_FLUSH,5,,52,VOUT_CONTROL_FLUSH,14,,ANY
185691,MEMBER,<empty>,<empty>,VOUT_CONTROL_STEP,5,,53,VOUT_CONTROL_STEP,15,,ANY
185692,MEMBER,<empty>,<empty>,VOUT_CONTROL_FULLSCREEN,5,,55,VOUT_CONTROL_FULLSCREEN,16,,ANY
185693,MEMBER,<empty>,<empty>,VOUT_CONTROL_WINDOW_STATE,5,,56,VOUT_CONTROL_WINDOW_STATE,17,,ANY
185694,MEMBER,<empty>,<empty>,VOUT_CONTROL_WINDOW_MOUSE,5,,57,VOUT_CONTROL_WINDOW_MOUSE,18,,ANY
185695,MEMBER,<empty>,<empty>,VOUT_CONTROL_DISPLAY_FILLED,5,,58,VOUT_CONTROL_DISPLAY_FILLED,19,,ANY
185696,MEMBER,<empty>,<empty>,VOUT_CONTROL_ZOOM,5,,59,VOUT_CONTROL_ZOOM,20,,ANY
185697,MEMBER,<empty>,<empty>,VOUT_CONTROL_ASPECT_RATIO,5,,61,VOUT_CONTROL_ASPECT_RATIO,21,,ANY
185698,MEMBER,<empty>,<empty>,VOUT_CONTROL_CROP_BORDER,5,,62,VOUT_CONTROL_CROP_BORDER,22,,ANY
185699,MEMBER,<empty>,<empty>,VOUT_CONTROL_CROP_RATIO,5,,63,VOUT_CONTROL_CROP_RATIO,23,,ANY
185700,MEMBER,<empty>,<empty>,VOUT_CONTROL_CROP_WINDOW,5,,64,VOUT_CONTROL_CROP_WINDOW,24,,ANY
185701,MEMBER,<empty>,<empty>,VOUT_CONTROL_VIEWPOINT,5,,65,VOUT_CONTROL_VIEWPOINT,25,,ANY
185703,MEMBER,<empty>,<empty>,type,9,,69,type,1,,int
185705,MEMBER,<empty>,<empty>,boolean,17,,72,boolean,1,,bool
185706,MEMBER,<empty>,<empty>,time,17,,73,time,2,,mtime_t
185707,MEMBER,<empty>,<empty>,*time_ptr,17,,74,time_ptr,3,,mtime_t*
185708,MEMBER,<empty>,<empty>,*string,17,,75,string,4,,char*
185709,MEMBER,<empty>,<empty>,integer,17,,76,integer,5,,int
185711,MEMBER,<empty>,<empty>,a,17,,78,a,1,,int
185712,MEMBER,<empty>,<empty>,b,17,,79,b,2,,int
185713,MEMBER,<empty>,<empty>,pair,11,,80,pair,7,,struct
185715,MEMBER,<empty>,<empty>,is_on,18,,82,is_on,1,,bool
185716,MEMBER,<empty>,<empty>,date,21,,83,date,2,,mtime_t
185717,MEMBER,<empty>,<empty>,pause,11,,84,pause,9,,struct
185719,MEMBER,<empty>,<empty>,channel,17,,86,channel,1,,int
185720,MEMBER,<empty>,<empty>,*string,18,,87,string,2,,char*
185721,MEMBER,<empty>,<empty>,message,11,,88,message,11,,struct
185723,MEMBER,<empty>,<empty>,left,22,,90,left,1,,unsigned
185724,MEMBER,<empty>,<empty>,top,22,,91,top,2,,unsigned
185725,MEMBER,<empty>,<empty>,right,22,,92,right,3,,unsigned
185726,MEMBER,<empty>,<empty>,bottom,22,,93,bottom,4,,unsigned
185727,MEMBER,<empty>,<empty>,border,11,,94,border,13,,struct
185729,MEMBER,<empty>,<empty>,x,22,,96,x,1,,unsigned
185730,MEMBER,<empty>,<empty>,y,22,,97,y,2,,unsigned
185731,MEMBER,<empty>,<empty>,width,22,,98,width,3,,unsigned
185732,MEMBER,<empty>,<empty>,height,22,,99,height,4,,unsigned
185733,MEMBER,<empty>,<empty>,window,11,,100,window,15,,struct
185734,MEMBER,<empty>,<empty>,window_mouse,35,,101,window_mouse,16,,vout_window_mouse_event_t
185735,MEMBER,<empty>,<empty>,*cfg,36,,102,cfg,17,,vout_configuration_t*
185736,MEMBER,<empty>,<empty>,*subpicture,22,,103,subpicture,18,,subpicture_t*
185737,MEMBER,<empty>,<empty>,viewpoint,25,,104,viewpoint,19,,vlc_viewpoint_t
185738,MEMBER,<empty>,<empty>,u,7,,105,u,3,,union
185752,MEMBER,<empty>,<empty>,lock,17,,112,lock,1,,vlc_mutex_t
185753,MEMBER,<empty>,<empty>,wait_request,17,,113,wait_request,2,,vlc_cond_t
185754,MEMBER,<empty>,<empty>,wait_acknowledge,17,,114,wait_acknowledge,3,,vlc_cond_t
185755,MEMBER,<empty>,<empty>,is_dead,10,,117,is_dead,4,,bool
185756,MEMBER,<empty>,<empty>,can_sleep,10,,118,can_sleep,5,,bool
185757,MEMBER,<empty>,<empty>,is_processing,10,,119,is_processing,6,,bool
187046,MEMBER,<empty>,<empty>,*vout,21,,332,vout,1,,vout_thread_t*
187047,MEMBER,<empty>,<empty>,is_splitter,21,,333,is_splitter,2,,bool
187048,MEMBER,<empty>,<empty>,cfg,24,,336,cfg,3,,vout_display_cfg_t
187049,MEMBER,<empty>,<empty>,sar_initial,20,,337,sar_initial,4,,vlc_rational_t
187050,MEMBER,<empty>,<empty>,is_display_filled,10,,340,is_display_filled,5,,bool
187051,MEMBER,<empty>,<empty>,ch_zoom,10,,342,ch_zoom,6,,bool
187052,MEMBER,<empty>,<empty>,zoom,20,,343,zoom,7,,vlc_rational_t
187053,MEMBER,<empty>,<empty>,width_saved,14,,345,width_saved,8,,unsigned
187054,MEMBER,<empty>,<empty>,height_saved,14,,346,height_saved,9,,unsigned
187055,MEMBER,<empty>,<empty>,ch_fullscreen,10,,347,ch_fullscreen,10,,bool
187056,MEMBER,<empty>,<empty>,is_fullscreen,10,,348,is_fullscreen,11,,bool
187057,MEMBER,<empty>,<empty>,window_fullscreen,10,,349,window_fullscreen,12,,bool
187058,MEMBER,<empty>,<empty>,ch_wm_state,10,,350,ch_wm_state,13,,bool
187059,MEMBER,<empty>,<empty>,wm_state,14,,351,wm_state,14,,unsigned
187060,MEMBER,<empty>,<empty>,wm_state_initial,14,,352,wm_state_initial,15,,unsigned
187061,MEMBER,<empty>,<empty>,ch_sar,10,,354,ch_sar,16,,bool
187062,MEMBER,<empty>,<empty>,sar,20,,355,sar,17,,vlc_rational_t
187063,MEMBER,<empty>,<empty>,ch_crop,10,,357,ch_crop,18,,bool
187065,MEMBER,<empty>,<empty>,left,18,,359,left,1,,int
187066,MEMBER,<empty>,<empty>,top,18,,360,top,2,,int
187067,MEMBER,<empty>,<empty>,right,18,,361,right,3,,int
187068,MEMBER,<empty>,<empty>,bottom,18,,362,bottom,4,,int
187069,MEMBER,<empty>,<empty>,num,18,,363,num,5,,unsigned
187070,MEMBER,<empty>,<empty>,den,18,,364,den,6,,unsigned
187071,MEMBER,<empty>,<empty>,crop,7,,365,crop,20,,struct
187072,MEMBER,<empty>,<empty>,ch_viewpoint,10,,367,ch_viewpoint,21,,bool
187073,MEMBER,<empty>,<empty>,viewpoint,21,,368,viewpoint,22,,vlc_viewpoint_t
187074,MEMBER,<empty>,<empty>,display_viewpoint,21,,369,display_viewpoint,23,,vlc_viewpoint_t
187075,MEMBER,<empty>,<empty>,source,20,,372,source,24,,video_format_t
187076,MEMBER,<empty>,<empty>,*filters,20,,373,filters,25,,filter_chain_t*
187077,MEMBER,<empty>,<empty>,lock,17,,377,lock,26,,vlc_mutex_t
187079,MEMBER,<empty>,<empty>,state,21,,381,state,1,,vlc_mouse_t
187080,MEMBER,<empty>,<empty>,last_pressed,17,,383,last_pressed,2,,mtime_t
187081,MEMBER,<empty>,<empty>,last_moved,17,,384,last_moved,3,,mtime_t
187082,MEMBER,<empty>,<empty>,is_hidden,17,,385,is_hidden,4,,bool
187083,MEMBER,<empty>,<empty>,ch_activity,17,,386,ch_activity,5,,bool
187084,MEMBER,<empty>,<empty>,double_click_timeout,17,,389,double_click_timeout,6,,mtime_t
187085,MEMBER,<empty>,<empty>,hide_timeout,17,,390,hide_timeout,7,,mtime_t
187086,MEMBER,<empty>,<empty>,mouse,7,,391,mouse,28,,struct
187087,MEMBER,<empty>,<empty>,reset_pictures,10,,393,reset_pictures,29,,bool
187088,MEMBER,<empty>,<empty>,fit_window,17,,395,fit_window,30,,signed char
187089,MEMBER,<empty>,<empty>,ch_display_size,10,,397,ch_display_size,31,,bool
187090,MEMBER,<empty>,<empty>,display_width,10,,398,display_width,32,,int
187091,MEMBER,<empty>,<empty>,display_height,10,,399,display_height,33,,int
190140,MEMBER,<empty>,<empty>,*pool,22,,1263,pool,1,,picture_pool_t*
190141,MEMBER,<empty>,<empty>,*splitter,22,,1264,splitter,2,,video_splitter_t*
190142,MEMBER,<empty>,<empty>,count,20,,1267,count,3,,int
190143,MEMBER,<empty>,<empty>,**picture,20,,1268,picture,4,,picture_t**
190144,MEMBER,<empty>,<empty>,**display,20,,1269,display,5,,vout_display_t**
190146,MEMBER,<empty>,<empty>,*wrapper,20,,1272,wrapper,1,,vout_display_t*
191437,MEMBER,<empty>,<empty>,ih,19,,33,ih,1,,vlc_inhibit_t
191438,MEMBER,<empty>,<empty>,*module,14,,34,module,2,,module_t*
192155,MEMBER,<empty>,<empty>,gl,14,,36,gl,1,,vlc_gl_t
192156,MEMBER,<empty>,<empty>,ref_count,17,,37,ref_count,2,,atomic_uint
192306,MEMBER,<empty>,<empty>,width,9,,104,width,1,,int
192307,MEMBER,<empty>,<empty>,height,9,,105,height,2,,int
192308,MEMBER,<empty>,<empty>,lock,17,,106,lock,3,,vlc_mutex_t
193128,MEMBER,<empty>,<empty>,lock,17,,30,lock,1,,vlc_mutex_t
193129,MEMBER,<empty>,<empty>,wait,17,,31,wait,2,,vlc_cond_t
193130,MEMBER,<empty>,<empty>,is_available,17,,33,is_available,3,,bool
193131,MEMBER,<empty>,<empty>,request_count,17,,34,request_count,4,,int
193132,MEMBER,<empty>,<empty>,*picture,17,,35,picture,5,,picture_t*
193173,MEMBER,<empty>,<empty>,is_sequential,10,,68,is_sequential,1,,bool
193174,MEMBER,<empty>,<empty>,sequence,10,,69,sequence,2,,int
193175,MEMBER,<empty>,<empty>,*path,10,,70,path,3,,char*
193176,MEMBER,<empty>,<empty>,*format,10,,71,format,4,,char*
193177,MEMBER,<empty>,<empty>,*prefix_fmt,10,,72,prefix_fmt,5,,char*
193196,MEMBER,<empty>,<empty>,displayed,17,,32,displayed,1,,atomic_uint
193197,MEMBER,<empty>,<empty>,lost,17,,33,lost,2,,atomic_uint
193299,MEMBER,<empty>,<empty>,*epg,15,,71,epg,1,,vlc_epg_t*
193300,MEMBER,<empty>,<empty>,time,16,,72,time,2,,int64_t
193301,MEMBER,<empty>,<empty>,*art,15,,73,art,3,,char*
193302,MEMBER,<empty>,<empty>,*obj,18,,74,obj,4,,vlc_object_t*
197866,MEMBER,<empty>,<empty>,*name,20,,723,name,1,,char*
197867,MEMBER,<empty>,<empty>,*cfg,20,,724,cfg,2,,config_chain_t*
202019,MEMBER,<empty>,<empty>,position,10,,35,position,1,,int
202020,MEMBER,<empty>,<empty>,*text,10,,36,text,2,,char*
203777,MEMBER,<empty>,<empty>,type,9,,253,type,1,,int
203778,MEMBER,<empty>,<empty>,position,9,,254,position,2,,int
204183,MEMBER,<empty>,<empty>,*splitter_name,21,,50,splitter_name,1,,char*
204184,MEMBER,<empty>,<empty>,*input,21,,53,input,2,,vlc_object_t*
204185,MEMBER,<empty>,<empty>,original,21,,56,original,3,,video_format_t
204186,MEMBER,<empty>,<empty>,dpb_size,21,,57,dpb_size,4,,unsigned
204187,MEMBER,<empty>,<empty>,snapshot,21,,60,snapshot,5,,vout_snapshot_t
204188,MEMBER,<empty>,<empty>,statistic,22,,63,statistic,6,,vout_statistic_t
204189,MEMBER,<empty>,<empty>,spu_lock,21,,66,spu_lock,7,,vlc_mutex_t
204190,MEMBER,<empty>,<empty>,*spu,21,,67,spu,8,,spu_t*
204191,MEMBER,<empty>,<empty>,spu_blend_chroma,21,,68,spu_blend_chroma,9,,vlc_fourcc_t
204192,MEMBER,<empty>,<empty>,*spu_blend,21,,69,spu_blend,10,,filter_t*
204193,MEMBER,<empty>,<empty>,*window,21,,72,window,11,,vout_window_t*
204194,MEMBER,<empty>,<empty>,thread,21,,75,thread,12,,vlc_thread_t
204195,MEMBER,<empty>,<empty>,dead,21,,76,dead,13,,bool
204196,MEMBER,<empty>,<empty>,control,21,,77,control,14,,vout_control_t
204198,MEMBER,<empty>,<empty>,*title,24,,81,title,1,,char*
204199,MEMBER,<empty>,<empty>,*vd,24,,82,vd,2,,vout_display_t*
204200,MEMBER,<empty>,<empty>,use_dr,24,,83,use_dr,3,,bool
204201,MEMBER,<empty>,<empty>,display,7,,84,display,16,,struct
204203,MEMBER,<empty>,<empty>,date,21,,87,date,1,,mtime_t
204204,MEMBER,<empty>,<empty>,timestamp,21,,88,timestamp,2,,mtime_t
204205,MEMBER,<empty>,<empty>,is_interlaced,21,,89,is_interlaced,3,,bool
204206,MEMBER,<empty>,<empty>,*decoded,21,,90,decoded,4,,picture_t*
204207,MEMBER,<empty>,<empty>,*current,21,,91,current,5,,picture_t*
204208,MEMBER,<empty>,<empty>,*next,21,,92,next,6,,picture_t*
204209,MEMBER,<empty>,<empty>,displayed,7,,93,displayed,18,,struct
204211,MEMBER,<empty>,<empty>,last,21,,96,last,1,,mtime_t
204212,MEMBER,<empty>,<empty>,timestamp,21,,97,timestamp,2,,mtime_t
204213,MEMBER,<empty>,<empty>,step,7,,98,step,20,,struct
204215,MEMBER,<empty>,<empty>,is_on,21,,101,is_on,1,,bool
204216,MEMBER,<empty>,<empty>,date,21,,102,date,2,,mtime_t
204217,MEMBER,<empty>,<empty>,pause,7,,103,pause,22,,struct
204219,MEMBER,<empty>,<empty>,show,21,,107,show,1,,bool
204220,MEMBER,<empty>,<empty>,timeout,21,,108,timeout,2,,mtime_t
204221,MEMBER,<empty>,<empty>,position,21,,109,position,3,,int
204222,MEMBER,<empty>,<empty>,title,7,,110,title,24,,struct
204224,MEMBER,<empty>,<empty>,is_interlaced,21,,113,is_interlaced,1,,bool
204225,MEMBER,<empty>,<empty>,date,21,,114,date,2,,mtime_t
204226,MEMBER,<empty>,<empty>,interlacing,7,,115,interlacing,26,,struct
204227,MEMBER,<empty>,<empty>,is_late_dropped,21,,118,is_late_dropped,27,,bool
204229,MEMBER,<empty>,<empty>,lock,25,,122,lock,1,,vlc_mutex_t
204230,MEMBER,<empty>,<empty>,*configuration,25,,123,configuration,2,,char*
204231,MEMBER,<empty>,<empty>,format,25,,124,format,3,,video_format_t
204233,MEMBER,<empty>,<empty>,*chain_static,31,,125,chain_static,5,,filter_chain_t*
204235,MEMBER,<empty>,<empty>,*chain_interactive,31,,126,chain_interactive,7,,filter_chain_t*
204236,MEMBER,<empty>,<empty>,has_deint,25,,127,has_deint,8,,bool
204237,MEMBER,<empty>,<empty>,filter,7,,128,filter,29,,struct
204238,MEMBER,<empty>,<empty>,mouse,21,,131,mouse,30,,vlc_mouse_t
204239,MEMBER,<empty>,<empty>,*private_pool,21,,134,private_pool,31,,picture_pool_t*
204240,MEMBER,<empty>,<empty>,*display_pool,21,,135,display_pool,32,,picture_pool_t*
204241,MEMBER,<empty>,<empty>,*decoder_pool,21,,136,decoder_pool,33,,picture_pool_t*
204242,MEMBER,<empty>,<empty>,*decoder_fifo,21,,137,decoder_fifo,34,,picture_fifo_t*
204243,MEMBER,<empty>,<empty>,render,21,,138,render,35,,vout_chrono_t
204545,MEMBER,<empty>,<empty>,f_value,12,,84,f_value,1,,double
204546,MEMBER,<empty>,<empty>,psz_label[13],10,,85,psz_label,2,,char[13]
204574,MEMBER,<empty>,<empty>,psz_value[8],10,,95,psz_value,1,,char[8]
204575,MEMBER,<empty>,<empty>,psz_label[8],10,,96,psz_label,2,,char[8]
204623,MEMBER,<empty>,<empty>,psz_value[8],10,,113,psz_value,1,,char[8]
204624,MEMBER,<empty>,<empty>,psz_label[8],10,,114,psz_label,2,,char[8]
206449,MEMBER,<empty>,<empty>,*subpicture,18,,56,subpicture,1,,subpicture_t*
206450,MEMBER,<empty>,<empty>,reject,19,,57,reject,2,,bool
206453,MEMBER,<empty>,<empty>,entry[VOUT_MAX_SUBPICTURES],22,,61,entry,1,,spu_heap_entry_t[]
206468,MEMBER,<empty>,<empty>,lock,18,,65,lock,1,,vlc_mutex_t
206469,MEMBER,<empty>,<empty>,*input,18,,66,input,2,,vlc_object_t*
206470,MEMBER,<empty>,<empty>,heap,18,,68,heap,3,,spu_heap_t
206471,MEMBER,<empty>,<empty>,channel,9,,70,channel,4,,int
206472,MEMBER,<empty>,<empty>,*text,14,,71,text,5,,filter_t*
206473,MEMBER,<empty>,<empty>,*scale_yuvp,14,,72,scale_yuvp,6,,filter_t*
206474,MEMBER,<empty>,<empty>,*scale,14,,73,scale,7,,filter_t*
206475,MEMBER,<empty>,<empty>,force_crop,10,,74,force_crop,8,,bool
206477,MEMBER,<empty>,<empty>,x,13,,76,x,1,,int
206478,MEMBER,<empty>,<empty>,y,13,,77,y,2,,int
206479,MEMBER,<empty>,<empty>,width,13,,78,width,3,,int
206480,MEMBER,<empty>,<empty>,height,13,,79,height,4,,int
206481,MEMBER,<empty>,<empty>,crop,7,,80,crop,10,,struct
206482,MEMBER,<empty>,<empty>,margin,13,,82,margin,11,,int
206483,MEMBER,<empty>,<empty>,force_palette,13,,83,force_palette,12,,bool
206484,MEMBER,<empty>,<empty>,palette[4][4],13,,84,palette,13,,uint8_t[4][4]
206485,MEMBER,<empty>,<empty>,*source_chain_current,20,,87,source_chain_current,14,,char*
206486,MEMBER,<empty>,<empty>,*source_chain_update,20,,88,source_chain_update,15,,char*
206487,MEMBER,<empty>,<empty>,source_chain_lock,20,,89,source_chain_lock,16,,vlc_mutex_t
206488,MEMBER,<empty>,<empty>,*source_chain,20,,90,source_chain,17,,filter_chain_t*
206489,MEMBER,<empty>,<empty>,*filter_chain_current,20,,91,filter_chain_current,18,,char*
206490,MEMBER,<empty>,<empty>,*filter_chain_update,20,,92,filter_chain_update,19,,char*
206491,MEMBER,<empty>,<empty>,filter_chain_lock,20,,93,filter_chain_lock,20,,vlc_mutex_t
206492,MEMBER,<empty>,<empty>,*filter_chain,20,,94,filter_chain,21,,filter_chain_t*
206493,MEMBER,<empty>,<empty>,last_sort_date,25,,97,last_sort_date,22,,mtime_t
206494,MEMBER,<empty>,<empty>,*vout,25,,98,vout,23,,vout_thread_t*
207105,MEMBER,<empty>,<empty>,w,9,,292,w,1,,int
207106,MEMBER,<empty>,<empty>,h,9,,293,h,2,,int
207258,MEMBER,<empty>,<empty>,x,9,,335,x,1,,int
207259,MEMBER,<empty>,<empty>,y,9,,336,y,2,,int
207260,MEMBER,<empty>,<empty>,width,9,,337,width,3,,int
207261,MEMBER,<empty>,<empty>,height,9,,338,height,4,,int
207262,MEMBER,<empty>,<empty>,scale,17,,340,scale,5,,spu_scale_t
212443,MEMBER,<empty>,<empty>,wnd,19,,40,wnd,1,,vout_window_t
212444,MEMBER,<empty>,<empty>,*module,14,,41,module,2,,module_t*
212445,MEMBER,<empty>,<empty>,*inhibit,19,,42,inhibit,3,,vlc_inhibit_t*
212699,MEMBER,<empty>,<empty>,*vd,20,,134,vd,1,,vout_display_t*
212700,MEMBER,<empty>,<empty>,width,14,,135,width,2,,unsigned
212701,MEMBER,<empty>,<empty>,height,14,,136,height,3,,unsigned
212702,MEMBER,<empty>,<empty>,lock,17,,138,lock,4,,vlc_mutex_t
213281,MEMBER,<empty>,<empty>,code,9,,37,code,1,,int
213282,MEMBER,<empty>,<empty>,*msg,16,,38,msg,2,,char*
214512,MEMBER,<empty>,<empty>,thread,18,,34,thread,1,,vlc_thread_t
214513,MEMBER,<empty>,<empty>,i_refcount,18,,35,i_refcount,2,,int
214514,MEMBER,<empty>,<empty>,ready_sem,18,,36,ready_sem,3,,vlc_sem_t
214515,MEMBER,<empty>,<empty>,release_sem,18,,37,release_sem,4,,vlc_sem_t
215155,MEMBER,<empty>,<empty>,argc,9,,82,argc,1,,int
215156,MEMBER,<empty>,<empty>,enqueue,9,,83,enqueue,2,,int
215157,MEMBER,<empty>,<empty>,data[],10,,84,data,3,,char[]
215393,MEMBER,<empty>,<empty>,id,20,,56,id,1,,HANDLE
215394,MEMBER,<empty>,<empty>,killable,20,,58,killable,2,,bool
215395,MEMBER,<empty>,<empty>,killed,20,,59,killed,3,,atomic_bool
215396,MEMBER,<empty>,<empty>,*cleaners,19,,60,cleaners,4,,vlc_cleanup_t*
215402,MEMBER,<empty>,<empty>,*data,19,,63,data,6,,void*
215404,MEMBER,<empty>,<empty>,*addr,25,,67,addr,1,,atomic_int*
215405,MEMBER,<empty>,<empty>,lock,26,,68,lock,2,,CRITICAL_SECTION
215406,MEMBER,<empty>,<empty>,wait,7,,69,wait,8,,struct
215585,MEMBER,<empty>,<empty>,id,27,,229,id,1,,DWORD
215592,MEMBER,<empty>,<empty>,*prev,26,,231,prev,4,,vlc_threadvar*
215594,MEMBER,<empty>,<empty>,*next,26,,232,next,6,,vlc_threadvar*
216531,MEMBER,<empty>,<empty>,interrupt,7,,719,interrupt,2,,struct
216538,MEMBER,<empty>,<empty>,tick,7,,725,tick,4,,struct
216540,MEMBER,<empty>,<empty>,freq,23,,729,freq,1,,LARGE_INTEGER
216541,MEMBER,<empty>,<empty>,perf,7,,730,perf,6,,struct
216557,MEMBER,<empty>,<empty>,multimedia,7,,736,multimedia,8,,struct
217280,MEMBER,<empty>,<empty>,handle,12,,32,handle,1,,HANDLE
217286,MEMBER,<empty>,<empty>,*data,10,,34,data,3,,void*
