1463,MEMBER,<empty>,<empty>,* platform = nullptr,23,,80,platform,1,,MultiIsolatePlatform*
1464,MEMBER,<empty>,<empty>,loop,13,,81,loop,2,,uv_loop_t
1465,MEMBER,<empty>,<empty>,allocator,41,,82,allocator,3,,ANY
1466,MEMBER,<empty>,<empty>,snapshot_creator,34,,83,snapshot_creator,4,,ANY
1467,MEMBER,<empty>,<empty>,* isolate = nullptr,10,,84,isolate,5,,Isolate*
1468,MEMBER,<empty>,<empty>,isolate_data,45,,85,isolate_data,6,,"DeleteFnPtr<IsolateData,FreeIsolateData>"
1469,MEMBER,<empty>,<empty>,env,45,,86,env,7,,"DeleteFnPtr<Environment,FreeEnvironment>"
1470,MEMBER,<empty>,<empty>,main_context,19,,87,main_context,8,,Global<Context>
6109,MEMBER,<empty>,<empty>,* env,14,,95,env,1,,Environment*
6110,MEMBER,<empty>,<empty>,fun,20,,96,fun,2,,AsyncCleanupHook
6111,MEMBER,<empty>,<empty>,* arg,7,,97,arg,3,,void*
6112,MEMBER,<empty>,<empty>,started = false,8,,98,started,4,,bool
6113,MEMBER,<empty>,<empty>,self,41,,101,self,5,,ANY
6122,MEMBER,<empty>,<empty>,info,41,,109,info,1,,ANY
7183,MEMBER,<empty>,<empty>,asyncId,10,,198,asyncId,1,,double
7184,MEMBER,<empty>,<empty>,* env,14,,199,env,2,,Environment*
7185,MEMBER,<empty>,<empty>,target,18,,200,target,3,,Global<Object>
7186,MEMBER,<empty>,<empty>,propBag,18,,201,propBag,4,,Global<Object>
71356,MEMBER,<empty>,<empty>,(DataQueue),23,,166,,16,,SET_MEMORY_INFO_NAME
71358,MEMBER,<empty>,<empty>,(DataQueueImpl),16,,167,,18,,SET_SELF_SIZE
71360,MEMBER,<empty>,<empty>,entries_,39,,170,entries_,20,,ANY
71361,MEMBER,<empty>,<empty>,idempotent_,8,,171,idempotent_,21,,bool
71362,MEMBER,<empty>,<empty>,size_ = std::nullopt,27,,172,size_,22,,ANY
71363,MEMBER,<empty>,<empty>,capped_size_ = std::nullopt,27,,173,capped_size_,23,,ANY
71364,MEMBER,<empty>,<empty>,locked_to_reader_ = false,8,,174,locked_to_reader_,24,,bool
71599,MEMBER,<empty>,<empty>,current_index_ = std::nullopt,27,,327,current_index_,9,,ANY
71600,MEMBER,<empty>,<empty>,current_reader_ = nullptr,38,,328,current_reader_,10,,ANY
71601,MEMBER,<empty>,<empty>,ended_ = false,8,,329,ended_,11,,bool
71602,MEMBER,<empty>,<empty>,pull_pending_ = false,8,,330,pull_pending_,12,,bool
71891,MEMBER,<empty>,<empty>,current_reader_ = nullptr,38,,485,current_reader_,9,,ANY
71892,MEMBER,<empty>,<empty>,ended_ = false,8,,486,ended_,10,,bool
71893,MEMBER,<empty>,<empty>,pull_pending_ = false,8,,487,pull_pending_,11,,bool
72064,MEMBER,<empty>,<empty>,backing_store,35,,569,backing_store,1,,ANY
72162,MEMBER,<empty>,<empty>,ended_ = false,10,,610,ended_,4,,bool
72306,MEMBER,<empty>,<empty>,(InMemoryEntry),23,,673,,13,,SET_MEMORY_INFO_NAME
72308,MEMBER,<empty>,<empty>,(InMemoryEntry),16,,674,,15,,SET_SELF_SIZE
72310,MEMBER,<empty>,<empty>,backing_store_,33,,677,backing_store_,17,,ANY
72311,MEMBER,<empty>,<empty>,offset_,12,,678,offset_,18,,uint64_t
72312,MEMBER,<empty>,<empty>,byte_length_,12,,679,byte_length_,19,,uint64_t
72432,MEMBER,<empty>,<empty>,(DataQueueEntry),23,,736,,12,,SET_MEMORY_INFO_NAME
72434,MEMBER,<empty>,<empty>,(DataQueueEntry),16,,737,,14,,SET_SELF_SIZE
72436,MEMBER,<empty>,<empty>,data_queue_,30,,740,data_queue_,16,,ANY
72635,MEMBER,<empty>,<empty>,path_,32,,841,path_,9,,ANY
72636,MEMBER,<empty>,<empty>,stat_,13,,842,stat_,10,,uv_stat_t
72637,MEMBER,<empty>,<empty>,start_ = 0,12,,843,start_,11,,uint64_t
72638,MEMBER,<empty>,<empty>,end_ = 0,12,,844,end_,12,,uint64_t
73084,MEMBER,<empty>,<empty>,* env_,16,,983,env_,8,,Environment*
73085,MEMBER,<empty>,<empty>,handle_,35,,984,handle_,9,,ANY
73086,MEMBER,<empty>,<empty>,* entry_,12,,985,entry_,10,,FdEntry*
73087,MEMBER,<empty>,<empty>,pending_pulls_,29,,986,pending_pulls_,11,,ANY
73088,MEMBER,<empty>,<empty>,reading_ = false,10,,987,reading_,12,,bool
73089,MEMBER,<empty>,<empty>,ended_ = false,10,,988,ended_,13,,bool
73966,MEMBER,<empty>,<empty>,current_process_,10,,280,current_process_,14,,HANDLE
80526,MEMBER,<empty>,<empty>,handle_,17,,75,handle_,10,,uv_fs_event_t
80528,MEMBER,<empty>,<empty>,encoding_ = kDefaultEncoding,17,,76,encoding_,12,,encoding
81749,MEMBER,<empty>,<empty>,persistent_,17,,80,persistent_,9,,Global<Value>
82390,MEMBER,<empty>,<empty>,* isolate_,10,,207,isolate_,6,,Isolate*
82391,MEMBER,<empty>,<empty>,nodes_,45,,208,nodes_,7,,ANY
82392,MEMBER,<empty>,<empty>,engine_nodes_,7,,210,engine_nodes_,8,,ANY
82393,MEMBER,<empty>,<empty>,edges_,70,,211,edges_,9,,ANY
82540,MEMBER,<empty>,<empty>,fd_,13,,261,fd_,6,,int
82541,MEMBER,<empty>,<empty>,* req_,10,,262,req_,7,,uv_fs_t*
82542,MEMBER,<empty>,<empty>,status_ = 0,7,,263,status_,8,,int
82715,MEMBER,<empty>,<empty>,(HeapSnapshotStream),23,,339,,14,,SET_MEMORY_INFO_NAME
82717,MEMBER,<empty>,<empty>,(HeapSnapshotStream),16,,340,,16,,SET_SELF_SIZE
82719,MEMBER,<empty>,<empty>,snapshot_,23,,343,snapshot_,18,,HeapSnapshotPointer
86013,MEMBER,<empty>,<empty>,object_,22,,30,object_,4,,ANY
86055,MEMBER,<empty>,<empty>,object_id_,7,,50,object_id_,3,,int
86056,MEMBER,<empty>,<empty>,factory_,11,,51,factory_,4,,Factory
86094,MEMBER,<empty>,<empty>,object_id_,7,,69,object_id_,3,,int
86114,MEMBER,<empty>,<empty>,id_,7,,82,id_,3,,int
86115,MEMBER,<empty>,<empty>,fn_,6,,83,fn_,4,,Fn
86223,MEMBER,<empty>,<empty>,thread_,37,,127,thread_,8,,ANY
86224,MEMBER,<empty>,<empty>,object_id_,13,,128,object_id_,9,,int
86291,MEMBER,<empty>,<empty>,* thread_,22,,153,thread_,5,,MainThreadInterface*
86292,MEMBER,<empty>,<empty>,prevent_shutdown_,8,,154,prevent_shutdown_,6,,bool
86293,MEMBER,<empty>,<empty>,session_,37,,155,session_,7,,ANY
86334,MEMBER,<empty>,<empty>,state_,56,,177,state_,3,,AnotherThreadObjectReference<MainThreadSessionState>
86351,MEMBER,<empty>,<empty>,thread_,37,,194,thread_,3,,ANY
86352,MEMBER,<empty>,<empty>,delegate_,58,,195,delegate_,4,,AnotherThreadObjectReference<InspectorSessionDelegate>
86861,MEMBER,<empty>,<empty>,* main_thread_,22,,64,main_thread_,9,,MainThreadInterface*
86862,MEMBER,<empty>,<empty>,block_lock_,9,,65,block_lock_,10,,Mutex
86863,MEMBER,<empty>,<empty>,next_session_id_ = 0,7,,66,next_session_id_,11,,int
86864,MEMBER,<empty>,<empty>,next_object_id_ = {1},19,,67,next_object_id_,12,,ANY
86931,MEMBER,<empty>,<empty>,requests_,16,,91,requests_,12,,MessageQueue
86932,MEMBER,<empty>,<empty>,requests_lock_,9,,92,requests_lock_,13,,Mutex
86933,MEMBER,<empty>,<empty>,dispatching_message_queue_,16,,95,dispatching_message_queue_,14,,MessageQueue
86934,MEMBER,<empty>,<empty>,dispatching_messages_ = false,8,,96,dispatching_messages_,15,,bool
86935,MEMBER,<empty>,<empty>,incoming_message_cond_,21,,97,incoming_message_cond_,16,,ConditionVariable
86936,MEMBER,<empty>,<empty>,* const agent_,8,,99,agent_,17,,Agent*
86937,MEMBER,<empty>,<empty>,handle_,37,,100,handle_,18,,ANY
86938,MEMBER,<empty>,<empty>,managed_objects_,55,,101,managed_objects_,19,,ANY
87805,MEMBER,<empty>,<empty>,frontend_,42,,24,frontend_,5,,ANY
87806,MEMBER,<empty>,<empty>,notify_when_waiting_for_disconnect_,8,,25,notify_when_waiting_for_disconnect_,6,,bool
87848,MEMBER,<empty>,<empty>,frontend_,40,,28,frontend_,3,,ANY
87880,MEMBER,<empty>,<empty>,object_id_,7,,44,object_id_,3,,int
87881,MEMBER,<empty>,<empty>,frontend_wrapper_,45,,45,frontend_wrapper_,4,,ANY
87898,MEMBER,<empty>,<empty>,object_id_,7,,58,object_id_,3,,int
87944,MEMBER,<empty>,<empty>,object_id_,7,,78,object_id_,3,,int
87945,MEMBER,<empty>,<empty>,message_,15,,79,message_,4,,ANY
88030,MEMBER,<empty>,<empty>,json_writer_,32,,110,json_writer_,4,,ANY
88031,MEMBER,<empty>,<empty>,stream_,22,,111,stream_,5,,ANY
88032,MEMBER,<empty>,<empty>,frontend_object_id_,7,,112,frontend_object_id_,6,,int
88033,MEMBER,<empty>,<empty>,main_thread_,37,,113,main_thread_,7,,ANY
88432,MEMBER,<empty>,<empty>,* env_,14,,31,env_,7,,Environment*
88433,MEMBER,<empty>,<empty>,main_thread_,37,,32,main_thread_,8,,ANY
88434,MEMBER,<empty>,<empty>,trace_writer_,30,,33,trace_writer_,9,,ANY
88435,MEMBER,<empty>,<empty>,frontend_object_id_ = 0,7,,34,frontend_object_id_,10,,int
88436,MEMBER,<empty>,<empty>,frontend_,42,,35,frontend_,11,,ANY
88492,MEMBER,<empty>,<empty>,frontend_,39,,26,frontend_,6,,ANY
88493,MEMBER,<empty>,<empty>,thread_,37,,27,thread_,7,,ANY
88494,MEMBER,<empty>,<empty>,sessions_,70,,28,sessions_,8,,ANY
88495,MEMBER,<empty>,<empty>,next_target_id_ = 0,7,,29,next_target_id_,9,,int
88526,MEMBER,<empty>,<empty>,workers_,32,,46,workers_,3,,ANY
88564,MEMBER,<empty>,<empty>,id_,15,,65,id_,4,,ANY
88565,MEMBER,<empty>,<empty>,workers_,32,,66,workers_,5,,ANY
88952,MEMBER,<empty>,<empty>,frontend_,41,,31,frontend_,8,,ANY
88953,MEMBER,<empty>,<empty>,manager_,32,,32,manager_,9,,ANY
88954,MEMBER,<empty>,<empty>,event_handle_,45,,33,event_handle_,10,,ANY
88955,MEMBER,<empty>,<empty>,workers_,32,,34,workers_,11,,ANY
89029,MEMBER,<empty>,<empty>,id_,12,,33,id_,4,,uint64_t
89030,MEMBER,<empty>,<empty>,info_,14,,34,info_,5,,WorkerInfo
89031,MEMBER,<empty>,<empty>,waiting_,8,,35,waiting_,6,,bool
89080,MEMBER,<empty>,<empty>,worker_id_,12,,54,worker_id_,3,,uint64_t
89369,MEMBER,<empty>,<empty>,manager_,34,,38,manager_,4,,ANY
89370,MEMBER,<empty>,<empty>,id_,7,,39,id_,5,,int
89379,MEMBER,<empty>,<empty>,title,15,,49,title,2,,ANY
89380,MEMBER,<empty>,<empty>,url,15,,50,url,3,,ANY
89381,MEMBER,<empty>,<empty>,worker_thread,37,,51,worker_thread,4,,ANY
89441,MEMBER,<empty>,<empty>,id_,12,,78,id_,8,,uint64_t
89442,MEMBER,<empty>,<empty>,url_,15,,79,url_,9,,ANY
89443,MEMBER,<empty>,<empty>,parent_thread_,37,,80,parent_thread_,10,,ANY
89444,MEMBER,<empty>,<empty>,wait_,8,,81,wait_,11,,bool
89445,MEMBER,<empty>,<empty>,name_,15,,82,name_,12,,ANY
89493,MEMBER,<empty>,<empty>,thread_,37,,103,thread_,9,,ANY
89494,MEMBER,<empty>,<empty>,children_,44,,104,children_,10,,ANY
89495,MEMBER,<empty>,<empty>,delegates_,60,,105,delegates_,11,,ANY
89496,MEMBER,<empty>,<empty>,delegates_waiting_on_start_,27,,107,delegates_waiting_on_start_,12,,ANY
89497,MEMBER,<empty>,<empty>,next_delegate_id_ = 0,7,,108,next_delegate_id_,13,,int
90089,MEMBER,<empty>,<empty>,runtime_agent_,43,,334,runtime_agent_,17,,ANY
90090,MEMBER,<empty>,<empty>,tracing_agent_,43,,335,tracing_agent_,18,,ANY
90091,MEMBER,<empty>,<empty>,worker_agent_,42,,336,worker_agent_,19,,ANY
90092,MEMBER,<empty>,<empty>,delegate_,45,,337,delegate_,20,,ANY
90093,MEMBER,<empty>,<empty>,session_,53,,338,session_,21,,ANY
90094,MEMBER,<empty>,<empty>,node_dispatcher_,45,,339,node_dispatcher_,22,,ANY
90095,MEMBER,<empty>,<empty>,prevent_shutdown_,8,,340,prevent_shutdown_,23,,bool
90096,MEMBER,<empty>,<empty>,retaining_context_,8,,341,retaining_context_,24,,bool
90113,MEMBER,<empty>,<empty>,session_id_,7,,353,session_id_,4,,int
90114,MEMBER,<empty>,<empty>,client_,38,,354,client_,5,,ANY
91040,MEMBER,<empty>,<empty>,* env_,20,,669,env_,33,,ANY*
91041,MEMBER,<empty>,<empty>,is_main_,8,,670,is_main_,34,,bool
91042,MEMBER,<empty>,<empty>,running_nested_loop_ = false,8,,671,running_nested_loop_,35,,bool
91043,MEMBER,<empty>,<empty>,client_,32,,672,client_,36,,ANY
91044,MEMBER,<empty>,<empty>,timers_,46,,674,timers_,37,,ANY
91045,MEMBER,<empty>,<empty>,channels_,57,,675,channels_,38,,ANY
91046,MEMBER,<empty>,<empty>,next_session_id_ = 1,7,,676,next_session_id_,39,,int
91047,MEMBER,<empty>,<empty>,waiting_for_resume_ = false,8,,677,waiting_for_resume_,40,,bool
91048,MEMBER,<empty>,<empty>,waiting_for_frontend_ = false,8,,678,waiting_for_frontend_,41,,bool
91049,MEMBER,<empty>,<empty>,waiting_for_sessions_disconnect_ = false,8,,679,waiting_for_sessions_disconnect_,42,,bool
91050,MEMBER,<empty>,<empty>,interface_,40,,681,interface_,43,,ANY
91051,MEMBER,<empty>,<empty>,worker_manager_,34,,682,worker_manager_,44,,ANY
92131,MEMBER,<empty>,<empty>,kKill,30,,27,kKill,1,,ANY
92132,MEMBER,<empty>,<empty>,kSendMessage,37,,27,kSendMessage,2,,ANY
92133,MEMBER,<empty>,<empty>,kStop,51,,27,kStop,3,,ANY
92296,MEMBER,<empty>,<empty>,action_,19,,90,action_,3,,TransportAction
92297,MEMBER,<empty>,<empty>,session_id_,7,,91,session_id_,4,,int
92298,MEMBER,<empty>,<empty>,message_,47,,92,message_,5,,ANY
92432,MEMBER,<empty>,<empty>,handle_,33,,156,handle_,11,,ANY
92433,MEMBER,<empty>,<empty>,async_,14,,157,async_,12,,uv_async_t
92434,MEMBER,<empty>,<empty>,* server_ = nullptr,24,,158,server_,13,,InspectorSocketServer*
92435,MEMBER,<empty>,<empty>,messages_,16,,159,messages_,14,,MessageQueue
92436,MEMBER,<empty>,<empty>,state_lock_,9,,160,state_lock_,15,,Mutex
92437,MEMBER,<empty>,<empty>,incoming_message_cond_,21,,161,incoming_message_cond_,16,,ConditionVariable
92498,MEMBER,<empty>,<empty>,* data_,19,,188,data_,5,,RequestQueueData*
92499,MEMBER,<empty>,<empty>,lock_,9,,189,lock_,6,,Mutex
92525,MEMBER,<empty>,<empty>,request_queue_,33,,202,request_queue_,3,,ANY
92526,MEMBER,<empty>,<empty>,id_,7,,203,id_,4,,int
92582,MEMBER,<empty>,<empty>,request_queue_,37,,229,request_queue_,10,,ANY
92583,MEMBER,<empty>,<empty>,main_thread_,37,,230,main_thread_,11,,ANY
92584,MEMBER,<empty>,<empty>,sessions_,62,,231,sessions_,12,,ANY
92585,MEMBER,<empty>,<empty>,script_name_,21,,232,script_name_,13,,ANY
92586,MEMBER,<empty>,<empty>,script_path_,21,,233,script_path_,14,,ANY
92587,MEMBER,<empty>,<empty>,target_id_,21,,234,target_id_,15,,ANY
93179,MEMBER,<empty>,<empty>,* env_,16,,87,env_,3,,Environment*
93180,MEMBER,<empty>,<empty>,connection_,41,,88,connection_,4,,BaseObjectPtr<JSBindingsConnection>
93441,MEMBER,<empty>,<empty>,(JSBindingsConnection),23,,157,,10,,SET_MEMORY_INFO_NAME
93443,MEMBER,<empty>,<empty>,(JSBindingsConnection),16,,158,,12,,SET_SELF_SIZE
93451,MEMBER,<empty>,<empty>,session_,37,,165,session_,15,,ANY
93452,MEMBER,<empty>,<empty>,callback_,20,,166,callback_,16,,Global<Function>
96248,MEMBER,<empty>,<empty>,tcp_,12,,47,tcp_,14,,uv_tcp_t
96249,MEMBER,<empty>,<empty>,delegate_,42,,48,delegate_,15,,ANY
96250,MEMBER,<empty>,<empty>,* handler_,18,,49,handler_,16,,ProtocolHandler*
96251,MEMBER,<empty>,<empty>,buffer,21,,50,buffer,17,,ANY
96310,MEMBER,<empty>,<empty>,* const inspector_,18,,76,inspector_,13,,InspectorSocket*
96311,MEMBER,<empty>,<empty>,tcp_,22,,77,tcp_,14,,ANY
96347,MEMBER,<empty>,<empty>,* const handler,18,,124,handler,4,,ProtocolHandler*
96348,MEMBER,<empty>,<empty>,storage,21,,125,storage,5,,ANY
96349,MEMBER,<empty>,<empty>,req,14,,126,req,6,,uv_write_t
96350,MEMBER,<empty>,<empty>,buf,12,,127,buf,7,,uv_buf_t
96392,MEMBER,<empty>,<empty>,FRAME_OK,3,,141,FRAME_OK,1,,ANY
96393,MEMBER,<empty>,<empty>,FRAME_INCOMPLETE,13,,141,FRAME_INCOMPLETE,2,,ANY
96394,MEMBER,<empty>,<empty>,FRAME_CLOSE,31,,141,FRAME_CLOSE,3,,ANY
96395,MEMBER,<empty>,<empty>,FRAME_ERROR,44,,141,FRAME_ERROR,4,,ANY
97377,MEMBER,<empty>,<empty>,OnCloseSent,12,,463,OnCloseSent,14,,Callback
97378,MEMBER,<empty>,<empty>,OnCloseReceived,12,,464,OnCloseReceived,15,,Callback
97379,MEMBER,<empty>,<empty>,dispose_,8,,465,dispose_,16,,bool
97390,MEMBER,<empty>,<empty>,path,15,,476,path,2,,ANY
97391,MEMBER,<empty>,<empty>,upgrade,8,,477,upgrade,3,,bool
97392,MEMBER,<empty>,<empty>,isGET,8,,478,isGET,4,,bool
97393,MEMBER,<empty>,<empty>,ws_key,15,,479,ws_key,5,,ANY
97394,MEMBER,<empty>,<empty>,host,15,,480,host,6,,ANY
97941,MEMBER,<empty>,<empty>,parsing_value_,8,,641,parsing_value_,16,,bool
97942,MEMBER,<empty>,<empty>,parser_,12,,642,parser_,17,,llhttp_t
97943,MEMBER,<empty>,<empty>,parser_settings,21,,643,parser_settings,18,,llhttp_settings_t
97944,MEMBER,<empty>,<empty>,events_,26,,644,events_,19,,ANY
97945,MEMBER,<empty>,<empty>,current_header_,15,,645,current_header_,20,,ANY
97946,MEMBER,<empty>,<empty>,headers_,38,,646,headers_,21,,ANY
97947,MEMBER,<empty>,<empty>,path_,15,,647,path_,22,,ANY
99028,MEMBER,<empty>,<empty>,* server_,26,,195,server_,7,,InspectorSocketServer*
99029,MEMBER,<empty>,<empty>,session_id_,9,,196,session_id_,8,,int
99030,MEMBER,<empty>,<empty>,id_,13,,200,id_,11,,int
99031,MEMBER,<empty>,<empty>,ws_socket_,28,,201,ws_socket_,12,,ANY
99032,MEMBER,<empty>,<empty>,server_port_,13,,202,server_port_,13,,int
99100,MEMBER,<empty>,<empty>,tcp_socket_,12,,228,tcp_socket_,10,,uv_tcp_t
99101,MEMBER,<empty>,<empty>,* server_,24,,229,server_,11,,InspectorSocketServer*
99102,MEMBER,<empty>,<empty>,port_ = -1,7,,230,port_,12,,int
101132,MEMBER,<empty>,<empty>,napi_default = 0,3,,33,napi_default,1,,ANY
101133,MEMBER,<empty>,<empty>,napi_writable = 1 << 0,3,,34,napi_writable,2,,ANY
101134,MEMBER,<empty>,<empty>,napi_enumerable = 1 << 1,3,,35,napi_enumerable,3,,ANY
101135,MEMBER,<empty>,<empty>,napi_configurable = 1 << 2,3,,36,napi_configurable,4,,ANY
101136,MEMBER,<empty>,<empty>,napi_static = 1 << 10,3,,40,napi_static,5,,ANY
101166,MEMBER,<empty>,<empty>,napi_undefined,3,,53,napi_undefined,1,,ANY
101167,MEMBER,<empty>,<empty>,napi_null,3,,54,napi_null,2,,ANY
101168,MEMBER,<empty>,<empty>,napi_boolean,3,,55,napi_boolean,3,,ANY
101169,MEMBER,<empty>,<empty>,napi_number,3,,56,napi_number,4,,ANY
101170,MEMBER,<empty>,<empty>,napi_string,3,,57,napi_string,5,,ANY
101171,MEMBER,<empty>,<empty>,napi_symbol,3,,58,napi_symbol,6,,ANY
101172,MEMBER,<empty>,<empty>,napi_object,3,,59,napi_object,7,,ANY
101173,MEMBER,<empty>,<empty>,napi_function,3,,60,napi_function,8,,ANY
101174,MEMBER,<empty>,<empty>,napi_external,3,,61,napi_external,9,,ANY
101175,MEMBER,<empty>,<empty>,napi_bigint,3,,62,napi_bigint,10,,ANY
101178,MEMBER,<empty>,<empty>,napi_int8_array,3,,66,napi_int8_array,1,,ANY
101179,MEMBER,<empty>,<empty>,napi_uint8_array,3,,67,napi_uint8_array,2,,ANY
101180,MEMBER,<empty>,<empty>,napi_uint8_clamped_array,3,,68,napi_uint8_clamped_array,3,,ANY
101181,MEMBER,<empty>,<empty>,napi_int16_array,3,,69,napi_int16_array,4,,ANY
101182,MEMBER,<empty>,<empty>,napi_uint16_array,3,,70,napi_uint16_array,5,,ANY
101183,MEMBER,<empty>,<empty>,napi_int32_array,3,,71,napi_int32_array,6,,ANY
101184,MEMBER,<empty>,<empty>,napi_uint32_array,3,,72,napi_uint32_array,7,,ANY
101185,MEMBER,<empty>,<empty>,napi_float32_array,3,,73,napi_float32_array,8,,ANY
101186,MEMBER,<empty>,<empty>,napi_float64_array,3,,74,napi_float64_array,9,,ANY
101187,MEMBER,<empty>,<empty>,napi_bigint64_array,3,,75,napi_bigint64_array,10,,ANY
101188,MEMBER,<empty>,<empty>,napi_biguint64_array,3,,76,napi_biguint64_array,11,,ANY
101191,MEMBER,<empty>,<empty>,napi_ok,3,,80,napi_ok,1,,ANY
101192,MEMBER,<empty>,<empty>,napi_invalid_arg,3,,81,napi_invalid_arg,2,,ANY
101193,MEMBER,<empty>,<empty>,napi_object_expected,3,,82,napi_object_expected,3,,ANY
101194,MEMBER,<empty>,<empty>,napi_string_expected,3,,83,napi_string_expected,4,,ANY
101195,MEMBER,<empty>,<empty>,napi_name_expected,3,,84,napi_name_expected,5,,ANY
101196,MEMBER,<empty>,<empty>,napi_function_expected,3,,85,napi_function_expected,6,,ANY
101197,MEMBER,<empty>,<empty>,napi_number_expected,3,,86,napi_number_expected,7,,ANY
101198,MEMBER,<empty>,<empty>,napi_boolean_expected,3,,87,napi_boolean_expected,8,,ANY
101199,MEMBER,<empty>,<empty>,napi_array_expected,3,,88,napi_array_expected,9,,ANY
101200,MEMBER,<empty>,<empty>,napi_generic_failure,3,,89,napi_generic_failure,10,,ANY
101201,MEMBER,<empty>,<empty>,napi_pending_exception,3,,90,napi_pending_exception,11,,ANY
101202,MEMBER,<empty>,<empty>,napi_cancelled,3,,91,napi_cancelled,12,,ANY
101203,MEMBER,<empty>,<empty>,napi_escape_called_twice,3,,92,napi_escape_called_twice,13,,ANY
101204,MEMBER,<empty>,<empty>,napi_handle_scope_mismatch,3,,93,napi_handle_scope_mismatch,14,,ANY
101205,MEMBER,<empty>,<empty>,napi_callback_scope_mismatch,3,,94,napi_callback_scope_mismatch,15,,ANY
101206,MEMBER,<empty>,<empty>,napi_queue_full,3,,95,napi_queue_full,16,,ANY
101207,MEMBER,<empty>,<empty>,napi_closing,3,,96,napi_closing,17,,ANY
101208,MEMBER,<empty>,<empty>,napi_bigint_expected,3,,97,napi_bigint_expected,18,,ANY
101209,MEMBER,<empty>,<empty>,napi_date_expected,3,,98,napi_date_expected,19,,ANY
101210,MEMBER,<empty>,<empty>,napi_arraybuffer_expected,3,,99,napi_arraybuffer_expected,20,,ANY
101211,MEMBER,<empty>,<empty>,napi_detachable_arraybuffer_expected,3,,100,napi_detachable_arraybuffer_expected,21,,ANY
101212,MEMBER,<empty>,<empty>,napi_would_deadlock,3,,101,napi_would_deadlock,22,,ANY
101213,MEMBER,<empty>,<empty>,napi_no_external_buffers_allowed,3,,102,napi_no_external_buffers_allowed,23,,ANY
101214,MEMBER,<empty>,<empty>,napi_cannot_run_js,3,,103,napi_cannot_run_js,24,,ANY
101230,MEMBER,<empty>,<empty>,* utf8name,13,,121,utf8name,1,,char*
101231,MEMBER,<empty>,<empty>,name,14,,122,name,2,,napi_value
101232,MEMBER,<empty>,<empty>,method,17,,124,method,3,,napi_callback
101233,MEMBER,<empty>,<empty>,getter,17,,125,getter,4,,napi_callback
101234,MEMBER,<empty>,<empty>,setter,17,,126,setter,5,,napi_callback
101235,MEMBER,<empty>,<empty>,value,14,,127,value,6,,napi_value
101236,MEMBER,<empty>,<empty>,attributes,28,,129,attributes,7,,napi_property_attributes
101237,MEMBER,<empty>,<empty>,* data,7,,130,data,8,,void*
101240,MEMBER,<empty>,<empty>,* error_message,13,,134,error_message,1,,char*
101241,MEMBER,<empty>,<empty>,* engine_reserved,7,,135,engine_reserved,2,,void*
101242,MEMBER,<empty>,<empty>,engine_error_code,12,,136,engine_error_code,3,,uint32_t
101243,MEMBER,<empty>,<empty>,error_code,15,,137,error_code,4,,napi_status
101720,MEMBER,<empty>,<empty>,* string_,13,,167,string_,4,,char*
101721,MEMBER,<empty>,<empty>,length_,16,,168,length_,5,,size_t
101744,MEMBER,<empty>,<empty>,* string_,17,,187,string_,4,,uint16_t*
101745,MEMBER,<empty>,<empty>,length_,16,,188,length_,5,,size_t
102008,MEMBER,<empty>,<empty>,scope,19,,245,scope,2,,ANY
102035,MEMBER,<empty>,<empty>,scope,28,,265,scope,4,,ANY
102036,MEMBER,<empty>,<empty>,escape_called_,8,,266,escape_called_,5,,bool
102272,MEMBER,<empty>,<empty>,KeepWrap,21,,317,KeepWrap,1,,ANY
102273,MEMBER,<empty>,<empty>,RemoveWrap,31,,317,RemoveWrap,2,,ANY
102631,MEMBER,<empty>,<empty>,env,12,,384,env,2,,napi_env
102632,MEMBER,<empty>,<empty>,* cb_data,7,,385,cb_data,3,,void*
102633,MEMBER,<empty>,<empty>,cb,17,,386,cb,4,,napi_callback
102690,MEMBER,<empty>,<empty>,_this,20,,413,_this,8,,napi_value
102691,MEMBER,<empty>,<empty>,_args_length,16,,414,_args_length,9,,size_t
102692,MEMBER,<empty>,<empty>,* _data,7,,415,_data,10,,void*
102765,MEMBER,<empty>,<empty>,& _cbinfo,44,,455,_cbinfo,3,,ANY
102766,MEMBER,<empty>,<empty>,* _bundle,17,,456,_bundle,4,,CallbackBundle*
122162,MEMBER,<empty>,<empty>,* next_ = nullptr,10,,46,next_,8,,RefList*
122163,MEMBER,<empty>,<empty>,* prev_ = nullptr,10,,47,prev_,9,,RefList*
122348,MEMBER,<empty>,<empty>,* const isolate,14,,133,isolate,13,,ANY*
122349,MEMBER,<empty>,<empty>,context_persistent,35,,134,context_persistent,14,,ANY
122350,MEMBER,<empty>,<empty>,last_exception,33,,136,last_exception,15,,ANY
122351,MEMBER,<empty>,<empty>,reflist,31,,141,reflist,16,,ANY
122352,MEMBER,<empty>,<empty>,finalizing_reflist,31,,142,finalizing_reflist,17,,ANY
122353,MEMBER,<empty>,<empty>,pending_finalizers,43,,144,pending_finalizers,18,,ANY
122354,MEMBER,<empty>,<empty>,last_error,28,,145,last_error,19,,napi_extended_error_info
122355,MEMBER,<empty>,<empty>,open_handle_scopes = 0,7,,146,open_handle_scopes,20,,int
122356,MEMBER,<empty>,<empty>,open_callback_scopes = 0,7,,147,open_callback_scopes,21,,int
122357,MEMBER,<empty>,<empty>,refs = 1,7,,148,refs,22,,int
122358,MEMBER,<empty>,<empty>,* instance_data = nullptr,7,,149,instance_data,23,,void*
122359,MEMBER,<empty>,<empty>,module_api_version = NODE_API_DEFAULT_MODULE_API_VERSION,11,,150,module_api_version,24,,int32_t
122544,MEMBER,<empty>,<empty>,env_,12,,336,env_,8,,napi_env
122545,MEMBER,<empty>,<empty>,finalize_callback_,17,,337,finalize_callback_,9,,napi_finalize
122546,MEMBER,<empty>,<empty>,* finalize_data_,7,,338,finalize_data_,10,,void*
122547,MEMBER,<empty>,<empty>,* finalize_hint_,7,,339,finalize_hint_,11,,void*
122571,MEMBER,<empty>,<empty>,_env,12,,353,_env,3,,napi_env
122573,MEMBER,<empty>,<empty>,kRuntime,3,,360,kRuntime,1,,ANY
122574,MEMBER,<empty>,<empty>,kUserland,3,,363,kUserland,2,,ANY
122626,MEMBER,<empty>,<empty>,refcount_,12,,396,refcount_,10,,uint32_t
122627,MEMBER,<empty>,<empty>,ownership_,13,,397,ownership_,11,,Ownership
122676,MEMBER,<empty>,<empty>,persistent_,33,,428,persistent_,10,,ANY
122677,MEMBER,<empty>,<empty>,can_be_weak_,8,,429,can_be_weak_,11,,bool
130753,MEMBER,<empty>,<empty>,kNoFlags = 0,3,,235,kNoFlags,1,,uint32_t
130754,MEMBER,<empty>,<empty>,kEnableStdioInheritance = 1 << 0,3,,238,kEnableStdioInheritance,2,,uint32_t
130755,MEMBER,<empty>,<empty>,kDisableNodeOptionsEnv = 1 << 1,3,,240,kDisableNodeOptionsEnv,3,,uint32_t
130756,MEMBER,<empty>,<empty>,kDisableCLIOptions = 1 << 2,3,,242,kDisableCLIOptions,4,,uint32_t
130757,MEMBER,<empty>,<empty>,kNoICU = 1 << 3,3,,244,kNoICU,5,,uint32_t
130758,MEMBER,<empty>,<empty>,kNoStdioInitialization = 1 << 4,3,,246,kNoStdioInitialization,6,,uint32_t
130759,MEMBER,<empty>,<empty>,kNoDefaultSignalHandling = 1 << 5,3,,249,kNoDefaultSignalHandling,7,,uint32_t
130760,MEMBER,<empty>,<empty>,kNoInitializeV8 = 1 << 6,3,,251,kNoInitializeV8,8,,uint32_t
130761,MEMBER,<empty>,<empty>,kNoInitializeNodeV8Platform = 1 << 7,3,,253,kNoInitializeNodeV8Platform,9,,uint32_t
130762,MEMBER,<empty>,<empty>,kNoInitOpenSSL = 1 << 8,3,,255,kNoInitOpenSSL,10,,uint32_t
130763,MEMBER,<empty>,<empty>,kNoParseGlobalDebugVariables = 1 << 9,3,,257,kNoParseGlobalDebugVariables,11,,uint32_t
130764,MEMBER,<empty>,<empty>,kNoAdjustResourceLimits = 1 << 10,3,,259,kNoAdjustResourceLimits,12,,uint32_t
130765,MEMBER,<empty>,<empty>,kNoUseLargePages = 1 << 11,3,,261,kNoUseLargePages,13,,uint32_t
130766,MEMBER,<empty>,<empty>,kNoPrintHelpOrVersionOutput = 1 << 12,3,,263,kNoPrintHelpOrVersionOutput,14,,uint32_t
130767,MEMBER,<empty>,<empty>,"kLegacyInitializeNodeWithArgsBehavior =
      kNoStdioInitialization | kNoDefaultSignalHandling | kNoInitializeV8 |
      kNoInitializeNodeV8Platform | kNoInitOpenSSL |
      kNoParseGlobalDebugVariables | kNoAdjustResourceLimits |
      kNoUseLargePages | kNoPrintHelpOrVersionOutput",3,,268,kLegacyInitializeNodeWithArgsBehavior,15,,uint32_t
130862,MEMBER,<empty>,<empty>,kNoFlags = 0,3,,279,kNoFlags,1,,uint32_t
130863,MEMBER,<empty>,<empty>,kDoNotTerminateIsolate = 1 << 0,3,,282,kDoNotTerminateIsolate,2,,uint32_t
130967,MEMBER,<empty>,<empty>,kAllowedInEnvvar = 0,3,,366,kAllowedInEnvvar,1,,ANY
130968,MEMBER,<empty>,<empty>,kDisallowedInEnvvar = 1,3,,369,kDisallowedInEnvvar,2,,ANY
130969,MEMBER,<empty>,<empty>,kAllowedInEnvironment = kAllowedInEnvvar,3,,371,kAllowedInEnvironment,3,,ANY
130970,MEMBER,<empty>,<empty>,kDisallowedInEnvironment = kDisallowedInEnvvar,3,,373,kDisallowedInEnvironment,4,,ANY
131072,MEMBER,<empty>,<empty>,MESSAGE_LISTENER_WITH_ERROR_LEVEL = 1 << 0,3,,463,MESSAGE_LISTENER_WITH_ERROR_LEVEL,1,,ANY
131073,MEMBER,<empty>,<empty>,DETAILED_SOURCE_POSITIONS_FOR_PROFILING = 1 << 1,3,,464,DETAILED_SOURCE_POSITIONS_FOR_PROFILING,2,,ANY
131074,MEMBER,<empty>,<empty>,SHOULD_NOT_SET_PROMISE_REJECTION_CALLBACK = 1 << 2,3,,465,SHOULD_NOT_SET_PROMISE_REJECTION_CALLBACK,3,,ANY
131075,MEMBER,<empty>,<empty>,SHOULD_NOT_SET_PREPARE_STACK_TRACE_CALLBACK = 1 << 3,3,,466,SHOULD_NOT_SET_PREPARE_STACK_TRACE_CALLBACK,4,,ANY
131076,MEMBER,<empty>,<empty>,ALLOW_MODIFY_CODE_GENERATION_FROM_STRINGS_CALLBACK = 0,3,,467,ALLOW_MODIFY_CODE_GENERATION_FROM_STRINGS_CALLBACK,5,,ANY
131105,MEMBER,<empty>,<empty>,"flags = MESSAGE_LISTENER_WITH_ERROR_LEVEL |
      DETAILED_SOURCE_POSITIONS_FOR_PROFILING",12,,471,flags,1,,uint64_t
131106,MEMBER,<empty>,<empty>,policy = v8::MicrotasksPolicy::kExplicit,24,,473,policy,2,,ANY
131107,MEMBER,<empty>,<empty>,should_abort_on_uncaught_exception_callback = nullptr,7,,477,should_abort_on_uncaught_exception_callback,3,,ANY
131108,MEMBER,<empty>,<empty>,fatal_error_callback = nullptr,26,,478,fatal_error_callback,4,,ANY
131109,MEMBER,<empty>,<empty>,prepare_stack_trace_callback = nullptr,33,,479,prepare_stack_trace_callback,5,,ANY
131110,MEMBER,<empty>,<empty>,promise_reject_callback = nullptr,29,,482,promise_reject_callback,6,,ANY
131111,MEMBER,<empty>,<empty>,allow_wasm_code_generation_callback = nullptr,7,,484,allow_wasm_code_generation_callback,7,,ANY
131112,MEMBER,<empty>,<empty>,modify_code_generation_from_strings_callback = nullptr,7,,486,modify_code_generation_from_strings_callback,8,,ANY
131208,MEMBER,<empty>,<empty>,* impl_,21,,553,impl_,14,,SnapshotData*
131209,MEMBER,<empty>,<empty>,owns_impl_,8,,554,owns_impl_,15,,bool
131267,MEMBER,<empty>,<empty>,id = static_cast<uint64_t>(-1),12,,607,id,1,,uint64_t
131284,MEMBER,<empty>,<empty>,kNoFlags = 0,3,,613,kNoFlags,1,,uint64_t
131285,MEMBER,<empty>,<empty>,kDefaultFlags = 1 << 0,3,,615,kDefaultFlags,2,,uint64_t
131286,MEMBER,<empty>,<empty>,kOwnsProcessState = 1 << 1,3,,619,kOwnsProcessState,3,,uint64_t
131287,MEMBER,<empty>,<empty>,kOwnsInspector = 1 << 2,3,,623,kOwnsInspector,4,,uint64_t
131288,MEMBER,<empty>,<empty>,kNoRegisterESMLoader = 1 << 3,3,,627,kNoRegisterESMLoader,5,,uint64_t
131289,MEMBER,<empty>,<empty>,kTrackUnmanagedFds = 1 << 4,3,,630,kTrackUnmanagedFds,6,,uint64_t
131290,MEMBER,<empty>,<empty>,kHideConsoleWindows = 1 << 5,3,,634,kHideConsoleWindows,7,,uint64_t
131291,MEMBER,<empty>,<empty>,kNoNativeAddons = 1 << 6,3,,640,kNoNativeAddons,8,,uint64_t
131292,MEMBER,<empty>,<empty>,kNoGlobalSearchPaths = 1 << 7,3,,645,kNoGlobalSearchPaths,9,,uint64_t
131293,MEMBER,<empty>,<empty>,kNoBrowserGlobals = 1 << 8,3,,647,kNoBrowserGlobals,10,,uint64_t
131294,MEMBER,<empty>,<empty>,kNoCreateInspector = 1 << 9,3,,652,kNoCreateInspector,11,,uint64_t
131384,MEMBER,<empty>,<empty>,process_object,25,,693,process_object,1,,ANY
131385,MEMBER,<empty>,<empty>,native_require,27,,694,native_require,2,,ANY
131386,MEMBER,<empty>,<empty>,run_cjs,27,,695,run_cjs,3,,ANY
131601,MEMBER,<empty>,<empty>,* event_loop() const,19,,870,event_loop,7,,uv_loop_s*
131647,MEMBER,<empty>,<empty>,kNoFlags = 0,5,,886,kNoFlags,1,,uint32_t
131648,MEMBER,<empty>,<empty>,kIsForSnapshotting = 1,5,,887,kIsForSnapshotting,2,,uint32_t
131660,MEMBER,<empty>,<empty>,* impl_,7,,891,impl_,20,,Impl*
132072,MEMBER,<empty>,<empty>,ASCII,3,,1050,ASCII,1,,ANY
132073,MEMBER,<empty>,<empty>,UTF8,3,,1051,UTF8,2,,ANY
132074,MEMBER,<empty>,<empty>,BASE64,3,,1052,BASE64,3,,ANY
132075,MEMBER,<empty>,<empty>,UCS2,3,,1053,UCS2,4,,ANY
132076,MEMBER,<empty>,<empty>,BINARY,3,,1054,BINARY,5,,ANY
132077,MEMBER,<empty>,<empty>,HEX,3,,1055,HEX,6,,ANY
132078,MEMBER,<empty>,<empty>,BUFFER,3,,1056,BUFFER,7,,ANY
132079,MEMBER,<empty>,<empty>,BASE64URL,3,,1057,BASE64URL,8,,ANY
132080,MEMBER,<empty>,<empty>,LATIN1 = BINARY,3,,1058,LATIN1,9,,ANY
132148,MEMBER,<empty>,<empty>,kLinked = 0x02,3,,1114,kLinked,1,,ANY
132157,MEMBER,<empty>,<empty>,nm_version,7,,1118,nm_version,1,,int
132158,MEMBER,<empty>,<empty>,nm_flags,16,,1119,nm_flags,2,,unsigned int
132159,MEMBER,<empty>,<empty>,* nm_dso_handle,7,,1120,nm_dso_handle,3,,void*
132160,MEMBER,<empty>,<empty>,* nm_filename,13,,1121,nm_filename,4,,char*
132161,MEMBER,<empty>,<empty>,nm_register_func,29,,1122,nm_register_func,5,,ANY
132162,MEMBER,<empty>,<empty>,nm_context_register_func,37,,1123,nm_context_register_func,6,,ANY
132163,MEMBER,<empty>,<empty>,* nm_modname,13,,1124,nm_modname,7,,char*
132164,MEMBER,<empty>,<empty>,* nm_priv,7,,1125,nm_priv,8,,void*
132166,MEMBER,<empty>,<empty>,* nm_link,21,,1126,nm_link,10,,node_module*
132209,MEMBER,<empty>,<empty>,async_id,20,,1269,async_id,1,,ANY
132210,MEMBER,<empty>,<empty>,trigger_async_id,20,,1270,trigger_async_id,2,,ANY
132353,MEMBER,<empty>,<empty>,* private_,24,,1392,private_,8,,InternalCallbackScope*
132354,MEMBER,<empty>,<empty>,try_catch_,16,,1393,try_catch_,9,,ANY
132430,MEMBER,<empty>,<empty>,* env_,14,,1469,env_,11,,Environment*
132431,MEMBER,<empty>,<empty>,resource_,26,,1470,resource_,12,,ANY
132432,MEMBER,<empty>,<empty>,async_context_,17,,1471,async_context_,13,,async_context
133711,MEMBER,<empty>,<empty>,kDispatchIdle = 0,30,,500,kDispatchIdle,19,,unsigned char
133712,MEMBER,<empty>,<empty>,kDispatchRunning = 1 << 0,30,,501,kDispatchRunning,20,,unsigned char
133713,MEMBER,<empty>,<empty>,kDispatchPending = 1 << 1,30,,502,kDispatchPending,21,,unsigned char
133714,MEMBER,<empty>,<empty>,kMaxIterationCount = 1000,29,,504,kMaxIterationCount,22,,unsigned int
133715,MEMBER,<empty>,<empty>,mutex,15,,507,mutex,23,,ANY
133716,MEMBER,<empty>,<empty>,cond,44,,508,cond,24,,ANY
133717,MEMBER,<empty>,<empty>,queue,21,,509,queue,25,,ANY
133718,MEMBER,<empty>,<empty>,async,14,,510,async,26,,uv_async_t
133719,MEMBER,<empty>,<empty>,thread_count,10,,511,thread_count,27,,size_t
133720,MEMBER,<empty>,<empty>,is_closing,8,,512,is_closing,28,,bool
133721,MEMBER,<empty>,<empty>,dispatch_state,21,,513,dispatch_state,29,,ANY
133722,MEMBER,<empty>,<empty>,* context,7,,517,context,30,,void*
133723,MEMBER,<empty>,<empty>,max_queue_size,10,,518,max_queue_size,31,,size_t
133724,MEMBER,<empty>,<empty>,ref,36,,521,ref,32,,ANY
133725,MEMBER,<empty>,<empty>,env,17,,522,env,33,,node_napi_env
133726,MEMBER,<empty>,<empty>,* finalize_data,7,,523,finalize_data,34,,void*
133727,MEMBER,<empty>,<empty>,finalize_cb,17,,524,finalize_cb,35,,napi_finalize
133728,MEMBER,<empty>,<empty>,call_js_cb,36,,525,call_js_cb,36,,napi_threadsafe_function_call_js
133729,MEMBER,<empty>,<empty>,handles_closing,8,,526,handles_closing,37,,bool
133979,MEMBER,<empty>,<empty>,env_,17,,627,env_,12,,node_napi_env
133980,MEMBER,<empty>,<empty>,async_id_,10,,628,async_id_,13,,double
133981,MEMBER,<empty>,<empty>,trigger_async_id_,10,,629,trigger_async_id_,14,,double
133982,MEMBER,<empty>,<empty>,resource_,26,,630,resource_,15,,ANY
133983,MEMBER,<empty>,<empty>,lost_reference_,8,,631,lost_reference_,16,,bool
134424,MEMBER,<empty>,<empty>,handle_,32,,812,handle_,4,,ANY
134425,MEMBER,<empty>,<empty>,env_ = nullptr,12,,813,env_,5,,napi_env
134426,MEMBER,<empty>,<empty>,user_hook_ = nullptr,27,,814,user_hook_,6,,napi_async_cleanup_hook
134427,MEMBER,<empty>,<empty>,* user_data_ = nullptr,7,,815,user_data_,7,,void*
134433,MEMBER,<empty>,<empty>,* done_data_ = nullptr,7,,817,done_data_,9,,void*
136309,MEMBER,<empty>,<empty>,_env,17,,1204,_env,7,,node_napi_env
136310,MEMBER,<empty>,<empty>,* _data,7,,1205,_data,8,,void*
136311,MEMBER,<empty>,<empty>,_execute,31,,1206,_execute,9,,napi_async_execute_callback
136312,MEMBER,<empty>,<empty>,_complete,32,,1207,_complete,10,,napi_async_complete_callback
137363,MEMBER,<empty>,<empty>,nm_version,7,,37,nm_version,1,,int
137364,MEMBER,<empty>,<empty>,nm_flags,16,,38,nm_flags,2,,unsigned int
137365,MEMBER,<empty>,<empty>,* nm_filename,13,,39,nm_filename,3,,char*
137366,MEMBER,<empty>,<empty>,nm_register_func,28,,40,nm_register_func,4,,napi_addon_register_func
137367,MEMBER,<empty>,<empty>,* nm_modname,13,,41,nm_modname,5,,char*
137368,MEMBER,<empty>,<empty>,* nm_priv,7,,42,nm_priv,6,,void*
137369,MEMBER,<empty>,<empty>,* reserved[4],7,,43,reserved,7,,void*[4]
137681,MEMBER,<empty>,<empty>,filename,15,,35,filename,12,,ANY
137682,MEMBER,<empty>,<empty>,destructing = false,8,,36,destructing,13,,bool
137683,MEMBER,<empty>,<empty>,finalization_scheduled = false,8,,37,finalization_scheduled,14,,bool
137722,MEMBER,<empty>,<empty>,major,12,,40,major,1,,uint32_t
137723,MEMBER,<empty>,<empty>,minor,12,,41,minor,2,,uint32_t
137724,MEMBER,<empty>,<empty>,patch,12,,42,patch,3,,uint32_t
137725,MEMBER,<empty>,<empty>,* release,13,,43,release,4,,char*
138451,MEMBER,<empty>,<empty>,mutex_,9,,316,mutex_,4,,Mutex
138453,MEMBER,<empty>,<empty>,refcount,18,,318,refcount,1,,unsigned int
138454,MEMBER,<empty>,<empty>,wants_delete_module,10,,319,wants_delete_module,2,,bool
138455,MEMBER,<empty>,<empty>,* module,16,,320,module,3,,node_module*
138456,MEMBER,<empty>,<empty>,map_,36,,322,map_,6,,ANY
141799,MEMBER,<empty>,<empty>,STATUS_EOS = 0,3,,14,STATUS_EOS,1,,int
141800,MEMBER,<empty>,<empty>,STATUS_CONTINUE = 1,3,,18,STATUS_CONTINUE,2,,int
141801,MEMBER,<empty>,<empty>,STATUS_BLOCK = 2,3,,24,STATUS_BLOCK,3,,int
141802,MEMBER,<empty>,<empty>,STATUS_WAIT = 3,3,,30,STATUS_WAIT,4,,int
141820,MEMBER,<empty>,<empty>,OPTIONS_NONE = 0,3,,34,OPTIONS_NONE,1,,int
141821,MEMBER,<empty>,<empty>,OPTIONS_END = 1,3,,38,OPTIONS_END,2,,int
141822,MEMBER,<empty>,<empty>,OPTIONS_SYNC = 2,3,,46,OPTIONS_SYNC,3,,int
141877,MEMBER,<empty>,<empty>,eos_ = false,8,,101,eos_,4,,bool
142015,MEMBER,<empty>,<empty>,persistent_,23,,102,persistent_,8,,Global<ArrayBuffer>
142016,MEMBER,<empty>,<empty>,mutex_,9,,103,mutex_,9,,Mutex
142017,MEMBER,<empty>,<empty>,callback_,16,,104,callback_,10,,FreeCallback
142018,MEMBER,<empty>,<empty>,* const data_,7,,105,data_,11,,char*
142019,MEMBER,<empty>,<empty>,* const hint_,7,,106,hint_,12,,void*
142020,MEMBER,<empty>,<empty>,* const env_,14,,107,env_,13,,Environment*
158450,MEMBER,<empty>,<empty>,mutex_,17,,64,mutex_,11,,Mutex
158451,MEMBER,<empty>,<empty>,map_,48,,65,map_,12,,ANY
161172,MEMBER,<empty>,<empty>,kEnhance,36,,352,kEnhance,1,,ANY
161173,MEMBER,<empty>,<empty>,kDontEnhance,46,,352,kDontEnhance,2,,ANY
199943,MEMBER,<empty>,<empty>,(http_parser_binding_data),17,,98,,2,,SET_BINDING_ID
199945,MEMBER,<empty>,<empty>,parser_buffer,21,,100,parser_buffer,4,,ANY
199946,MEMBER,<empty>,<empty>,parser_buffer_in_use = false,8,,101,parser_buffer_in_use,5,,bool
199958,MEMBER,<empty>,<empty>,(BindingData),16,,106,,7,,SET_SELF_SIZE
199960,MEMBER,<empty>,<empty>,(BindingData),23,,107,,9,,SET_MEMORY_INFO_NAME
200135,MEMBER,<empty>,<empty>,* str_,13,,185,str_,8,,char*
200136,MEMBER,<empty>,<empty>,on_heap_,8,,186,on_heap_,9,,bool
200137,MEMBER,<empty>,<empty>,size_,10,,187,size_,10,,size_t
200213,MEMBER,<empty>,<empty>,all_connections_,41,,234,all_connections_,11,,ANY
200214,MEMBER,<empty>,<empty>,active_connections_,41,,235,active_connections_,12,,ANY
201639,MEMBER,<empty>,<empty>,kAllocBufferSize = 64 * 1024,23,,739,kAllocBufferSize,28,,size_t
202336,MEMBER,<empty>,<empty>,parser_,12,,975,parser_,38,,llhttp_t
202337,MEMBER,<empty>,<empty>,fields_[kMaxHeaderFieldsCount],13,,976,fields_,39,,ANY
202338,MEMBER,<empty>,<empty>,values_[kMaxHeaderFieldsCount],13,,977,values_,40,,ANY
202339,MEMBER,<empty>,<empty>,url_,13,,978,url_,41,,StringPtr
202340,MEMBER,<empty>,<empty>,status_message_,13,,979,status_message_,42,,StringPtr
202341,MEMBER,<empty>,<empty>,num_fields_,10,,980,num_fields_,43,,size_t
202342,MEMBER,<empty>,<empty>,num_values_,10,,981,num_values_,44,,size_t
202343,MEMBER,<empty>,<empty>,have_flushed_,8,,982,have_flushed_,45,,bool
202344,MEMBER,<empty>,<empty>,got_exception_,8,,983,got_exception_,46,,bool
202345,MEMBER,<empty>,<empty>,current_buffer_len_,10,,984,current_buffer_len_,47,,size_t
202346,MEMBER,<empty>,<empty>,* current_buffer_data_,13,,985,current_buffer_data_,48,,char*
202347,MEMBER,<empty>,<empty>,headers_completed_ = false,8,,986,headers_completed_,49,,bool
202348,MEMBER,<empty>,<empty>,pending_pause_ = false,8,,987,pending_pause_,50,,bool
202349,MEMBER,<empty>,<empty>,header_nread_ = 0,12,,988,header_nread_,51,,uint64_t
202350,MEMBER,<empty>,<empty>,max_http_header_size_,12,,989,max_http_header_size_,52,,uint64_t
202351,MEMBER,<empty>,<empty>,last_message_start_,12,,990,last_message_start_,53,,uint64_t
202352,MEMBER,<empty>,<empty>,* connectionsList_,18,,991,connectionsList_,54,,ConnectionsList*
202353,MEMBER,<empty>,<empty>,binding_data_,30,,993,binding_data_,55,,BaseObjectPtr<BindingData>
202408,MEMBER,<empty>,<empty>,settings,34,,1013,settings,60,,llhttp_settings_t
204376,MEMBER,<empty>,<empty>,* deserializer = nullptr,20,,139,deserializer,6,,ValueDeserializer*
204377,MEMBER,<empty>,<empty>,& host_objects_,47,,142,host_objects_,7,,ANY
204378,MEMBER,<empty>,<empty>,& shared_array_buffers_,46,,143,shared_array_buffers_,8,,ANY
204379,MEMBER,<empty>,<empty>,& wasm_modules_,40,,144,wasm_modules_,9,,ANY
204380,MEMBER,<empty>,<empty>,& shared_value_conveyor_,43,,145,shared_value_conveyor_,10,,ANY
205366,MEMBER,<empty>,<empty>,* serializer = nullptr,18,,414,serializer,10,,ValueSerializer*
205473,MEMBER,<empty>,<empty>,* env_,14,,445,env_,12,,Environment*
205474,MEMBER,<empty>,<empty>,context_,18,,446,context_,13,,Local<Context>
205475,MEMBER,<empty>,<empty>,* msg_,10,,447,msg_,14,,Message*
205476,MEMBER,<empty>,<empty>,seen_shared_array_buffers_,42,,448,seen_shared_array_buffers_,15,,ANY
205477,MEMBER,<empty>,<empty>,host_objects_,42,,449,host_objects_,16,,ANY
205478,MEMBER,<empty>,<empty>,first_cloned_object_index_ = SIZE_MAX,10,,450,first_cloned_object_index_,17,,size_t
209948,MEMBER,<empty>,<empty>,refs_,7,,115,refs_,11,,int
209975,MEMBER,<empty>,<empty>,handle_,30,,127,handle_,13,,ANY
217436,MEMBER,<empty>,<empty>,* task_queue,18,,20,task_queue,1,,TaskQueue<Task>*
217437,MEMBER,<empty>,<empty>,* platform_workers_mutex,8,,21,platform_workers_mutex,2,,Mutex*
217438,MEMBER,<empty>,<empty>,* platform_workers_ready,20,,22,platform_workers_ready,3,,ConditionVariable*
217439,MEMBER,<empty>,<empty>,* pending_platform_workers,6,,23,pending_platform_workers,4,,int*
217440,MEMBER,<empty>,<empty>,id,7,,24,id,5,,int
217732,MEMBER,<empty>,<empty>,* scheduler_,26,,121,scheduler_,3,,DelayedTaskScheduler*
217800,MEMBER,<empty>,<empty>,* scheduler_,25,,143,scheduler_,3,,DelayedTaskScheduler*
217801,MEMBER,<empty>,<empty>,task_,27,,144,task_,4,,ANY
217802,MEMBER,<empty>,<empty>,delay_in_seconds_,12,,145,delay_in_seconds_,5,,double
217861,MEMBER,<empty>,<empty>,ready_,12,,164,ready_,11,,uv_sem_t
217862,MEMBER,<empty>,<empty>,* pending_worker_tasks_,18,,165,pending_worker_tasks_,12,,TaskQueue<Task>*
217863,MEMBER,<empty>,<empty>,tasks_,19,,167,tasks_,13,,TaskQueue<Task>
217864,MEMBER,<empty>,<empty>,loop_,13,,168,loop_,14,,uv_loop_t
217865,MEMBER,<empty>,<empty>,flush_tasks_,14,,169,flush_tasks_,15,,uv_async_t
217866,MEMBER,<empty>,<empty>,timers_,35,,170,timers_,16,,ANY
229153,MEMBER,<empty>,<empty>,main_path,15,,183,main_path,1,,ANY
229154,MEMBER,<empty>,<empty>,output_path,15,,184,output_path,2,,ANY
229155,MEMBER,<empty>,<empty>,flags = SeaFlags::kDefault,12,,185,flags,3,,SeaFlags
229658,MEMBER,<empty>,<empty>,length_,16,,93,length_,14,,size_t
229659,MEMBER,<empty>,<empty>,deserializer_,21,,95,deserializer_,15,,ValueDeserializer
240356,MEMBER,<empty>,<empty>,(NodeCategorySet),23,,47,,8,,SET_MEMORY_INFO_NAME
240358,MEMBER,<empty>,<empty>,(NodeCategorySet),16,,48,,10,,SET_SELF_SIZE
240368,MEMBER,<empty>,<empty>,enabled_ = false,8,,58,enabled_,13,,bool
240369,MEMBER,<empty>,<empty>,categories_,31,,59,categories_,14,,ANY
254991,MEMBER,<empty>,<empty>,* const w_,9,,246,w_,4,,Worker*
254992,MEMBER,<empty>,<empty>,loop_,13,,247,loop_,5,,uv_loop_t
254993,MEMBER,<empty>,<empty>,loop_init_failed_ = true,8,,248,loop_init_failed_,6,,bool
254994,MEMBER,<empty>,<empty>,isolate_data_,45,,249,isolate_data_,7,,"DeleteFnPtr<IsolateData,FreeIsolateData>"
254995,MEMBER,<empty>,<empty>,* snapshot_data_ = nullptr,21,,250,snapshot_data_,8,,SnapshotData*
258182,MEMBER,<empty>,<empty>,NONE,3,,98,NONE,1,,ANY
258183,MEMBER,<empty>,<empty>,DEFLATE,3,,99,DEFLATE,2,,ANY
258184,MEMBER,<empty>,<empty>,INFLATE,3,,100,INFLATE,3,,ANY
258185,MEMBER,<empty>,<empty>,GZIP,3,,101,GZIP,4,,ANY
258186,MEMBER,<empty>,<empty>,GUNZIP,3,,102,GUNZIP,5,,ANY
258187,MEMBER,<empty>,<empty>,DEFLATERAW,3,,103,DEFLATERAW,6,,ANY
258188,MEMBER,<empty>,<empty>,INFLATERAW,3,,104,INFLATERAW,7,,ANY
258189,MEMBER,<empty>,<empty>,UNZIP,3,,105,UNZIP,8,,ANY
258190,MEMBER,<empty>,<empty>,BROTLI_DECODE,3,,106,BROTLI_DECODE,9,,ANY
258191,MEMBER,<empty>,<empty>,BROTLI_ENCODE,3,,107,BROTLI_ENCODE,10,,ANY
258214,MEMBER,<empty>,<empty>,* message = nullptr,13,,123,message,3,,char*
258215,MEMBER,<empty>,<empty>,* code = nullptr,13,,124,code,4,,char*
258216,MEMBER,<empty>,<empty>,err = 0,7,,125,err,5,,int
258308,MEMBER,<empty>,<empty>,(ZlibContext),23,,150,,13,,SET_MEMORY_INFO_NAME
258310,MEMBER,<empty>,<empty>,(ZlibContext),16,,151,,15,,SET_SELF_SIZE
258346,MEMBER,<empty>,<empty>,mutex_,9,,165,mutex_,23,,Mutex
258347,MEMBER,<empty>,<empty>,zlib_init_done_ = false,8,,166,zlib_init_done_,24,,bool
258348,MEMBER,<empty>,<empty>,err_ = 0,7,,167,err_,25,,int
258349,MEMBER,<empty>,<empty>,flush_ = 0,7,,168,flush_,26,,int
258350,MEMBER,<empty>,<empty>,level_ = 0,7,,169,level_,27,,int
258351,MEMBER,<empty>,<empty>,mem_level_ = 0,7,,170,mem_level_,28,,int
258352,MEMBER,<empty>,<empty>,mode_ = NONE,18,,171,mode_,29,,node_zlib_mode
258353,MEMBER,<empty>,<empty>,strategy_ = 0,7,,172,strategy_,30,,int
258354,MEMBER,<empty>,<empty>,window_bits_ = 0,7,,173,window_bits_,31,,int
258355,MEMBER,<empty>,<empty>,gzip_id_bytes_read_ = 0,16,,174,gzip_id_bytes_read_,32,,unsigned int
258356,MEMBER,<empty>,<empty>,dictionary_,30,,175,dictionary_,33,,ANY
258357,MEMBER,<empty>,<empty>,strm_,12,,177,strm_,34,,z_stream
258431,MEMBER,<empty>,<empty>,mode_ = NONE,18,,195,mode_,8,,node_zlib_mode
258432,MEMBER,<empty>,<empty>,* next_in_ = nullptr,16,,196,next_in_,9,,uint8_t*
258433,MEMBER,<empty>,<empty>,* next_out_ = nullptr,10,,197,next_out_,10,,uint8_t*
258434,MEMBER,<empty>,<empty>,avail_in_ = 0,10,,198,avail_in_,11,,size_t
258435,MEMBER,<empty>,<empty>,avail_out_ = 0,10,,199,avail_out_,12,,size_t
258436,MEMBER,<empty>,<empty>,flush_ = BROTLI_OPERATION_PROCESS,26,,200,flush_,13,,BrotliEncoderOperation
258437,MEMBER,<empty>,<empty>,alloc_ = nullptr,21,,204,alloc_,14,,brotli_alloc_func
258438,MEMBER,<empty>,<empty>,free_ = nullptr,20,,205,free_,15,,brotli_free_func
258439,MEMBER,<empty>,<empty>,* alloc_opaque_ = nullptr,7,,206,alloc_opaque_,16,,void*
258501,MEMBER,<empty>,<empty>,(BrotliEncoderContext),23,,220,,7,,SET_MEMORY_INFO_NAME
258503,MEMBER,<empty>,<empty>,(BrotliEncoderContext),16,,221,,9,,SET_SELF_SIZE
258506,MEMBER,<empty>,<empty>,state_,65,,226,state_,12,,"DeleteFnPtr<BrotliEncoderState,BrotliEncoderDestroyInstance>"
258537,MEMBER,<empty>,<empty>,(BrotliDecoderContext),23,,240,,7,,SET_MEMORY_INFO_NAME
258539,MEMBER,<empty>,<empty>,(BrotliDecoderContext),16,,241,,9,,SET_SELF_SIZE
258542,MEMBER,<empty>,<empty>,error_ = BROTLI_DECODER_NO_ERROR,26,,246,error_,12,,BrotliDecoderErrorCode
258543,MEMBER,<empty>,<empty>,error_string_,15,,247,error_string_,13,,ANY
258544,MEMBER,<empty>,<empty>,state_,65,,248,state_,14,,"DeleteFnPtr<BrotliDecoderState,BrotliDecoderDestroyInstance>"
258553,MEMBER,<empty>,<empty>,kCompressionStreamBaseField = AsyncWrap::kInternalFieldCount,5,,255,kCompressionStreamBaseField,1,,ANY
258554,MEMBER,<empty>,<empty>,kWriteJSCallback,5,,256,kWriteJSCallback,2,,ANY
258555,MEMBER,<empty>,<empty>,kInternalFieldCount,5,,257,kInternalFieldCount,3,,ANY
259425,MEMBER,<empty>,<empty>,* stream,22,,526,stream,3,,CompressionStream*
259451,MEMBER,<empty>,<empty>,init_done_ = false,8,,543,init_done_,24,,bool
259452,MEMBER,<empty>,<empty>,write_in_progress_ = false,8,,544,write_in_progress_,25,,bool
259453,MEMBER,<empty>,<empty>,pending_close_ = false,8,,545,pending_close_,26,,bool
259454,MEMBER,<empty>,<empty>,closed_ = false,8,,546,closed_,27,,bool
259455,MEMBER,<empty>,<empty>,refs_ = 0,16,,547,refs_,28,,unsigned int
259456,MEMBER,<empty>,<empty>,* write_result_ = nullptr,11,,548,write_result_,29,,uint32_t*
259457,MEMBER,<empty>,<empty>,unreported_allocations_{0},24,,549,unreported_allocations_,30,,ANY
259458,MEMBER,<empty>,<empty>,zlib_memory_ = 0,10,,550,zlib_memory_,31,,size_t
259459,MEMBER,<empty>,<empty>,ctx_,22,,552,ctx_,32,,CompressionContext
259885,MEMBER,<empty>,<empty>,(ZlibStream),23,,648,,5,,SET_MEMORY_INFO_NAME
259887,MEMBER,<empty>,<empty>,(ZlibStream),16,,649,,7,,SET_SELF_SIZE
260166,MEMBER,<empty>,<empty>,(BrotliCompressionStream),23,,725,,7,,SET_MEMORY_INFO_NAME
260168,MEMBER,<empty>,<empty>,(BrotliCompressionStream),16,,726,,9,,SET_SELF_SIZE
275977,MEMBER,<empty>,<empty>,process_,16,,320,process_,9,,uv_process_t
277060,MEMBER,<empty>,<empty>,handle_,15,,156,handle_,8,,uv_signal_t
277061,MEMBER,<empty>,<empty>,active_ = false,8,,157,active_,9,,bool
286261,MEMBER,<empty>,<empty>,* isolate_,10,,141,isolate_,11,,Isolate*
286262,MEMBER,<empty>,<empty>,* data_,17,,142,data_,12,,TypeName*
286263,MEMBER,<empty>,<empty>,length_,10,,143,length_,13,,size_t
293125,MEMBER,<empty>,<empty>,* controller_,20,,32,controller_,3,,TracingController*
293126,MEMBER,<empty>,<empty>,* agent_,8,,33,agent_,4,,Agent*
293916,MEMBER,<empty>,<empty>,* agent_ = nullptr,8,,78,agent_,15,,Agent*
293917,MEMBER,<empty>,<empty>,id_ = 0,7,,79,id_,16,,int
293954,MEMBER,<empty>,<empty>,kUseDefaultCategories,5,,96,kUseDefaultCategories,1,,ANY
293955,MEMBER,<empty>,<empty>,kIgnoreDefaultCategories,5,,97,kIgnoreDefaultCategories,2,,ANY
294020,MEMBER,<empty>,<empty>,thread_,15,,133,thread_,19,,uv_thread_t
294021,MEMBER,<empty>,<empty>,tracing_loop_,13,,134,tracing_loop_,20,,uv_loop_t
294022,MEMBER,<empty>,<empty>,started_ = false,8,,136,started_,21,,bool
294024,MEMBER,<empty>,<empty>,next_writer_id_ = 1,7,,140,next_writer_id_,23,,int
294026,MEMBER,<empty>,<empty>,kDefaultHandleId = -1,10,,141,kDefaultHandleId,1,,ANY
294035,MEMBER,<empty>,<empty>,categories_,55,,143,categories_,25,,ANY
294036,MEMBER,<empty>,<empty>,writers_,62,,144,writers_,26,,ANY
294037,MEMBER,<empty>,<empty>,tracing_controller_,38,,145,tracing_controller_,27,,ANY
294038,MEMBER,<empty>,<empty>,initialize_writer_mutex_,9,,149,initialize_writer_mutex_,28,,Mutex
294039,MEMBER,<empty>,<empty>,initialize_writer_condvar_,21,,150,initialize_writer_condvar_,29,,ConditionVariable
294040,MEMBER,<empty>,<empty>,initialize_writer_async_,14,,151,initialize_writer_async_,30,,uv_async_t
294041,MEMBER,<empty>,<empty>,to_be_initialized_,31,,152,to_be_initialized_,31,,ANY
294042,MEMBER,<empty>,<empty>,metadata_events_mutex_,9,,154,metadata_events_mutex_,32,,Mutex
294043,MEMBER,<empty>,<empty>,metadata_events_,43,,155,metadata_events_,33,,ANY
294887,MEMBER,<empty>,<empty>,mutex_,9,,41,mutex_,10,,Mutex
294888,MEMBER,<empty>,<empty>,flushing_,8,,42,flushing_,11,,bool
294889,MEMBER,<empty>,<empty>,max_chunks_,10,,43,max_chunks_,12,,size_t
294890,MEMBER,<empty>,<empty>,* agent_,8,,44,agent_,13,,Agent*
294891,MEMBER,<empty>,<empty>,chunks_,50,,45,chunks_,14,,ANY
294892,MEMBER,<empty>,<empty>,total_chunks_ = 0,10,,46,total_chunks_,15,,size_t
294893,MEMBER,<empty>,<empty>,current_chunk_seq_ = 1,12,,47,current_chunk_seq_,16,,uint32_t
294894,MEMBER,<empty>,<empty>,id_,12,,48,id_,17,,uint32_t
294931,MEMBER,<empty>,<empty>,kBufferChunks = 1024,23,,60,kBufferChunks,6,,size_t
294946,MEMBER,<empty>,<empty>,* tracing_loop_,12,,67,tracing_loop_,10,,uv_loop_t*
294947,MEMBER,<empty>,<empty>,flush_signal_,14,,68,flush_signal_,11,,uv_async_t
294948,MEMBER,<empty>,<empty>,exit_signal_,14,,69,exit_signal_,12,,uv_async_t
294949,MEMBER,<empty>,<empty>,exited_ = false,8,,70,exited_,13,,bool
294950,MEMBER,<empty>,<empty>,exit_mutex_,9,,72,exit_mutex_,14,,Mutex
294951,MEMBER,<empty>,<empty>,exit_cond_,21,,74,exit_cond_,15,,ConditionVariable
294952,MEMBER,<empty>,<empty>,current_buf_,37,,75,current_buf_,16,,ANY
294953,MEMBER,<empty>,<empty>,buffer1_,23,,76,buffer1_,17,,InternalTraceBuffer
294954,MEMBER,<empty>,<empty>,buffer2_,23,,77,buffer2_,18,,InternalTraceBuffer
295699,MEMBER,<empty>,<empty>,kTracesPerFile = 1 << 19,20,,26,kTracesPerFile,6,,int
295701,MEMBER,<empty>,<empty>,str,17,,30,str,1,,ANY
295702,MEMBER,<empty>,<empty>,highest_request_id,9,,31,highest_request_id,2,,int
295735,MEMBER,<empty>,<empty>,* tracing_loop_ = nullptr,12,,42,tracing_loop_,15,,uv_loop_t*
295736,MEMBER,<empty>,<empty>,flush_signal_,14,,44,flush_signal_,16,,uv_async_t
295737,MEMBER,<empty>,<empty>,exit_signal_,14,,46,exit_signal_,17,,uv_async_t
295738,MEMBER,<empty>,<empty>,stream_mutex_,9,,50,stream_mutex_,18,,Mutex
295739,MEMBER,<empty>,<empty>,request_mutex_,9,,53,request_mutex_,19,,Mutex
295740,MEMBER,<empty>,<empty>,request_cond_,21,,56,request_cond_,20,,ConditionVariable
295741,MEMBER,<empty>,<empty>,exit_cond_,21,,58,exit_cond_,21,,ConditionVariable
295742,MEMBER,<empty>,<empty>,fd_ = -1,7,,59,fd_,22,,int
295743,MEMBER,<empty>,<empty>,write_req_,11,,60,write_req_,23,,uv_fs_t
295744,MEMBER,<empty>,<empty>,write_req_queue_,28,,61,write_req_queue_,24,,ANY
295745,MEMBER,<empty>,<empty>,num_write_requests_ = 0,7,,62,num_write_requests_,25,,int
295746,MEMBER,<empty>,<empty>,highest_request_id_completed_ = 0,7,,63,highest_request_id_completed_,26,,int
295747,MEMBER,<empty>,<empty>,total_traces_ = 0,7,,64,total_traces_,27,,int
295748,MEMBER,<empty>,<empty>,file_num_ = 0,7,,65,file_num_,28,,int
295749,MEMBER,<empty>,<empty>,log_file_pattern_,15,,66,log_file_pattern_,29,,ANY
295750,MEMBER,<empty>,<empty>,stream_,22,,67,stream_,30,,ANY
295751,MEMBER,<empty>,<empty>,json_trace_writer_,32,,68,json_trace_writer_,31,,ANY
295752,MEMBER,<empty>,<empty>,exited_ = false,8,,69,exited_,32,,bool
295885,MEMBER,<empty>,<empty>,kEnabledForRecording_CategoryGroupEnabledFlags = 1 << 0,3,,25,kEnabledForRecording_CategoryGroupEnabledFlags,1,,ANY
295886,MEMBER,<empty>,<empty>,kEnabledForEventCallback_CategoryGroupEnabledFlags = 1 << 2,3,,27,kEnabledForEventCallback_CategoryGroupEnabledFlags,2,,ANY
295887,MEMBER,<empty>,<empty>,kEnabledForETWExport_CategoryGroupEnabledFlags = 1 << 3,3,,29,kEnabledForETWExport_CategoryGroupEnabledFlags,3,,ANY
295988,MEMBER,<empty>,<empty>,* scope_ = nullptr,15,,342,scope_,4,,char*
295989,MEMBER,<empty>,<empty>,raw_id_,14,,343,raw_id_,5,,uint64_t
296060,MEMBER,<empty>,<empty>,* scope_ = nullptr,15,,367,scope_,13,,char*
296061,MEMBER,<empty>,<empty>,raw_id_,14,,368,raw_id_,14,,uint64_t
296116,MEMBER,<empty>,<empty>,raw_id_,14,,387,raw_id_,10,,uint64_t
296245,MEMBER,<empty>,<empty>,* scope_ = nullptr,13,,434,scope_,18,,char*
296246,MEMBER,<empty>,<empty>,raw_id_,12,,435,raw_id_,19,,uint64_t
296255,MEMBER,<empty>,<empty>,as_bool,8,,440,as_bool,1,,bool
296256,MEMBER,<empty>,<empty>,as_uint,12,,441,as_uint,2,,uint64_t
296257,MEMBER,<empty>,<empty>,as_int,11,,442,as_int,3,,int64_t
296258,MEMBER,<empty>,<empty>,as_double,10,,443,as_double,4,,double
296259,MEMBER,<empty>,<empty>,* as_pointer,13,,444,as_pointer,5,,void*
296260,MEMBER,<empty>,<empty>,* as_string,13,,445,as_string,6,,char*
296273,MEMBER,<empty>,<empty>,* str_,13,,455,str_,3,,char*
296938,MEMBER,<empty>,<empty>,* category_group_enabled,18,,709,category_group_enabled,1,,uint8_t*
296939,MEMBER,<empty>,<empty>,* name,15,,710,name,2,,char*
296940,MEMBER,<empty>,<empty>,event_handle,14,,711,event_handle,3,,uint64_t
296941,MEMBER,<empty>,<empty>,* p_data_,7,,713,p_data_,5,,Data*
296942,MEMBER,<empty>,<empty>,data_,8,,714,data_,6,,Data
297547,MEMBER,<empty>,<empty>,data_,15,,62,data_,28,,ANY
297548,MEMBER,<empty>,<empty>,first_item_,8,,63,first_item_,29,,bool
297549,MEMBER,<empty>,<empty>,root_is_array_,8,,64,root_is_array_,30,,bool
298191,MEMBER,<empty>,<empty>,msg_size,10,,78,msg_size,3,,size_t
303059,MEMBER,<empty>,<empty>,value,7,,32,value,1,,int
303060,MEMBER,<empty>,<empty>,* name,13,,33,name,2,,char*
303061,MEMBER,<empty>,<empty>,* message,13,,34,message,3,,char*
